t,x,y,z,cmd_vx,cmd_vy
0.000,4.091,1.087,4.340,-0.682,1.336
0.160,4.091,1.087,4.303,-0.682,1.336
0.168,4.091,1.087,3.863,-0.682,1.336
0.200,4.091,1.087,3.791,-0.682,1.336
0.327,4.091,1.087,3.716,-0.682,1.336
0.334,4.090,1.089,3.280,-0.682,1.336
0.367,4.089,1.091,3.143,-0.682,1.336
0.400,4.088,1.093,3.076,-0.682,1.336
0.503,4.087,1.095,3.009,-0.682,1.336
0.535,4.073,1.123,2.634,-0.684,1.335
0.567,4.065,1.139,2.517,-0.683,1.335
0.601,4.055,1.158,2.404,-0.683,1.336
0.736,4.049,1.169,2.349,-0.683,1.336
0.767,3.998,1.270,1.988,0.219,-0.438
0.800,3.989,1.288,1.940,-0.269,0.519
0.944,3.979,1.306,1.893,-0.685,1.335
0.967,3.897,1.468,1.548,0.676,-1.339
1.000,3.887,1.488,1.509,0.498,-0.999
1.145,3.876,1.509,1.470,-0.126,0.229
1.168,3.807,1.649,1.204,0.658,-1.348
1.200,3.800,1.662,1.175,0.176,-0.415
1.349,3.794,1.675,1.148,-0.337,0.605
1.367,3.775,1.741,0.961,-0.188,-0.977
1.400,3.776,1.745,0.942,-0.608,0.174
1.545,3.777,1.747,0.923,-0.896,1.017
1.567,3.808,1.735,0.808,-1.017,1.102
1.600,3.813,1.729,0.797,-0.958,1.154
1.744,3.819,1.723,0.788,-0.903,1.198
1.767,3.855,1.658,0.741,-0.714,1.319
1.800,3.858,1.650,0.739,-0.707,1.323
1.937,3.860,1.642,0.737,-0.704,1.324
1.967,3.849,1.601,0.740,-0.342,1.460
2.000,3.844,1.600,0.742,-0.399,1.446
2.153,3.839,1.600,0.743,-0.463,1.427
2.167,3.777,1.635,0.754,1.458,0.351
2.201,3.767,1.644,0.756,1.106,1.014
2.356,3.747,1.666,0.759,-0.023,1.500
2.367,3.679,1.771,0.778,0.910,-1.193
2.400,3.671,1.788,0.781,0.960,-1.152
2.543,3.663,1.806,0.785,1.091,-0.965
2.567,3.629,1.949,0.825,0.234,-1.482
2.600,3.628,1.966,0.831,0.067,-1.498
2.747,3.629,1.981,0.836,-0.335,-1.182
2.767,3.664,2.077,0.874,-1.126,-0.991
2.800,3.671,2.085,0.878,-1.341,-0.671
2.952,3.679,2.091,0.882,-1.491,-0.168
2.967,3.746,2.102,0.915,-1.415,0.499
3.000,3.753,2.099,0.919,-1.351,0.651
3.152,3.760,2.094,0.923,-1.271,0.797
3.167,3.783,2.033,0.957,-0.546,1.397
3.200,3.782,2.024,0.961,-0.562,1.391
3.356,3.779,2.014,0.966,-0.591,1.379
3.367,3.722,1.952,0.999,0.737,1.307
3.400,3.711,1.947,1.003,0.603,1.374
3.554,3.700,1.943,1.007,0.419,1.440
3.567,3.597,1.949,1.038,1.479,0.251
3.600,3.584,1.954,1.042,1.427,0.463
3.756,3.572,1.961,1.046,1.278,0.785
3.767,3.502,2.046,1.073,1.025,-1.095
3.800,3.498,2.060,1.076,1.071,-1.050
3.949,3.494,2.074,1.079,1.193,-0.909
3.967,3.507,2.186,1.104,-0.611,-1.370
4.000,3.513,2.199,1.108,-0.846,-1.239
4.144,3.521,2.211,1.111,-1.192,-0.911
4.167,3.605,2.274,1.139,-1.477,-0.263
4.200,3.617,2.278,1.142,-1.500,-0.021
4.332,3.629,2.280,1.146,-1.477,0.262
4.334,3.653,2.281,1.154,-1.449,0.388
4.367,3.709,2.262,1.179,-1.227,0.863
4.400,3.716,2.256,1.183,-1.154,0.958
4.549,3.722,2.249,1.187,-1.083,1.038
4.567,3.728,2.190,1.219,-0.358,1.457
4.600,3.724,2.183,1.223,-0.405,1.444
4.740,3.719,2.177,1.227,-0.469,1.425
4.767,3.645,2.153,1.256,0.264,1.477
4.800,3.633,2.154,1.259,0.088,1.497
4.895,3.620,2.156,1.262,-0.115,1.496
4.900,3.567,2.176,1.273,1.212,0.884
4.934,3.541,2.192,1.279,0.899,1.200
4.967,3.515,2.213,1.284,0.209,1.485
5.000,3.502,2.225,1.287,-0.020,1.500
5.080,3.490,2.238,1.290,-0.256,1.478
5.100,3.449,2.299,1.301,0.872,-1.221
5.134,3.432,2.334,1.307,0.923,-1.182
5.167,3.419,2.372,1.313,0.437,-0.360
5.200,3.414,2.392,1.317,0.015,0.202
5.352,3.409,2.412,1.320,-0.337,0.800
5.367,3.402,2.580,1.359,-0.205,-1.486
5.400,3.404,2.599,1.365,-0.332,-1.463
5.513,3.407,2.618,1.371,-0.559,-1.392
5.534,3.434,2.715,1.408,-0.697,-1.328
5.567,3.445,2.740,1.420,-1.047,-1.074
5.600,3.450,2.751,1.426,-1.283,-0.777
5.749,3.455,2.761,1.432,-1.476,-0.268
5.767,3.487,2.801,1.476,-1.457,-0.355
5.800,3.489,2.801,1.481,-1.500,0.003
5.942,3.490,2.800,1.486,-1.453,0.371
5.967,3.463,2.763,1.517,0.052,1.499
6.000,3.455,2.755,1.520,-0.077,1.498
6.150,3.446,2.747,1.523,-0.231,1.482
6.167,3.341,2.677,1.554,0.968,1.146
6.200,3.324,2.669,1.559,0.860,1.229
6.336,3.308,2.662,1.564,0.693,1.330
6.367,3.178,2.632,1.609,1.270,0.799
6.400,3.164,2.633,1.615,1.173,0.935
6.551,3.151,2.635,1.620,1.002,1.116
6.567,3.076,2.682,1.653,1.458,-0.352
6.600,3.071,2.692,1.656,1.495,-0.128
6.708,3.065,2.713,1.661,1.014,0.794
6.734,3.070,2.777,1.671,-0.311,-1.467
6.767,3.080,2.803,1.676,-0.888,-0.912
6.800,3.086,2.817,1.678,-0.965,-0.229
6.907,3.094,2.830,1.680,-0.957,0.381
6.934,3.157,2.902,1.702,-1.330,-0.694
6.967,3.182,2.920,1.712,-1.480,-0.247
7.000,3.194,2.928,1.718,-1.499,0.040
7.115,3.207,2.936,1.723,-1.451,0.381
7.134,3.269,2.963,1.759,-1.494,-0.135
7.167,3.284,2.966,1.770,-1.486,0.208
7.200,3.290,2.966,1.776,-1.443,0.411
7.331,3.295,2.966,1.781,-1.367,0.619
7.334,3.302,2.957,1.810,-1.196,0.906
7.367,3.296,2.952,1.819,-0.985,1.131
7.400,3.291,2.949,1.823,-0.899,1.200
7.494,3.285,2.947,1.827,-0.855,1.233
7.500,3.250,2.938,1.843,1.055,1.066
7.534,3.227,2.935,1.850,0.785,1.278
7.567,3.200,2.935,1.858,0.340,1.461
7.600,3.185,2.936,1.862,0.181,1.489
7.680,3.170,2.937,1.867,-0.054,1.499
7.700,3.106,2.951,1.885,1.500,-0.015
7.734,3.074,2.963,1.894,1.472,0.286
7.767,3.043,2.979,1.903,1.276,0.789
7.800,3.028,2.989,1.908,0.980,1.136
7.886,3.013,2.999,1.913,0.569,1.388
7.900,2.963,3.048,1.931,1.252,-0.825
7.934,2.943,3.076,1.939,1.368,-0.615
7.967,2.927,3.105,1.948,0.958,0.080
8.000,2.920,3.121,1.952,0.518,0.555
8.150,2.915,3.136,1.956,0.154,0.935
8.167,2.910,3.259,1.991,-0.197,-1.487
8.200,2.915,3.272,1.996,-0.322,-1.465
8.331,2.920,3.286,2.001,-0.527,-1.405
8.334,2.941,3.322,2.015,-0.930,-1.177
8.367,2.988,3.370,2.041,-1.328,-0.697
8.400,2.998,3.378,2.046,-1.436,-0.435
8.550,3.009,3.384,2.051,-1.499,-0.060
8.567,3.084,3.404,2.098,-1.463,0.330
8.600,3.090,3.403,2.104,-1.413,0.504
8.723,3.096,3.400,2.110,-1.335,0.684
8.734,3.111,3.374,2.140,-0.849,1.236
8.767,3.108,3.361,2.149,-0.754,1.297
8.800,3.105,3.355,2.154,-0.706,1.323
8.927,3.100,3.349,2.158,-0.691,1.332
8.934,3.052,3.315,2.185,1.000,1.118
8.967,3.029,3.309,2.193,0.786,1.278
9.000,3.016,3.306,2.197,0.642,1.356
9.102,3.003,3.305,2.202,0.432,1.436
9.134,2.917,3.318,2.228,1.431,0.449
9.167,2.890,3.330,2.237,1.251,0.828
9.200,2.876,3.338,2.241,1.077,1.044
9.303,2.863,3.347,2.245,0.762,1.292
9.334,2.803,3.418,2.267,1.176,-0.931
9.367,2.791,3.447,2.273,1.330,-0.613
9.400,2.786,3.463,2.276,0.782,0.062
9.536,2.783,3.479,2.279,0.363,0.580
9.568,2.796,3.610,2.303,-0.463,-1.427
9.600,2.802,3.625,2.307,-0.617,-1.367
9.736,2.810,3.639,2.310,-0.848,-1.237
9.767,2.898,3.727,2.338,-1.303,-0.743
9.800,2.910,3.734,2.342,-1.419,-0.488
9.928,2.923,3.740,2.345,-1.490,-0.169
9.934,2.993,3.753,2.371,-1.495,0.127
9.967,3.011,3.750,2.379,-1.437,0.431
10.000,3.019,3.747,2.383,-1.371,0.608
10.133,3.026,3.743,2.387,-1.280,0.782
10.134,3.032,3.739,2.391,-1.183,0.922
10.167,3.043,3.695,2.416,-0.695,1.329
10.200,3.040,3.687,2.420,-0.655,1.349
10.337,3.036,3.681,2.423,-0.643,1.355
10.367,2.969,3.640,2.451,0.944,1.166
10.400,2.944,3.637,2.458,0.667,1.343
10.538,2.931,3.637,2.462,0.455,1.429
10.567,2.832,3.666,2.487,1.143,0.971
10.600,2.819,3.674,2.491,0.947,1.164
10.724,2.806,3.683,2.494,0.617,1.367
10.734,2.742,3.757,2.515,0.989,-1.128
10.767,2.728,3.787,2.521,1.062,-1.059
10.800,2.722,3.804,2.524,1.178,-0.929
10.881,2.718,3.820,2.527,1.127,-0.467
10.900,2.712,3.890,2.540,0.112,-1.496
10.934,2.715,3.925,2.547,-0.148,-1.493
10.967,2.723,3.959,2.555,-0.500,-0.294
11.000,2.729,3.976,2.559,-0.632,0.311
11.123,2.735,3.991,2.563,-0.659,0.789
11.134,2.788,4.068,2.591,-1.196,-0.905
11.167,2.809,4.087,2.602,-1.487,-0.196
11.200,2.819,4.094,2.608,-1.479,0.251
11.273,2.829,4.101,2.614,-1.335,0.683
11.300,2.866,4.119,2.639,-1.496,0.111
11.334,2.881,4.123,2.652,-1.347,0.661
11.367,2.892,4.125,2.664,-1.101,1.019
11.400,2.897,4.124,2.670,-0.995,1.122
11.503,2.901,4.124,2.677,-0.893,1.205
11.534,2.900,4.115,2.713,-0.563,1.390
11.567,2.892,4.113,2.725,-0.523,1.406
11.600,2.886,4.113,2.730,-0.496,1.416
11.728,2.879,4.113,2.736,-0.513,1.409
11.734,2.822,4.126,2.766,1.495,0.126
11.767,2.797,4.137,2.775,1.401,0.535
11.800,2.784,4.145,2.780,1.247,0.833
11.881,2.771,4.153,2.784,0.921,1.184
11.900,2.717,4.195,2.803,1.301,-0.747
11.934,2.691,4.222,2.813,1.393,-0.558
11.967,2.666,4.251,2.823,1.498,-0.074
12.000,2.655,4.267,2.829,1.094,0.433
12.106,2.644,4.282,2.834,0.614,0.831
12.134,2.598,4.379,2.867,0.704,-1.324
12.167,2.590,4.410,2.878,0.778,-1.282
12.200,2.588,4.424,2.884,0.459,-0.509
12.282,2.586,4.438,2.889,0.157,0.171
12.300,2.592,4.488,2.909,-0.319,-1.466
12.334,2.600,4.509,2.919,-0.633,-0.421
12.367,2.612,4.526,2.928,-0.736,0.536
12.400,2.619,4.533,2.932,-0.802,0.984
12.519,2.626,4.540,2.937,-0.766,1.261
12.534,2.681,4.558,2.970,-1.495,0.124
12.567,2.700,4.558,2.983,-1.396,0.550
12.600,2.709,4.557,2.990,-1.296,0.755
12.739,2.717,4.556,2.997,-1.164,0.946
12.767,2.760,4.545,3.056,-1.179,0.927
12.800,2.761,4.544,3.064,-1.092,1.029
12.925,2.762,4.544,3.070,-0.996,1.121
12.934,2.743,4.553,3.108,1.205,0.893
12.967,2.729,4.560,3.118,0.458,1.334
13.000,2.720,4.565,3.123,0.212,1.455
13.134,2.710,4.570,3.128,-0.039,1.499
13.167,2.611,4.640,3.166,1.386,-0.573
13.200,2.597,4.652,3.171,1.455,-0.363
13.307,2.584,4.665,3.176,1.500,-0.013
13.334,2.514,4.755,3.209,1.214,-0.881
13.367,2.496,4.788,3.221,1.400,-0.540
13.400,2.488,4.804,3.227,1.059,0.077
13.531,2.481,4.821,3.233,0.603,0.614
13.534,2.467,4.868,3.251,0.545,-1.397
13.567,2.463,4.934,3.278,0.088,-1.497
13.600,2.465,4.945,3.283,-0.042,-1.499
13.725,2.469,4.955,3.287,-0.201,-0.724
13.734,2.507,4.994,3.308,-1.335,-0.684
13.767,2.526,4.999,3.313,-1.498,-0.079
13.800,2.536,4.999,3.315,-1.464,0.326
13.940,2.546,4.999,3.318,-1.320,0.712
13.967,2.628,4.959,3.345,-1.203,0.896
14.000,2.636,4.951,3.349,-1.140,0.975
14.116,2.643,4.942,3.353,-1.066,1.055
14.134,2.670,4.887,3.380,-0.695,1.329
14.167,2.671,4.870,3.389,-0.621,1.366
14.200,2.669,4.862,3.393,-0.579,1.384
14.323,2.667,4.855,3.397,-0.556,1.393
14.334,2.635,4.831,3.414,0.771,1.286
14.367,2.617,4.831,3.418,0.516,1.408
14.400,2.608,4.832,3.420,0.382,1.450
14.510,2.598,4.835,3.421,0.207,1.486
14.534,2.531,4.874,3.426,1.500,-0.036
14.567,2.509,4.896,3.427,1.393,0.557
14.600,2.498,4.908,3.428,1.196,0.905
14.705,2.488,4.921,3.429,0.791,1.275
14.734,2.440,5.017,3.432,0.860,-1.229
14.767,2.431,5.053,3.433,0.965,-0.997
14.800,2.428,5.072,3.434,0.553,-0.214
14.942,2.426,5.090,3.435,0.243,0.422
14.967,2.445,5.233,3.446,-0.331,-1.463
15.000,2.452,5.249,3.448,-0.448,-1.431
15.121,2.460,5.264,3.450,-0.627,-1.363
15.134,2.517,5.335,3.459,-1.159,-0.953
15.167,2.540,5.351,3.462,-1.373,-0.604
15.200,2.551,5.358,3.464,-1.471,-0.291
15.345,2.562,5.364,3.465,-1.493,0.141
15.367,2.634,5.372,3.479,-1.415,0.499
15.400,2.640,5.369,3.480,-1.342,0.670
15.545,2.645,5.366,3.481,-1.243,0.839
15.567,2.648,5.319,3.488,-0.325,1.464
15.600,2.643,5.312,3.488,-0.329,1.464
15.745,2.637,5.306,3.489,-0.357,1.457
15.767,2.558,5.270,3.492,1.127,0.990
15.800,2.545,5.269,3.493,1.023,1.097
15.946,2.531,5.269,3.493,0.861,1.229
15.967,2.422,5.302,3.498,1.499,-0.046
16.000,2.410,5.310,3.499,1.495,0.120
16.141,2.398,5.319,3.499,1.446,0.400
16.167,2.336,5.417,3.501,0.978,-1.137
16.200,2.333,5.431,3.501,1.085,-1.036
16.320,2.331,5.445,3.500,1.281,-0.780
16.334,2.342,5.523,3.499,-0.302,-1.469
16.367,2.354,5.546,3.499,-0.595,-1.377
16.400,2.361,5.556,3.499,-0.952,-1.018
16.549,2.370,5.565,3.498,-0.834,-0.119
16.567,2.454,5.606,3.496,-1.496,-0.111
16.600,2.465,5.606,3.496,-1.493,0.149
16.750,2.476,5.605,3.496,-1.430,0.452
16.767,2.542,5.566,3.497,-1.149,0.964
16.800,2.547,5.558,3.497,-1.078,1.043
16.950,2.550,5.550,3.497,-1.002,1.117
16.967,2.540,5.481,3.499,-0.032,1.500
17.000,2.534,5.474,3.499,-0.063,1.499
17.144,2.527,5.467,3.499,-0.115,1.496
17.167,2.444,5.446,3.496,1.099,1.021
17.200,2.431,5.448,3.495,0.963,1.150
17.357,2.418,5.451,3.494,0.754,1.297
17.367,2.323,5.513,3.488,1.323,-0.706
17.400,2.314,5.525,3.488,1.375,-0.599
17.533,2.305,5.538,3.487,1.451,-0.379
17.534,2.297,5.552,3.486,1.164,-0.947
17.567,2.269,5.659,3.483,0.449,-1.431
17.600,2.269,5.675,3.482,0.462,-1.427
17.742,2.273,5.705,3.482,0.184,-0.402
17.767,2.316,5.789,3.479,-0.940,-1.169
17.800,2.325,5.797,3.479,-1.138,-0.978
17.910,2.335,5.804,3.478,-1.381,-0.586
17.934,2.399,5.824,3.476,-1.500,0.001
17.967,2.419,5.822,3.476,-1.375,0.600
18.000,2.429,5.819,3.476,-1.235,0.852
18.121,2.447,5.811,3.477,-0.936,1.172
18.134,2.477,5.777,3.479,-0.841,1.242
18.167,2.482,5.761,3.480,-0.715,1.319
18.200,2.484,5.752,3.481,-0.651,1.351
18.334,2.484,5.744,3.482,-0.605,1.373
18.367,2.448,5.692,3.488,0.394,1.447
18.400,2.440,5.689,3.488,0.311,1.467
18.532,2.431,5.687,3.488,0.197,1.487
18.534,2.412,5.686,3.489,1.182,0.924
18.567,2.346,5.707,3.488,1.239,0.846
18.600,2.335,5.715,3.487,1.087,1.034
18.730,2.325,5.723,3.487,0.827,1.251
18.734,2.271,5.795,3.484,1.102,-1.018
18.767,2.259,5.825,3.483,1.216,-0.878
18.800,2.254,5.841,3.482,1.379,-0.590
18.921,2.251,5.858,3.482,0.991,0.107
18.934,2.251,5.961,3.481,-0.043,-1.499
18.967,2.260,5.995,3.481,-0.176,-1.490
19.000,2.265,6.010,3.481,-0.368,-1.454
19.151,2.272,6.026,3.481,-0.530,-0.905
19.167,2.353,6.117,3.480,-1.298,-0.752
19.200,2.365,6.123,3.480,-1.385,-0.576
19.357,2.377,6.129,3.480,-1.470,-0.301
19.367,2.459,6.137,3.482,-1.499,0.050
19.400,2.466,6.134,3.482,-1.483,0.224
19.510,2.473,6.130,3.482,-1.438,0.426
19.534,2.492,6.090,3.481,-0.931,1.176
19.567,2.490,6.074,3.479,-0.757,1.295
19.600,2.487,6.065,3.479,-0.663,1.345
19.745,2.483,6.057,3.479,-0.614,1.369
19.767,2.417,5.998,3.477,0.760,1.293
19.800,2.404,5.993,3.477,0.669,1.343
19.901,2.392,5.989,3.477,0.536,1.401
19.934,2.309,5.985,3.478,1.241,0.842
19.967,2.281,5.992,3.479,1.005,1.114
20.000,2.267,5.998,3.480,0.852,1.234
20.148,2.254,6.004,3.480,0.617,1.367
20.167,2.178,6.087,3.478,1.294,-0.758
20.200,2.173,6.101,3.477,1.365,-0.622
20.347,2.168,6.115,3.477,1.471,-0.294
20.367,2.174,6.246,3.469,-0.226,-1.483
20.400,2.180,6.263,3.468,-0.314,-1.467
20.549,2.187,6.279,3.468,-0.446,-1.432
20.567,2.271,6.383,3.464,-1.168,-0.941
20.600,2.284,6.392,3.464,-1.289,-0.768
20.760,2.297,6.400,3.464,-1.407,-0.521
20.767,2.391,6.425,3.467,-1.500,0.017
20.800,2.400,6.423,3.467,-1.491,0.166
20.956,2.408,6.421,3.467,-1.459,0.348
20.967,2.439,6.373,3.463,-0.641,1.356
21.000,2.438,6.365,3.463,-0.606,1.372
21.139,2.436,6.356,3.462,-0.582,1.383
21.167,2.381,6.291,3.459,0.469,1.425
21.200,2.370,6.285,3.459,0.392,1.448
21.338,2.358,6.279,3.459,0.277,1.474
21.367,2.254,6.266,3.463,1.326,0.701
21.400,2.241,6.269,3.464,1.247,0.834
21.555,2.228,6.273,3.465,1.106,1.014
21.567,2.150,6.341,3.467,1.223,-0.869
21.600,2.144,6.353,3.466,1.280,-0.783
21.715,2.139,6.366,3.466,1.375,-0.600
21.734,2.132,6.450,3.464,0.205,-1.486
21.767,2.138,6.479,3.464,0.117,-1.495
21.800,2.143,6.493,3.464,-0.043,-1.349
21.912,2.149,6.506,3.464,-0.163,-0.362
21.934,2.202,6.572,3.465,-1.285,-0.774
21.967,2.224,6.587,3.465,-1.487,-0.195
22.000,2.236,6.592,3.465,-1.484,0.216
22.122,2.248,6.597,3.465,-1.344,0.667
22.134,2.317,6.602,3.472,-1.482,0.233
22.167,2.336,6.597,3.475,-1.389,0.567
22.200,2.344,6.594,3.477,-1.297,0.753
22.320,2.352,6.589,3.478,-1.177,0.930
22.334,2.379,6.558,3.488,-0.778,1.283
22.367,2.380,6.547,3.491,-0.667,1.344
22.400,2.379,6.542,3.493,-0.609,1.371
22.509,2.377,6.537,3.494,-0.569,1.388
22.534,2.343,6.521,3.500,0.665,1.344
22.567,2.325,6.521,3.501,0.383,1.450
22.600,2.315,6.523,3.501,0.267,1.476
22.719,2.304,6.525,3.502,0.110,1.496
22.734,2.234,6.563,3.501,1.432,-0.445
22.767,2.210,6.583,3.501,1.495,-0.121
22.800,2.199,6.595,3.501,1.491,0.160
22.924,2.188,6.608,3.501,1.357,0.639
22.934,2.138,6.700,3.500,0.842,-1.241
22.967,2.127,6.734,3.500,0.922,-1.183
23.000,2.123,6.752,3.501,1.050,-1.072
23.157,2.119,6.785,3.502,0.543,0.070
23.168,2.134,6.888,3.505,-0.448,-1.432
23.200,2.139,6.900,3.505,-0.677,-1.339
23.323,2.146,6.911,3.505,-0.863,-0.854
23.334,2.199,6.954,3.503,-1.388,-0.570
23.367,2.220,6.960,3.502,-1.497,-0.099
23.400,2.231,6.961,3.502,-1.465,0.324
23.504,2.241,6.961,3.501,-1.335,0.684
23.534,2.295,6.941,3.502,-1.230,0.859
23.567,2.308,6.928,3.503,-1.019,1.101
23.600,2.313,6.921,3.504,-0.905,1.196
23.756,2.317,6.914,3.504,-0.802,1.268
23.767,2.314,6.857,3.511,0.083,1.498
23.800,2.309,6.852,3.512,0.038,1.500
23.941,2.303,6.847,3.513,-0.026,1.500
23.967,2.229,6.846,3.511,1.147,0.967
24.000,2.218,6.850,3.511,1.002,1.117
24.115,2.206,6.856,3.510,0.773,1.285
24.134,2.141,6.912,3.505,1.244,-0.837
24.167,2.123,6.939,3.503,1.371,-0.608
24.200,2.115,6.953,3.502,1.451,-0.379
24.313,2.108,6.968,3.502,1.492,0.155
24.334,2.085,7.067,3.499,0.278,-1.474
24.367,2.085,7.100,3.498,0.244,-1.480
24.400,2.087,7.116,3.498,0.191,-1.488
24.550,2.090,7.131,3.498,0.045,-0.777
24.567,2.143,7.227,3.494,-1.073,-1.048
24.600,2.153,7.234,3.494,-1.205,-0.894
24.723,2.163,7.241,3.493,-1.366,-0.619
24.734,2.225,7.256,3.491,-1.499,-0.046
24.767,2.244,7.253,3.491,-1.463,0.331
24.800,2.253,7.249,3.491,-1.390,0.563
24.950,2.261,7.245,3.491,-1.275,0.790
24.967,2.294,7.187,3.491,-0.561,1.391
25.000,2.294,7.178,3.491,-0.534,1.402
25.133,2.292,7.169,3.491,-0.516,1.408
25.134,2.290,7.160,3.491,-0.167,1.491
25.167,2.245,7.110,3.492,0.281,1.473
25.200,2.235,7.106,3.492,0.218,1.484
25.337,2.225,7.102,3.492,0.119,1.495
25.367,2.130,7.110,3.491,1.450,0.383
25.400,2.118,7.115,3.491,1.385,0.576
25.524,2.106,7.122,3.491,1.240,0.844
25.534,2.048,7.184,3.489,1.341,-0.672
25.567,2.034,7.210,3.488,1.465,-0.321
25.600,2.029,7.225,3.487,1.500,0.028
25.748,2.024,7.239,3.487,1.065,0.578
25.767,2.023,7.359,3.485,-0.065,-1.499
25.800,2.027,7.372,3.485,-0.164,-1.491
25.946,2.033,7.385,3.485,-0.335,-1.462
25.967,2.109,7.462,3.483,-1.258,-0.816
26.000,2.122,7.468,3.483,-1.393,-0.555
26.153,2.134,7.473,3.482,-1.486,-0.203
26.167,2.230,7.475,3.486,-1.425,0.469
26.200,2.240,7.471,3.486,-1.371,0.610
26.314,2.249,7.466,3.487,-1.290,0.765
26.334,2.285,7.425,3.490,-0.857,1.231
26.367,2.289,7.408,3.491,-0.749,1.300
26.400,2.289,7.399,3.491,-0.686,1.334
26.537,2.288,7.391,3.492,-0.638,1.358
26.567,2.245,7.340,3.495,0.483,1.420
26.600,2.236,7.337,3.495,0.396,1.447
26.744,2.226,7.335,3.495,0.273,1.475
26.767,2.133,7.355,3.492,1.469,0.305
26.800,2.121,7.362,3.492,1.409,0.515
26.947,2.110,7.371,3.491,1.256,0.820
26.967,2.037,7.471,3.487,0.989,-1.128
27.000,2.032,7.487,3.486,1.048,-1.073
27.107,2.028,7.502,3.486,1.176,-0.932
27.134,2.023,7.598,3.485,0.141,-1.493
27.167,2.029,7.628,3.486,0.004,-1.500
27.200,2.034,7.642,3.486,-0.195,-1.044
27.315,2.046,7.668,3.486,-0.384,0.354
27.334,2.090,7.718,3.486,-1.284,-0.776
27.367,2.110,7.730,3.485,-1.493,-0.149
27.400,2.121,7.735,3.485,-1.473,0.285
27.528,2.132,7.739,3.486,-1.312,0.727
27.534,2.192,7.739,3.491,-1.437,0.432
27.567,2.209,7.733,3.493,-1.329,0.695
27.600,2.216,7.729,3.494,-1.241,0.843
27.727,2.222,7.724,3.496,-1.131,0.985
27.734,2.239,7.692,3.505,-0.599,1.375
27.767,2.237,7.681,3.508,-0.527,1.404
27.800,2.234,7.677,3.509,-0.489,1.418
27.956,2.230,7.673,3.510,-0.475,1.423
27.967,2.167,7.664,3.514,1.389,0.567
28.000,2.156,7.667,3.514,1.311,0.729
28.121,2.145,7.671,3.514,1.164,0.946
28.134,2.070,7.716,3.515,1.410,-0.511
28.167,2.045,7.738,3.516,1.478,-0.256
28.200,2.034,7.750,3.516,1.499,0.056
28.341,2.023,7.763,3.517,1.410,0.513
28.367,1.963,7.876,3.525,0.817,-1.258
28.400,1.960,7.890,3.526,0.900,-1.200
28.522,1.957,7.903,3.527,1.058,-1.063
28.534,1.966,7.972,3.530,0.001,-1.500
28.567,1.977,7.988,3.529,-0.324,-1.334
28.600,1.983,7.995,3.529,-0.437,-0.430
28.691,1.991,8.002,3.529,-0.451,0.278
28.700,2.027,8.016,3.525,-1.494,-0.133
28.734,2.048,8.017,3.524,-1.357,0.639
28.767,2.070,8.014,3.523,-1.028,1.092
28.800,2.081,8.011,3.522,-0.906,1.195
28.907,2.091,8.007,3.522,-0.773,1.285
28.934,2.146,7.966,3.528,-1.026,1.095
28.967,2.158,7.949,3.532,-0.897,1.203
29.000,2.163,7.941,3.534,-0.823,1.254
29.120,2.167,7.934,3.536,-0.751,1.298
29.134,2.173,7.900,3.547,-0.310,1.468
29.167,2.167,7.896,3.548,-0.311,1.467
29.200,2.163,7.895,3.549,-0.304,1.469
29.310,2.158,7.895,3.549,-0.320,1.466
29.334,2.114,7.920,3.543,1.477,0.261
29.367,2.096,7.937,3.539,1.065,1.056
29.400,2.086,7.947,3.537,0.719,1.223
29.540,2.076,7.958,3.535,0.376,1.441
29.567,1.999,8.082,3.522,1.017,-1.103
29.600,1.992,8.101,3.521,1.141,-0.974
29.749,1.979,8.139,3.519,0.793,0.019
29.767,1.962,8.279,3.521,0.264,-1.477
29.800,1.964,8.298,3.522,0.187,-1.488
29.956,1.966,8.316,3.522,0.108,-1.496
29.967,2.015,8.439,3.525,-0.773,-1.285
30.000,2.024,8.451,3.524,-0.883,-1.213
30.158,2.033,8.461,3.524,-1.012,-1.107
30.167,2.111,8.503,3.522,-1.453,-0.372
30.200,2.120,8.504,3.521,-1.484,-0.216
30.361,2.128,8.503,3.521,-1.500,-0.029
30.367,2.164,8.471,3.516,-0.931,1.176
30.400,2.166,8.456,3.514,-0.891,1.207
30.560,2.165,8.447,3.513,-0.867,1.224
30.567,2.123,8.371,3.506,0.500,1.414
30.600,2.113,8.363,3.505,0.425,1.438
30.760,2.103,8.355,3.505,0.310,1.468
30.767,2.000,8.320,3.504,1.159,0.953
30.800,1.987,8.320,3.504,1.064,1.058
30.964,1.973,8.321,3.504,0.884,1.212
30.967,1.936,8.331,3.504,1.497,0.101
31.000,1.878,8.377,3.501,1.419,-0.487
31.160,1.872,8.387,3.500,1.479,-0.250
31.167,1.859,8.492,3.488,0.066,-1.499
31.200,1.862,8.506,3.487,-0.065,-1.499
31.363,1.866,8.521,3.485,-0.219,-1.484
31.367,1.895,8.575,3.480,-0.879,-1.215
31.400,1.949,8.633,3.477,-1.210,-0.886
31.562,1.962,8.642,3.477,-1.318,-0.716
31.567,2.050,8.680,3.480,-1.477,-0.264
31.600,2.072,8.682,3.481,-1.499,-0.042
31.757,2.082,8.682,3.482,-1.497,0.098
31.767,2.130,8.644,3.480,-1.018,1.102
31.800,2.131,8.636,3.479,-0.996,1.122
31.964,2.131,8.619,3.478,-0.958,1.154
31.968,2.110,8.572,3.474,-0.312,1.467
32.000,2.085,8.547,3.473,0.362,1.456
32.161,2.075,8.540,3.473,0.199,1.487
32.167,1.972,8.510,3.470,1.338,0.678
32.200,1.958,8.511,3.469,1.277,0.787
32.363,1.943,8.513,3.469,1.152,0.961
32.367,1.872,8.538,3.468,1.483,-0.225
32.400,1.822,8.576,3.468,1.382,-0.584
32.564,1.811,8.587,3.469,1.424,-0.471
32.567,1.776,8.639,3.469,0.982,-1.134
32.600,1.754,8.707,3.470,0.544,-1.398
32.754,1.753,8.721,3.471,0.493,-1.417
32.767,1.780,8.809,3.472,-0.891,-1.207
32.800,1.788,8.817,3.472,-1.054,-1.068
32.968,1.796,8.823,3.472,-1.223,-0.869
33.000,1.895,8.837,3.470,-1.480,0.244
33.157,1.906,8.833,3.470,-1.461,0.341
33.167,1.974,8.768,3.469,-0.976,1.139
33.200,1.979,8.756,3.468,-0.971,1.143
33.361,1.982,8.744,3.467,-0.973,1.141
33.367,1.970,8.634,3.465,-0.275,1.475
33.400,1.964,8.621,3.465,-0.313,1.467
33.565,1.956,8.608,3.465,-0.383,1.450
33.567,1.939,8.584,3.466,0.345,1.460
33.600,1.859,8.527,3.466,0.890,1.208
33.757,1.847,8.523,3.466,0.755,1.296
33.767,1.747,8.529,3.466,1.495,0.122
33.800,1.736,8.534,3.465,1.476,0.269
33.957,1.726,8.541,3.465,1.402,0.533
33.967,1.669,8.627,3.462,0.755,-1.296
34.000,1.665,8.641,3.461,0.729,-1.311
34.167,1.663,8.655,3.461,0.699,-1.327
34.200,1.686,8.777,3.465,-0.683,-1.336
34.344,1.693,8.788,3.465,-0.889,-1.208
34.367,1.769,8.845,3.470,-1.419,-0.485
34.400,1.780,8.848,3.470,-1.466,-0.318
34.547,1.804,8.850,3.471,-1.496,0.105
34.567,1.884,8.823,3.476,-1.373,0.603
34.600,1.894,8.815,3.477,-1.335,0.685
34.757,1.904,8.807,3.479,-1.295,0.756
34.767,1.948,8.728,3.490,-0.801,1.268
34.800,1.950,8.718,3.492,-0.818,1.257
34.956,1.950,8.709,3.493,-0.846,1.239
34.967,1.915,8.656,3.500,0.394,1.447
35.000,1.907,8.653,3.500,0.236,1.481
35.160,1.898,8.651,3.500,0.025,1.500
35.167,1.809,8.674,3.494,1.486,-0.203
35.200,1.797,8.682,3.493,1.498,-0.078
35.339,1.785,8.690,3.493,1.486,0.203
35.367,1.709,8.794,3.489,0.912,-1.191
35.400,1.703,8.809,3.488,0.876,-1.218
35.529,1.698,8.825,3.488,0.822,-1.255
35.534,1.687,8.915,3.491,0.003,-1.500
35.567,1.692,8.942,3.492,-0.331,-1.463
35.600,1.695,8.954,3.493,-0.735,-1.307
35.755,1.700,8.965,3.493,-1.173,-0.935
35.767,1.757,9.020,3.493,-1.419,-0.485
35.800,1.766,9.023,3.493,-1.463,-0.329
35.936,1.775,9.024,3.493,-1.493,-0.142
35.967,1.831,8.995,3.494,-1.256,0.820
36.000,1.835,8.987,3.494,-1.233,0.855
36.148,1.838,8.979,3.494,-1.216,0.878
36.167,1.828,8.904,3.496,-0.123,1.495
36.200,1.816,8.886,3.497,-0.329,1.463
36.367,1.816,8.886,3.497,-0.329,1.463
36.400,1.716,8.841,3.496,1.106,1.013
36.560,1.703,8.841,3.496,0.937,1.172
36.567,1.596,8.878,3.491,1.440,-0.421
36.600,1.583,8.887,3.491,1.454,-0.368
36.750,1.572,8.898,3.490,1.481,-0.238
36.767,1.494,9.012,3.488,0.765,-1.290
36.800,1.487,9.029,3.489,0.695,-1.329
36.935,1.482,9.045,3.489,0.612,-1.370
36.967,1.465,9.164,3.499,-0.051,-1.499
37.000,1.467,9.176,3.500,-0.366,-1.455
37.168,1.469,9.187,3.501,-0.774,-1.285
37.200,1.518,9.239,3.502,-1.445,-0.402
37.357,1.525,9.239,3.502,-1.487,-0.195
37.367,1.579,9.202,3.498,-1.182,0.923
37.401,1.588,9.182,3.497,-1.168,0.941
37.551,1.592,9.171,3.496,-1.171,0.938
37.567,1.594,9.077,3.496,-0.433,1.436
37.600,1.591,9.062,3.496,-0.502,1.413
37.768,1.581,9.035,3.498,-0.674,1.340
37.800,1.511,8.950,3.501,0.653,1.350
37.957,1.499,8.943,3.501,0.499,1.415
37.967,1.400,8.932,3.498,1.437,0.431
38.000,1.387,8.935,3.497,1.390,0.563
38.148,1.375,8.940,3.497,1.272,0.795
38.167,1.281,9.014,3.495,1.198,-0.903
38.200,1.272,9.026,3.495,1.184,-0.920
38.355,1.263,9.039,3.496,1.206,-0.892
38.367,1.220,9.151,3.504,0.249,-1.479
38.400,1.219,9.164,3.505,0.086,-1.498
38.571,1.219,9.177,3.507,-0.142,-1.493
38.600,1.259,9.252,3.511,-1.270,-0.798
38.770,1.275,9.258,3.510,-1.449,-0.387
38.800,1.346,9.237,3.504,-1.372,0.607
38.967,1.354,9.229,3.503,-1.356,0.641
39.000,1.406,9.120,3.495,-0.837,1.245
39.152,1.408,9.105,3.495,-0.878,1.216
39.167,1.392,8.982,3.493,-0.111,1.496
39.200,1.385,8.968,3.493,-0.202,1.486
39.319,1.377,8.955,3.493,-0.327,1.464
39.334,1.314,8.893,3.490,0.644,1.355
39.367,1.288,8.881,3.488,0.362,1.456
39.400,1.274,8.876,3.487,0.190,1.488
39.526,1.260,8.872,3.486,-0.066,1.499
39.534,1.179,8.874,3.480,1.484,0.220
39.567,1.154,8.883,3.478,1.404,0.528
39.600,1.143,8.889,3.477,1.259,0.816
39.737,1.132,8.896,3.476,0.844,1.240
39.767,1.077,8.984,3.466,1.152,-0.961
39.800,1.075,8.997,3.465,0.719,-0.679
39.919,1.073,9.011,3.464,0.053,-0.068
39.934,1.085,9.098,3.460,-0.601,-1.374
39.967,1.097,9.125,3.460,-1.027,-1.094
40.000,1.105,9.139,3.460,-1.256,-0.820
40.144,1.113,9.151,3.460,-1.442,-0.414
40.167,1.199,9.224,3.470,-1.371,-0.609
40.200,1.210,9.229,3.472,-1.431,-0.449
40.305,1.220,9.233,3.474,-1.479,-0.253
40.334,1.270,9.237,3.484,-1.488,0.185
40.367,1.279,9.231,3.486,-1.443,0.411
40.400,1.283,9.227,3.487,-1.406,0.523
40.543,1.285,9.223,3.487,-1.371,0.609
40.567,1.262,9.172,3.487,-0.062,1.499
40.600,1.254,9.165,3.486,-0.224,1.483
40.688,1.245,9.158,3.486,-0.421,1.440
40.700,1.199,9.135,3.484,1.049,1.072
40.734,1.171,9.127,3.484,0.774,1.285
40.767,1.141,9.121,3.484,0.301,1.470
40.800,1.125,9.120,3.485,0.039,1.499
40.904,1.109,9.119,3.485,-0.306,1.468
40.934,1.017,9.135,3.489,1.479,0.248
40.967,0.990,9.149,3.491,1.266,0.805
41.000,0.977,9.157,3.491,0.496,0.892
41.125,0.965,9.166,3.492,-0.095,1.004
41.134,0.912,9.238,3.490,0.801,-1.268
41.167,0.901,9.267,3.489,0.632,-1.360
41.200,0.898,9.283,3.489,0.303,-1.469
41.322,0.895,9.299,3.488,-0.226,-0.951
41.334,0.901,9.398,3.490,-0.390,-1.448
41.367,0.910,9.429,3.491,-0.737,-1.307
41.400,0.916,9.444,3.492,-1.023,-1.097
41.498,0.922,9.458,3.493,-1.269,-0.800
41.500,0.944,9.496,3.498,-1.062,-1.059
41.534,0.969,9.526,3.502,-1.195,-0.907
41.567,0.985,9.541,3.506,-1.385,-0.576
41.600,0.993,9.547,3.507,-1.452,-0.375
41.702,1.001,9.551,3.509,-1.492,-0.153
41.734,1.031,9.559,3.516,-1.484,0.220
41.767,1.035,9.554,3.517,-1.440,0.418
41.800,1.035,9.550,3.518,-1.413,0.504
41.955,1.034,9.546,3.517,-1.393,0.555
41.967,0.989,9.496,3.513,0.247,1.479
42.000,0.978,9.489,3.512,0.038,1.500
42.156,0.967,9.483,3.511,-0.250,1.479
42.167,0.844,9.447,3.507,1.393,0.556
42.200,0.827,9.446,3.507,1.356,0.642
42.328,0.809,9.445,3.507,1.276,0.788
42.334,0.710,9.462,3.510,1.498,-0.081
42.367,0.682,9.474,3.511,1.500,0.030
42.400,0.669,9.481,3.512,1.489,0.178
42.535,0.657,9.489,3.512,1.323,0.523
42.567,0.596,9.566,3.512,0.712,-1.320
42.600,0.594,9.576,3.511,0.310,-1.468
42.750,0.592,9.586,3.511,-0.308,-0.844
42.767,0.618,9.657,3.509,-1.086,-1.034
42.800,0.626,9.663,3.509,-1.277,-0.787
42.946,0.634,9.669,3.509,-1.419,-0.488
42.967,0.714,9.682,3.514,-1.494,-0.139
43.000,0.723,9.679,3.515,-1.500,-0.010
43.153,0.733,9.676,3.516,-1.496,0.108
43.167,0.783,9.620,3.522,-1.137,0.979
43.200,0.785,9.611,3.522,-1.154,0.959
43.316,0.786,9.601,3.522,-1.184,0.921
43.334,0.769,9.543,3.523,-0.232,1.482
43.367,0.755,9.526,3.522,-0.534,1.402
43.400,0.746,9.518,3.522,-0.670,1.342
43.543,0.736,9.511,3.522,-0.842,1.242
43.567,0.635,9.487,3.514,0.927,1.180
43.600,0.620,9.488,3.513,0.666,1.344
43.693,0.605,9.491,3.512,0.185,1.489
43.700,0.546,9.513,3.507,1.489,0.184
43.734,0.517,9.530,3.505,1.290,0.399
43.767,0.490,9.551,3.503,0.048,0.493
43.800,0.477,9.563,3.502,-0.484,0.529
43.960,0.465,9.575,3.501,-0.872,0.655
43.967,0.397,9.696,3.501,0.537,-1.401
44.000,0.393,9.713,3.503,0.381,-1.451
44.116,0.389,9.729,3.504,0.160,-1.491
44.134,0.379,9.823,3.517,-0.112,-1.496
44.167,0.380,9.852,3.522,-0.422,-1.439
44.200,0.381,9.865,3.525,-0.657,-1.348
44.332,0.383,9.878,3.528,-0.955,-1.157
44.334,0.387,9.900,3.534,-0.685,-1.334
44.367,0.404,9.947,3.549,-1.063,-1.058
44.400,0.407,9.951,3.551,-1.223,-0.868
44.552,0.413,9.956,3.555,-1.449,-0.387
44.567,0.419,9.942,3.563,-1.108,1.011
44.600,0.416,9.929,3.564,-1.213,0.883
44.745,0.413,9.922,3.564,-1.267,0.802
44.767,0.369,9.852,3.565,-0.330,1.463
44.800,0.359,9.841,3.566,-0.522,1.406
44.935,0.349,9.830,3.566,-0.761,1.292
44.967,0.242,9.767,3.569,0.809,1.263
45.000,0.227,9.763,3.569,0.563,1.390
45.125,0.212,9.760,3.569,0.200,1.487
45.134,0.121,9.765,3.568,1.500,0.022
45.167,0.093,9.776,3.567,1.493,0.149
45.200,0.080,9.783,3.566,1.462,0.335
45.365,0.056,9.800,3.564,0.066,0.567
45.367,0.045,9.810,3.563,0.787,-0.525
45.400,-0.005,9.895,3.551,0.420,-1.440
45.558,-0.010,9.923,3.548,-0.294,-1.471
45.567,0.005,10.011,3.539,-0.703,-1.325
45.600,0.012,10.022,3.538,-0.850,-1.236
45.765,0.018,10.031,3.537,-1.002,-1.116
45.767,0.034,10.049,3.536,-1.138,-0.978
45.800,0.112,10.083,3.535,-1.461,-0.341
45.972,0.121,10.083,3.535,-1.483,-0.226
46.000,0.172,10.048,3.533,-1.259,0.815
46.156,0.176,10.031,3.531,-1.309,0.733
46.167,0.156,9.953,3.519,-0.416,1.441
46.200,0.149,9.941,3.517,-0.540,1.400
46.365,0.140,9.928,3.515,-0.716,1.318
46.367,0.131,9.916,3.513,-0.284,1.473
46.400,0.022,9.826,3.501,0.872,1.220
46.553,0.006,9.818,3.501,0.700,1.327
46.568,-0.130,9.782,3.497,1.298,0.751
46.600,-0.146,9.782,3.497,1.229,0.859
46.763,-0.178,9.785,3.496,0.822,1.255
46.768,-0.260,9.820,3.495,1.466,-0.318
46.800,-0.281,9.838,3.494,1.462,-0.334
46.956,-0.291,9.848,3.493,1.066,-0.130
46.967,-0.332,9.946,3.488,0.181,-1.489
47.000,-0.333,9.958,3.488,0.035,-1.500
47.148,-0.332,9.971,3.488,-0.190,-1.488
47.167,-0.294,10.052,3.487,-0.979,-1.136
47.200,-0.286,10.059,3.487,-1.123,-0.995
47.335,-0.268,10.070,3.488,-1.378,-0.592
47.367,-0.204,10.076,3.491,-1.499,0.054
47.400,-0.195,10.072,3.492,-1.495,0.119
47.508,-0.188,10.068,3.493,-1.490,0.177
47.534,-0.160,10.025,3.494,-1.187,0.917
47.567,-0.158,10.005,3.494,-1.233,0.855
47.600,-0.159,9.995,3.494,-1.246,0.835
47.697,-0.161,9.985,3.494,-1.282,0.780
47.700,-0.179,9.945,3.493,-0.150,1.492
47.734,-0.195,9.926,3.493,0.012,1.500
47.767,-0.214,9.910,3.492,-0.389,1.449
47.800,-0.225,9.903,3.492,-0.583,1.382
47.916,-0.237,9.897,3.491,-0.823,1.254
47.934,-0.320,9.880,3.487,1.326,0.702
47.967,-0.351,9.883,3.485,1.092,1.029
48.000,-0.366,9.886,3.484,0.815,1.259
48.127,-0.381,9.890,3.483,0.111,1.191
48.134,-0.467,9.937,3.480,1.314,-0.723
48.167,-0.492,9.959,3.479,1.266,-0.804
48.200,-0.503,9.972,3.479,1.158,-0.954
48.329,-0.513,9.985,3.479,0.388,-0.558
48.334,-0.556,10.072,3.480,0.586,-1.381
48.367,-0.562,10.101,3.481,0.282,-1.473
48.400,-0.563,10.115,3.481,-0.100,-1.497
48.542,-0.564,10.128,3.482,-0.586,-1.381
48.567,-0.535,10.207,3.484,-1.069,-1.053
48.600,-0.528,10.212,3.484,-1.202,-0.898
48.722,-0.521,10.216,3.483,-1.323,-0.706
48.734,-0.474,10.218,3.483,-1.499,-0.054
48.767,-0.459,10.210,3.483,-1.497,0.089
48.800,-0.453,10.205,3.483,-1.491,0.164
48.947,-0.447,10.198,3.483,-1.485,0.214
48.967,-0.429,10.122,3.483,-0.733,1.309
49.000,-0.431,10.111,3.483,-0.825,1.253
49.128,-0.434,10.100,3.483,-0.944,1.166
49.134,-0.476,10.039,3.483,0.344,1.460
49.167,-0.498,10.023,3.483,0.040,1.499
49.200,-0.510,10.016,3.483,-0.183,1.489
49.335,-0.522,10.010,3.483,-0.491,1.418
49.367,-0.635,9.997,3.481,1.353,0.648
49.400,-0.649,10.000,3.481,1.249,0.830
49.521,-0.663,10.004,3.481,0.852,1.126
49.534,-0.737,10.051,3.479,1.287,-0.770
49.567,-0.756,10.073,3.479,1.201,-0.899
49.600,-0.765,10.085,3.479,0.882,-1.018
49.739,-0.773,10.098,3.479,0.067,-0.538
49.767,-0.800,10.208,3.482,0.008,-1.500
49.800,-0.798,10.221,3.483,-0.264,-1.477
49.957,-0.796,10.233,3.484,-0.581,-1.383
49.967,-0.749,10.300,3.488,-1.273,-0.794
50.000,-0.741,10.304,3.488,-1.331,-0.691
50.160,-0.732,10.307,3.488,-1.388,-0.568
50.167,-0.665,10.291,3.490,-1.477,0.263
50.200,-0.653,10.277,3.491,-1.465,0.323
50.362,-0.653,10.277,3.491,-1.465,0.323
50.367,-0.636,10.220,3.492,-0.723,1.314
50.400,-0.641,10.188,3.493,-0.747,1.301
50.562,-0.645,10.177,3.493,-0.883,1.213
50.568,-0.701,10.112,3.493,0.393,1.447
50.600,-0.725,10.099,3.492,0.593,1.378
50.758,-0.738,10.094,3.492,0.315,1.466
50.767,-0.853,10.090,3.489,1.452,0.375
50.801,-0.867,10.094,3.489,1.423,0.474
50.966,-0.881,10.099,3.488,1.311,0.729
50.968,-0.908,10.113,3.487,1.500,-0.016
51.000,-0.986,10.202,3.482,0.562,-1.391
51.157,-0.986,10.202,3.482,0.562,-1.391
51.167,-1.001,10.314,3.476,-0.242,-1.480
51.200,-0.998,10.327,3.475,-0.494,-1.416
51.326,-0.994,10.340,3.474,-0.803,-1.267
51.334,-0.949,10.406,3.472,-0.934,-1.173
51.367,-0.929,10.422,3.472,-1.177,-0.929
51.400,-0.918,10.429,3.472,-1.290,-0.766
51.559,-0.895,10.439,3.473,-1.440,-0.421
51.567,-0.823,10.446,3.480,-1.500,-0.030
51.600,-0.815,10.444,3.481,-1.500,0.006
51.761,-0.808,10.440,3.482,-1.500,0.038
51.767,-0.786,10.394,3.484,-1.144,0.970
51.800,-0.789,10.377,3.483,-1.179,0.928
51.938,-0.796,10.358,3.482,-1.283,0.776
51.968,-0.857,10.299,3.478,0.527,1.405
52.000,-0.869,10.293,3.478,0.284,1.473
52.161,-0.883,10.287,3.477,-0.112,1.496
52.167,-0.992,10.271,3.475,1.479,0.249
52.200,-1.041,10.279,3.474,1.456,0.359
52.361,-1.041,10.279,3.474,1.456,0.359
52.367,-1.139,10.333,3.473,1.319,-0.714
52.402,-1.168,10.367,3.472,1.037,-1.057
52.561,-1.176,10.379,3.472,0.154,-0.629
52.567,-1.200,10.465,3.471,-0.071,-1.498
52.600,-1.199,10.476,3.471,-0.291,-1.472
52.764,-1.197,10.487,3.471,-0.543,-1.398
52.767,-1.189,10.505,3.471,-0.836,-1.245
52.802,-1.129,10.543,3.467,-1.406,-0.523
52.957,-1.129,10.543,3.467,-1.406,-0.523
52.967,-1.056,10.513,3.463,-1.458,0.353
53.000,-1.048,10.505,3.463,-1.455,0.366
53.151,-1.041,10.495,3.462,-1.459,0.350
53.167,-1.019,10.395,3.459,-0.723,1.314
53.200,-1.020,10.381,3.459,-0.825,1.253
53.351,-1.023,10.367,3.458,-0.957,1.155
53.368,-1.082,10.269,3.457,0.366,1.455
53.400,-1.104,10.252,3.457,-0.044,1.499
53.550,-1.104,10.252,3.457,-0.044,1.499
53.567,-1.212,10.224,3.454,1.353,0.648
53.600,-1.239,10.229,3.454,1.078,1.043
53.758,-1.239,10.229,3.454,1.078,1.043
53.767,-1.325,10.285,3.451,1.136,-0.979
53.800,-1.333,10.296,3.451,1.068,-1.053
53.925,-1.345,10.319,3.450,0.634,-1.359
53.934,-1.356,10.384,3.451,0.228,-1.483
53.967,-1.353,10.410,3.451,-0.307,-1.468
54.000,-1.346,10.435,3.453,-1.094,-1.026
54.108,-1.346,10.435,3.453,-1.094,-1.026
54.134,-1.304,10.492,3.457,-1.261,-0.812
54.167,-1.286,10.504,3.459,-1.395,-0.552
54.200,-1.276,10.508,3.461,-1.442,-0.413
54.345,-1.257,10.514,3.463,-1.491,-0.164
54.367,-1.204,10.501,3.473,-1.492,0.154
54.400,-1.199,10.496,3.474,-1.486,0.201
54.540,-1.195,10.490,3.475,-1.484,0.219
54.567,-1.200,10.426,3.480,-0.850,1.236
54.600,-1.206,10.417,3.480,-0.987,1.129
54.756,-1.220,10.400,3.480,-1.218,0.876
54.767,-1.302,10.353,3.479,1.207,0.891
54.800,-1.333,10.345,3.479,1.015,1.104
54.940,-1.349,10.343,3.479,0.742,1.303
54.967,-1.468,10.353,3.483,1.481,0.239
55.000,-1.485,10.358,3.484,1.463,0.330
55.124,-1.501,10.364,3.485,1.113,0.516
55.135,-1.583,10.417,3.490,1.251,-0.828
55.167,-1.603,10.439,3.491,1.148,-0.966
55.200,-1.611,10.450,3.492,0.960,-1.152
55.342,-1.619,10.462,3.492,0.404,-1.076
55.367,-1.638,10.553,3.497,-0.291,-1.472
55.400,-1.635,10.562,3.497,-0.583,-1.382
55.559,-1.627,10.578,3.497,-1.176,-0.931
55.567,-1.575,10.606,3.496,-1.453,-0.372
55.600,-1.565,10.605,3.495,-1.469,-0.305
55.755,-1.556,10.604,3.495,-1.481,-0.238
55.767,-1.490,10.556,3.494,-1.255,0.822
55.800,-1.485,10.547,3.494,-1.278,0.786
55.958,-1.480,10.536,3.495,-1.310,0.731
55.967,-1.477,10.447,3.498,-0.246,1.480
56.000,-1.486,10.426,3.499,-0.510,1.411
56.132,-1.493,10.417,3.499,-0.701,1.326
56.135,-1.509,10.400,3.499,0.105,1.496
56.167,-1.561,10.375,3.497,0.254,1.478
56.200,-1.586,10.372,3.495,-0.466,1.426
56.338,-1.599,10.372,3.494,-0.881,1.214
56.367,-1.688,10.403,3.487,1.497,0.094
56.400,-1.699,10.412,3.486,1.022,0.156
56.500,-1.710,10.422,3.485,0.126,0.233
56.534,-1.764,10.501,3.480,0.375,-1.452
56.567,-1.776,10.533,3.479,-0.453,-1.430
56.600,-1.781,10.549,3.479,-0.885,-1.211
56.732,-1.785,10.566,3.479,-1.212,-0.784
56.734,-1.793,10.662,3.488,-0.283,-1.473
56.767,-1.791,10.691,3.493,-0.732,-1.309
56.800,-1.790,10.705,3.496,-0.904,-1.197
56.896,-1.788,10.717,3.499,-1.142,-0.972
56.900,-1.781,10.759,3.509,-0.668,-1.343
56.934,-1.778,10.773,3.515,-0.890,-1.208
56.967,-1.776,10.784,3.519,-1.195,-0.907
57.000,-1.776,10.788,3.521,-1.277,-0.787
57.161,-1.776,10.791,3.523,-1.377,-0.594
57.167,-1.800,10.775,3.530,0.519,1.407
57.200,-1.806,10.769,3.530,0.279,1.474
57.357,-1.813,10.762,3.530,-0.230,1.108
57.367,-1.894,10.682,3.537,0.941,1.168
57.400,-1.907,10.671,3.539,0.907,1.195
57.558,-1.919,10.661,3.541,0.819,1.257
57.568,-2.010,10.596,3.565,1.082,1.039
57.600,-2.018,10.592,3.568,1.056,1.066
57.749,-2.026,10.588,3.570,0.970,1.145
57.767,-2.057,10.597,3.576,0.500,0.654
57.800,-2.055,10.609,3.573,-0.097,0.275
57.956,-2.052,10.617,3.571,-0.305,0.230
57.967,-2.005,10.691,3.553,-0.915,-1.188
58.000,-1.996,10.705,3.551,-0.931,-1.176
58.157,-1.985,10.718,3.549,-0.980,-1.135
58.167,-1.892,10.833,3.548,-1.005,-1.113
58.200,-1.881,10.847,3.550,-1.008,-1.111
58.349,-1.870,10.860,3.551,-1.037,-1.083
58.367,-1.813,10.937,3.564,-0.982,-1.134
58.400,-1.810,10.943,3.565,-0.975,-1.140
58.552,-1.808,10.947,3.565,-1.002,-1.117
58.567,-1.827,10.947,3.554,1.440,0.421
58.600,-1.841,10.936,3.548,0.760,0.197
58.753,-1.841,10.936,3.548,0.760,0.197
58.767,-1.925,10.858,3.533,1.118,1.000
58.800,-1.948,10.833,3.533,1.145,0.969
58.928,-1.960,10.820,3.534,1.055,0.880
58.934,-2.007,10.761,3.541,0.936,1.172
58.967,-2.021,10.741,3.545,0.930,1.177
59.000,-2.026,10.732,3.546,0.975,1.140
59.157,-2.031,10.724,3.548,0.995,1.122
59.167,-2.031,10.693,3.548,0.023,1.500
59.200,-2.026,10.694,3.547,0.174,1.372
59.357,-2.021,10.696,3.545,0.204,0.943
59.367,-1.953,10.749,3.524,-1.090,-1.031
59.400,-1.942,10.760,3.520,-1.049,-1.072
59.533,-1.931,10.773,3.518,-1.017,-1.102
59.535,-1.921,10.786,3.515,-0.958,-1.155
59.567,-1.851,10.900,3.508,-0.752,-1.298
59.600,-1.843,10.918,3.509,-0.689,-1.333
59.754,-1.835,10.935,3.510,-0.636,-1.359
59.767,-1.805,11.055,3.520,-0.239,-1.481
59.800,-1.806,11.066,3.521,-0.159,-1.492
59.959,-1.807,11.077,3.521,-0.094,-1.497
59.967,-1.840,11.121,3.517,0.910,-1.193
60.000,-1.847,11.122,3.515,0.988,-1.129
60.158,-1.854,11.121,3.514,1.018,-1.102
60.167,-1.914,11.077,3.503,1.383,0.580
60.200,-1.920,11.067,3.502,1.409,0.514
60.348,-1.926,11.056,3.501,1.440,0.420
60.367,-1.945,10.947,3.496,0.650,1.352
60.400,-1.943,10.932,3.496,0.779,1.282
60.559,-1.940,10.917,3.496,0.927,1.179
60.567,-1.882,10.821,3.495,-0.601,1.374
60.600,-1.871,10.812,3.494,-0.511,1.410
60.752,-1.859,10.805,3.493,-0.377,1.452
60.767,-1.754,10.785,3.487,-1.425,0.468
60.800,-1.741,10.787,3.486,-1.429,0.456
60.935,-1.717,10.795,3.485,-0.930,0.258
60.967,-1.653,10.854,3.478,-0.814,-1.260
61.000,-1.643,10.877,3.476,-0.288,-1.472
61.096,-1.640,10.890,3.475,0.090,-1.497
61.100,-1.637,10.928,3.474,0.071,-1.498
61.134,-1.640,10.953,3.474,0.387,-1.449
61.167,-1.647,10.977,3.474,0.737,-1.307
61.200,-1.652,10.989,3.474,0.945,-1.165
61.307,-1.658,11.000,3.475,1.075,-1.046
61.334,-1.704,11.048,3.481,1.136,-0.980
61.367,-1.720,11.057,3.484,1.219,-0.874
61.400,-1.728,11.060,3.485,1.277,-0.787
61.541,-1.736,11.062,3.487,1.308,-0.735
61.567,-1.776,11.039,3.494,1.498,-0.085
61.600,-1.777,11.033,3.494,1.495,-0.122
61.713,-1.777,11.025,3.494,1.489,-0.184
61.734,-1.754,10.968,3.489,0.671,1.342
61.767,-1.738,10.945,3.487,1.142,0.973
61.800,-1.728,10.934,3.485,1.341,0.673
61.899,-1.717,10.923,3.484,1.454,0.369
61.900,-1.705,10.911,3.483,-0.523,1.406
61.934,-1.631,10.859,3.477,-0.836,1.245
61.967,-1.596,10.842,3.476,-0.405,1.444
62.000,-1.578,10.835,3.476,0.225,0.965
62.126,-1.540,10.823,3.475,0.934,0.309
62.134,-1.443,10.809,3.475,-1.480,0.245
62.167,-1.407,10.811,3.476,-1.490,0.176
62.200,-1.373,10.817,3.476,-1.080,-0.106
62.320,-1.373,10.817,3.476,-1.080,-0.106
62.334,-1.291,10.856,3.475,-1.205,-0.893
62.367,-1.271,10.874,3.474,-0.838,-1.244
62.400,-1.263,10.884,3.473,-0.422,-1.439
62.534,-1.256,10.894,3.473,0.200,-1.425
62.567,-1.240,10.972,3.474,0.408,-1.443
62.600,-1.242,10.979,3.474,0.633,-1.360
62.716,-1.246,10.986,3.475,0.846,-1.239
62.734,-1.280,11.008,3.477,1.184,-0.921
62.767,-1.295,11.007,3.477,1.294,-0.759
62.800,-1.302,11.005,3.477,1.340,-0.674
62.939,-1.310,11.002,3.478,1.363,-0.625
62.967,-1.353,10.941,3.480,1.202,0.898
63.000,-1.356,10.930,3.481,1.281,0.780
63.129,-1.357,10.918,3.481,1.370,0.612
63.134,-1.344,10.839,3.482,0.216,1.484
63.167,-1.331,10.813,3.482,0.505,1.412
63.200,-1.323,10.800,3.482,0.715,1.319
63.309,-1.314,10.788,3.483,1.008,1.111
63.334,-1.244,10.729,3.483,-0.718,1.317
63.367,-1.216,10.717,3.483,-0.231,1.482
63.400,-1.202,10.712,3.482,0.359,1.057
63.561,-1.187,10.709,3.482,0.826,0.628
63.567,-1.084,10.715,3.480,-1.469,-0.303
63.600,-1.058,10.727,3.479,-1.394,-0.554
63.756,-1.045,10.735,3.478,-1.328,-0.697
63.767,-0.972,10.827,3.475,-0.610,-1.370
63.800,-0.966,10.840,3.475,-0.492,-1.417
63.963,-0.962,10.854,3.475,-0.320,-1.466
63.967,-0.953,10.909,3.477,0.051,-1.499
64.000,-0.963,10.966,3.481,0.473,-1.424
64.154,-0.968,10.975,3.481,0.614,-1.369
64.167,-1.021,11.010,3.483,1.352,-0.651
64.200,-1.029,11.010,3.483,1.364,-0.623
64.352,-1.037,11.009,3.483,1.373,-0.604
64.367,-1.092,10.958,3.484,1.388,0.569
64.400,-1.097,10.948,3.484,1.422,0.479
64.559,-1.101,10.937,3.484,1.459,0.348
64.567,-1.099,10.838,3.487,0.471,1.424
64.600,-1.094,10.826,3.488,0.615,1.368
64.743,-1.081,10.802,3.489,1.033,1.088
64.767,-1.008,10.742,3.489,-0.413,1.442
64.800,-0.995,10.737,3.488,-0.151,1.492
64.947,-0.967,10.730,3.487,0.727,0.916
64.967,-0.865,10.739,3.483,-1.488,-0.189
65.000,-0.851,10.745,3.482,-1.447,-0.396
65.151,-0.837,10.752,3.482,-0.853,-0.546
65.167,-0.752,10.838,3.479,-0.641,-1.356
65.200,-0.746,10.851,3.479,-0.438,-1.435
65.349,-0.740,10.865,3.479,-0.179,-1.489
65.367,-0.727,10.964,3.485,0.384,-1.450
65.400,-0.729,10.974,3.486,0.565,-1.389
65.536,-0.732,10.983,3.487,0.756,-1.295
65.567,-0.777,11.020,3.491,1.269,-0.800
65.600,-0.784,11.020,3.492,1.300,-0.749
65.746,-0.790,11.019,3.492,1.323,-0.707
65.767,-0.832,10.971,3.494,1.468,0.308
65.800,-0.834,10.962,3.494,1.484,0.217
65.948,-0.836,10.951,3.494,1.497,0.087
65.967,-0.812,10.850,3.492,0.487,1.419
66.000,-0.805,10.837,3.491,0.690,1.332
66.130,-0.796,10.824,3.491,0.972,1.142
66.134,-0.738,10.767,3.488,-0.892,1.206
66.167,-0.693,10.741,3.487,-0.740,1.305
66.200,-0.677,10.734,3.486,-0.527,1.404
66.331,-0.661,10.727,3.486,0.057,1.186
66.334,-0.627,10.718,3.485,-1.372,0.607
66.367,-0.529,10.716,3.485,-1.500,0.027
66.401,-0.514,10.719,3.485,-1.492,-0.153
66.547,-0.486,10.728,3.485,0.054,-0.384
66.567,-0.420,10.787,3.480,-0.643,-1.355
66.600,-0.414,10.798,3.479,-0.354,-1.458
66.746,-0.410,10.808,3.478,0.025,-1.500
66.768,-0.415,10.891,3.478,0.605,-1.373
66.800,-0.420,10.899,3.478,0.734,-1.308
66.905,-0.432,10.913,3.479,0.996,-1.121
66.934,-0.468,10.933,3.482,1.266,-0.804
66.967,-0.484,10.933,3.484,1.333,-0.687
67.000,-0.492,10.932,3.485,1.363,-0.626
67.143,-0.507,10.926,3.486,1.398,-0.543
67.168,-0.539,10.877,3.490,1.389,0.567
67.200,-0.540,10.867,3.490,1.433,0.444
67.317,-0.541,10.856,3.490,1.473,0.282
67.334,-0.520,10.784,3.488,-0.026,1.500
67.367,-0.505,10.759,3.488,0.329,1.464
67.400,-0.496,10.747,3.487,0.585,1.381
67.518,-0.474,10.725,3.487,1.190,0.913
67.534,-0.406,10.680,3.485,-1.029,1.091
67.567,-0.375,10.668,3.485,-0.813,1.261
67.600,-0.359,10.663,3.484,-0.649,1.268
67.732,-0.343,10.659,3.484,0.029,0.770
67.734,-0.311,10.656,3.485,-1.386,0.574
67.767,-0.221,10.669,3.486,-1.139,-0.350
67.800,-0.208,10.675,3.486,-0.632,-0.427
67.949,-0.196,10.682,3.486,-0.039,-0.440
67.967,-0.134,10.765,3.484,-0.569,-1.388
68.000,-0.131,10.777,3.484,-0.454,-1.430
68.150,-0.129,10.801,3.484,0.028,-1.500
68.167,-0.150,10.875,3.488,0.559,-1.392
68.200,-0.157,10.883,3.488,0.616,-1.367
68.323,-0.171,10.895,3.489,0.823,-1.254
68.334,-0.213,10.910,3.491,1.267,-0.803
68.367,-0.230,10.908,3.492,1.306,-0.737
68.400,-0.238,10.906,3.493,1.314,-0.724
68.548,-0.246,10.902,3.493,1.316,-0.719
68.567,-0.289,10.840,3.493,1.338,0.678
68.600,-0.291,10.828,3.493,1.356,0.641
68.742,-0.291,10.804,3.492,1.449,0.371
68.767,-0.259,10.711,3.489,-0.324,1.465
68.800,-0.250,10.698,3.488,-0.324,1.465
68.914,-0.229,10.673,3.487,-0.176,1.490
68.934,-0.163,10.624,3.485,-1.133,0.984
68.967,-0.133,10.611,3.484,-1.135,0.981
69.000,-0.118,10.606,3.484,-1.180,0.926
69.120,-0.102,10.602,3.484,-1.177,0.930
69.134,-0.016,10.599,3.485,-1.492,0.157
69.167,0.008,10.607,3.486,-1.499,0.065
69.200,0.018,10.612,3.485,-1.500,-0.008
69.338,0.028,10.618,3.485,-1.498,-0.073
69.367,0.068,10.688,3.478,-0.839,-1.243
69.400,0.068,10.698,3.477,-0.842,-1.241
69.490,0.067,10.709,3.475,-0.819,-1.257
69.500,0.052,10.750,3.472,0.399,-1.446
69.534,0.038,10.769,3.470,0.428,-1.438
69.567,0.020,10.785,3.469,0.464,-1.427
69.600,0.010,10.793,3.469,0.493,-1.417
69.713,-0.001,10.799,3.469,0.396,-1.232
69.734,-0.072,10.819,3.469,1.419,-0.485
69.767,-0.096,10.818,3.470,1.408,-0.518
69.800,-0.107,10.815,3.470,1.402,-0.533
69.931,-0.118,10.812,3.471,1.378,-0.594
69.934,-0.147,10.797,3.472,1.417,0.493
69.967,-0.180,10.754,3.473,1.232,0.856
70.000,-0.184,10.744,3.473,1.239,0.846
70.140,-0.186,10.733,3.472,1.282,0.778
70.167,-0.169,10.641,3.472,-0.268,1.476
70.200,-0.162,10.630,3.472,-0.283,1.473
70.314,-0.155,10.620,3.472,-0.280,1.474
70.334,-0.090,10.579,3.472,-1.056,1.065
70.367,-0.064,10.573,3.471,-1.157,0.955
70.400,-0.051,10.571,3.471,-1.229,0.860
70.509,-0.037,10.571,3.471,-0.912,0.569
70.534,0.037,10.592,3.471,-1.447,-0.394
70.567,0.057,10.606,3.471,-1.425,-0.468
70.600,0.066,10.615,3.471,-1.403,-0.530
70.742,0.074,10.624,3.471,-1.387,-0.571
70.767,0.099,10.716,3.469,-0.357,-1.457
70.800,0.098,10.728,3.468,-0.344,-1.460
70.928,0.095,10.739,3.468,-0.349,-1.459
70.934,0.056,10.797,3.467,0.595,-1.377
70.967,0.037,10.810,3.466,0.623,-1.365
71.000,0.026,10.815,3.465,0.689,-1.332
71.144,0.015,10.819,3.465,0.675,-1.340
71.167,-0.078,10.814,3.464,1.499,-0.043
71.200,-0.088,10.808,3.464,1.498,-0.084
71.337,-0.098,10.802,3.464,1.492,-0.156
71.367,-0.148,10.718,3.460,0.839,1.244
71.400,-0.149,10.705,3.460,0.925,1.181
71.544,-0.150,10.678,3.458,1.078,1.043
71.567,-0.119,10.588,3.458,-0.417,1.441
71.600,-0.102,10.567,3.458,-0.321,1.465
71.741,-0.092,10.557,3.459,-0.220,1.484
71.767,-0.012,10.517,3.461,-1.341,0.671
71.800,0.001,10.516,3.461,-1.362,0.629
71.934,0.012,10.515,3.461,-1.374,0.601
71.967,0.091,10.548,3.464,-1.303,-0.742
72.000,0.097,10.556,3.464,-1.150,-0.963
72.128,0.103,10.565,3.464,-0.974,-1.140
72.134,0.115,10.629,3.465,-0.145,-1.493
72.167,0.110,10.651,3.465,0.018,-1.500
72.200,0.106,10.662,3.465,0.172,-1.490
72.309,0.101,10.673,3.466,0.287,-1.472
72.335,0.053,10.723,3.468,0.803,-1.267
72.367,0.031,10.734,3.469,0.914,-1.189
72.400,0.020,10.738,3.470,0.981,-1.135
72.526,0.009,10.740,3.471,1.005,-1.114
72.534,-0.055,10.734,3.475,1.500,-0.026
72.567,-0.073,10.724,3.476,1.494,-0.134
72.600,-0.081,10.717,3.476,1.476,-0.265
72.721,-0.087,10.709,3.476,1.448,-0.393
72.734,-0.108,10.647,3.474,1.148,0.965
72.767,-0.107,10.623,3.472,1.353,0.648
72.800,-0.105,10.610,3.471,1.298,0.289
72.939,-0.096,10.584,3.469,1.041,-0.246
72.968,-0.034,10.502,3.464,-0.685,1.335
73.000,-0.021,10.493,3.463,-0.665,1.333
73.142,-0.007,10.484,3.462,-0.229,0.629
73.168,0.123,10.447,3.459,-1.492,0.154
73.200,0.140,10.447,3.459,-1.499,-0.044
73.338,0.157,10.447,3.460,-1.469,-0.302
73.367,0.271,10.483,3.465,-1.329,-0.696
73.400,0.281,10.490,3.466,-1.237,-0.849
73.544,0.290,10.498,3.466,-1.116,-1.002
73.567,0.325,10.564,3.470,-0.374,-1.453
73.601,0.325,10.571,3.471,-0.219,-1.484
73.745,0.321,10.584,3.472,0.063,-1.499
73.767,0.276,10.605,3.471,0.977,-1.138
73.802,0.257,10.603,3.470,0.973,-1.142
73.936,0.257,10.603,3.470,0.973,-1.142
73.967,0.174,10.552,3.469,1.440,0.420
74.000,0.165,10.541,3.469,1.481,0.235
74.144,0.156,10.530,3.469,1.500,0.014
74.167,0.117,10.415,3.470,0.985,1.131
74.200,0.117,10.399,3.470,1.124,0.993
74.322,0.118,10.384,3.470,1.317,0.719
74.334,0.144,10.301,3.470,-0.303,1.469
74.367,0.161,10.278,3.470,-0.140,1.493
74.401,0.181,10.260,3.469,0.358,0.640
74.539,0.192,10.252,3.469,0.605,-0.016
74.567,0.282,10.226,3.463,-1.500,-0.036
74.600,0.295,10.227,3.462,-1.463,-0.333
74.702,0.308,10.229,3.462,-1.307,-0.736
74.734,0.379,10.260,3.462,-1.013,-1.107
74.767,0.398,10.277,3.463,-0.477,-1.422
74.800,0.406,10.285,3.464,-0.198,-1.487
74.925,0.413,10.295,3.465,0.079,-1.498
74.934,0.437,10.347,3.477,-0.261,-1.477
74.968,0.438,10.362,3.481,0.026,-1.500
75.000,0.438,10.368,3.483,0.175,-1.490
75.127,0.436,10.373,3.485,0.309,-1.468
75.134,0.415,10.385,3.495,1.061,-1.061
75.167,0.405,10.380,3.497,1.026,-1.094
75.200,0.400,10.377,3.498,1.010,-1.109
75.319,0.394,10.372,3.498,0.967,-1.146
75.335,0.365,10.320,3.502,1.264,0.808
75.367,0.359,10.295,3.502,1.468,0.306
75.400,0.357,10.281,3.502,1.500,-0.004
75.552,0.355,10.267,3.503,1.448,-0.393
75.567,0.376,10.139,3.505,0.015,1.500
75.600,0.383,10.123,3.505,0.188,1.488
75.746,0.391,10.108,3.505,0.571,1.318
75.767,0.486,10.006,3.505,-1.104,1.016
75.800,0.501,9.997,3.505,-1.168,0.941
75.940,0.516,9.989,3.505,-1.248,0.832
75.967,0.632,9.963,3.507,-1.477,0.262
76.000,0.645,9.964,3.507,-1.500,0.010
76.127,0.667,9.970,3.507,-1.148,-0.923
76.134,0.708,9.999,3.505,-1.103,-1.016
76.168,0.717,10.015,3.503,-0.706,-1.323
76.200,0.720,10.023,3.502,-0.449,-1.431
76.320,0.723,10.042,3.501,0.021,-1.500
76.334,0.709,10.088,3.498,0.449,-1.431
76.367,0.697,10.104,3.498,0.524,-1.405
76.400,0.682,10.117,3.498,0.609,-1.371
76.533,0.682,10.117,3.498,0.609,-1.371
76.534,0.664,10.128,3.499,1.020,-1.099
76.567,0.603,10.135,3.501,1.266,-0.805
76.600,0.593,10.133,3.501,1.219,-0.874
76.704,0.583,10.130,3.501,1.149,-0.964
76.734,0.539,10.088,3.501,1.493,0.145
76.767,0.530,10.068,3.500,1.471,-0.292
76.800,0.527,10.056,3.499,1.414,-0.500
76.936,0.526,10.044,3.499,1.303,-0.742
76.967,0.550,9.934,3.489,-0.066,1.499
77.000,0.558,9.920,3.487,0.029,1.500
77.148,0.567,9.906,3.486,0.291,1.471
77.167,0.672,9.803,3.481,-1.158,0.953
77.200,0.688,9.793,3.481,-1.225,0.866
77.356,0.704,9.783,3.482,-1.308,0.735
77.367,0.826,9.736,3.492,-1.481,0.235
77.400,0.839,9.735,3.493,-1.498,0.086
77.558,0.851,9.734,3.495,-1.496,-0.111
77.567,0.915,9.758,3.498,-1.188,-0.916
77.600,0.918,9.764,3.497,-1.057,-1.065
77.736,0.920,9.771,3.497,-0.876,-1.217
77.767,0.897,9.829,3.493,0.451,-1.431
77.800,0.890,9.836,3.492,0.484,-1.420
77.951,0.881,9.842,3.492,0.502,-1.414
77.967,0.787,9.863,3.491,1.236,-0.849
78.000,0.774,9.861,3.491,1.193,-0.909
78.143,0.760,9.858,3.491,1.123,-0.995
78.167,0.670,9.802,3.491,1.438,0.428
78.200,0.662,9.791,3.491,1.473,0.281
78.345,0.655,9.779,3.490,1.499,0.056
78.367,0.636,9.670,3.485,0.664,1.345
78.400,0.639,9.656,3.484,0.803,1.267
78.551,0.643,9.642,3.483,1.049,1.072
78.568,0.708,9.552,3.477,-0.928,1.178
78.600,0.720,9.544,3.476,-1.084,1.037
78.744,0.746,9.531,3.474,-0.209,-0.314
78.767,0.844,9.521,3.471,-1.455,-0.366
78.800,0.857,9.524,3.471,-1.308,-0.734
78.929,0.870,9.528,3.471,-1.037,-1.084
78.934,0.933,9.569,3.473,-0.903,-1.198
78.968,0.947,9.588,3.474,-0.505,-1.412
79.000,0.953,9.597,3.474,-0.300,-1.470
79.124,0.957,9.607,3.475,-0.101,-1.497
79.134,0.962,9.658,3.482,-0.032,-1.500
79.167,0.956,9.671,3.484,0.124,-1.495
79.200,0.952,9.676,3.485,0.206,-1.486
79.338,0.942,9.684,3.487,0.345,-1.460
79.367,0.893,9.678,3.490,1.325,-0.702
79.400,0.886,9.673,3.490,1.250,-0.829
79.541,0.878,9.667,3.490,1.139,-0.976
79.567,0.830,9.580,3.489,1.117,1.001
79.600,0.827,9.565,3.489,1.267,0.803
79.753,0.824,9.550,3.489,1.441,0.417
79.767,0.838,9.421,3.492,-0.197,1.487
79.800,0.845,9.406,3.493,-0.156,1.492
79.929,0.852,9.391,3.493,-0.061,1.499
79.934,0.911,9.316,3.496,-1.037,1.084
79.967,0.935,9.298,3.497,-1.137,0.978
80.000,0.948,9.291,3.497,-1.268,0.801
80.159,0.961,9.285,3.497,-1.310,0.414
80.167,1.053,9.276,3.501,-1.479,-0.248
80.200,1.061,9.279,3.501,-1.411,-0.509
80.358,1.069,9.283,3.501,-1.275,-0.790
80.367,1.097,9.344,3.496,-0.634,-1.359
80.400,1.095,9.353,3.495,-0.491,-1.417
80.553,1.093,9.362,3.494,-0.345,-1.460
80.567,1.035,9.427,3.490,0.933,-1.175
80.600,1.024,9.433,3.489,0.905,-1.196
80.726,1.012,9.438,3.489,0.860,-1.229
80.734,0.934,9.445,3.488,1.308,-0.734
80.767,0.908,9.439,3.489,1.231,-0.857
80.800,0.896,9.435,3.489,1.181,-0.925
80.956,0.872,9.423,3.489,1.039,-1.082
80.967,0.815,9.354,3.487,1.138,0.977
81.000,0.810,9.342,3.486,1.230,0.859
81.150,0.807,9.329,3.485,1.354,0.644
81.167,0.822,9.215,3.480,-0.080,1.498
81.200,0.829,9.202,3.479,-0.010,1.500
81.322,0.837,9.189,3.479,0.173,1.490
81.334,0.900,9.124,3.476,-1.135,0.980
81.367,0.926,9.110,3.475,-1.259,0.816
81.400,0.939,9.104,3.475,-1.372,0.607
81.520,0.953,9.100,3.475,-1.241,0.103
81.534,1.029,9.096,3.477,-1.459,-0.349
81.567,1.051,9.103,3.477,-1.313,-0.725
81.600,1.060,9.108,3.477,-1.099,-1.021
81.719,1.077,9.119,3.478,-0.542,-1.399
81.734,1.101,9.158,3.480,-0.488,-1.418
81.767,1.103,9.175,3.481,-0.262,-1.477
81.800,1.102,9.184,3.482,-0.134,-1.494
81.939,1.101,9.191,3.482,-0.013,-1.500
81.967,1.055,9.233,3.487,0.772,-1.286
82.000,1.047,9.234,3.487,0.759,-1.294
82.125,1.038,9.234,3.488,0.725,-1.313
82.134,0.981,9.213,3.489,1.500,0.003
82.167,0.963,9.198,3.489,1.468,-0.306
82.200,0.955,9.188,3.489,1.419,-0.488
82.329,0.947,9.178,3.489,1.318,-0.717
82.334,0.920,9.114,3.488,0.901,1.199
82.367,0.914,9.070,3.487,1.110,1.009
82.400,0.914,9.054,3.487,1.286,0.773
82.499,0.915,9.039,3.486,1.473,0.284
82.500,0.917,9.024,3.486,0.396,1.447
82.534,0.944,8.950,3.486,-0.174,1.490
82.567,0.962,8.925,3.486,-0.004,1.500
82.600,0.972,8.913,3.486,0.117,0.666
82.729,0.983,8.902,3.486,0.306,-0.050
82.734,1.058,8.857,3.483,-1.367,0.619
82.767,1.086,8.850,3.482,-1.463,0.330
82.800,1.099,8.848,3.482,-1.499,-0.055
82.894,1.113,8.847,3.482,-1.388,-0.569
82.900,1.163,8.855,3.482,-1.354,-0.645
82.934,1.185,8.865,3.482,-1.168,-0.941
82.967,1.204,8.878,3.483,-0.786,-1.278
83.000,1.212,8.885,3.483,-0.562,-1.391
83.133,1.219,8.892,3.484,-0.324,-1.464
83.134,1.231,8.908,3.486,-0.498,-1.415
83.167,1.242,8.954,3.495,-0.186,-1.488
83.200,1.241,8.960,3.496,-0.066,-1.499
83.279,1.238,8.965,3.498,0.039,-1.499
83.300,1.221,8.978,3.502,0.805,-1.266
83.334,1.209,8.979,3.503,0.735,-1.308
83.367,1.195,8.976,3.504,0.703,-1.325
83.400,1.187,8.972,3.504,0.700,-1.327
83.524,1.179,8.968,3.505,0.651,-1.351
83.534,1.134,8.918,3.504,1.286,0.772
83.567,1.122,8.893,3.503,1.446,0.397
83.600,1.117,8.879,3.503,1.496,0.107
83.743,1.112,8.865,3.502,1.464,-0.329
83.767,1.106,8.731,3.501,0.232,1.482
83.800,1.110,8.714,3.501,0.346,1.459
83.902,1.114,8.697,3.501,0.579,1.384
83.934,1.161,8.610,3.501,-0.629,1.362
83.967,1.183,8.587,3.501,-0.537,0.734
84.000,1.194,8.577,3.500,-0.288,-0.062
84.132,1.207,8.568,3.500,-0.023,-0.606
84.134,1.232,8.554,3.500,-1.420,0.485
84.167,1.307,8.536,3.502,-1.491,-0.160
84.200,1.318,8.537,3.503,-1.414,-0.501
84.339,1.329,8.538,3.503,-1.228,-0.862
84.367,1.387,8.576,3.509,-0.913,-1.190
84.400,1.390,8.583,3.509,-0.760,-1.293
84.513,1.392,8.590,3.510,-0.584,-1.381
84.534,1.382,8.627,3.515,0.293,-1.471
84.567,1.371,8.636,3.516,0.354,-1.458
84.600,1.364,8.639,3.516,0.392,-1.448
84.734,1.357,8.641,3.517,0.396,-1.447
84.767,1.278,8.627,3.517,1.468,-0.309
84.800,1.267,8.621,3.517,1.424,-0.471
84.917,1.257,8.613,3.517,1.337,-0.681
84.934,1.203,8.547,3.515,1.189,0.915
84.967,1.190,8.519,3.514,1.376,0.597
85.000,1.185,8.504,3.514,1.462,0.334
85.101,1.181,8.489,3.514,1.497,-0.101
85.134,1.178,8.395,3.513,0.972,1.142
85.167,1.185,8.366,3.513,1.061,0.244
85.200,1.190,8.353,3.513,0.897,-0.223
85.321,1.197,8.340,3.513,0.831,-0.687
85.334,1.254,8.281,3.509,-1.089,1.031
85.367,1.280,8.268,3.508,-1.371,0.608
85.400,1.294,8.263,3.507,-1.005,-0.172
85.506,1.309,8.259,3.507,-0.550,-0.694
85.534,1.405,8.251,3.510,-1.480,-0.243
85.567,1.437,8.254,3.514,-1.363,-0.625
85.600,1.452,8.257,3.516,-1.227,-0.862
85.710,1.467,8.260,3.518,-1.000,-1.118
85.734,1.540,8.285,3.532,-1.115,-1.003
85.767,1.557,8.293,3.536,-0.787,-1.277
85.800,1.564,8.298,3.539,-0.602,-1.374
85.934,1.570,8.301,3.541,-0.402,-1.445
85.967,1.579,8.311,3.552,0.116,-1.496
86.000,1.576,8.309,3.552,0.190,-1.488
86.143,1.572,8.306,3.552,0.222,-1.483
86.167,1.517,8.244,3.546,1.314,0.724
86.200,1.508,8.232,3.544,1.433,0.443
86.348,1.500,8.218,3.543,1.500,0.037
86.367,1.440,8.083,3.539,0.769,1.288
86.400,1.435,8.064,3.539,0.870,1.222
86.548,1.430,8.045,3.540,1.017,1.102
86.567,1.426,7.914,3.547,0.339,1.461
86.600,1.429,7.901,3.547,0.512,1.410
86.739,1.433,7.889,3.547,0.731,0.953
86.767,1.489,7.832,3.540,-1.179,0.629
86.801,1.508,7.829,3.536,-0.510,-0.677
86.949,1.517,7.829,3.535,-0.225,-1.072
86.967,1.586,7.860,3.527,-1.023,-1.097
87.000,1.594,7.868,3.526,-0.885,-1.211
87.147,1.602,7.877,3.526,-0.713,-1.320
87.168,1.639,7.959,3.532,-0.324,-1.465
87.200,1.640,7.968,3.533,-0.246,-1.480
87.342,1.639,7.978,3.535,-0.166,-1.491
87.367,1.606,8.025,3.540,0.534,-1.402
87.400,1.599,8.026,3.540,0.524,-1.405
87.550,1.583,8.026,3.539,0.487,-1.419
87.567,1.523,7.991,3.533,1.500,0.021
87.600,1.515,7.981,3.532,1.486,-0.204
87.732,1.507,7.971,3.531,1.409,-0.513
87.734,1.500,7.959,3.530,1.499,0.044
87.767,1.468,7.857,3.522,0.909,1.193
87.800,1.467,7.840,3.521,1.092,1.029
87.949,1.467,7.807,3.520,1.132,-0.029
87.967,1.498,7.699,3.518,-0.444,1.433
88.000,1.506,7.686,3.517,-0.475,1.423
88.146,1.515,7.673,3.517,-0.503,1.413
88.167,1.605,7.610,3.513,-1.380,0.588
88.200,1.617,7.607,3.512,-1.472,0.289
88.348,1.629,7.605,3.512,-1.492,-0.154
88.367,1.709,7.624,3.509,-1.212,-0.884
88.400,1.716,7.630,3.508,-1.068,-1.053
88.527,1.721,7.637,3.508,-0.881,-1.214
88.534,1.734,7.688,3.505,-0.160,-1.491
88.567,1.730,7.706,3.505,-0.048,-1.499
88.600,1.726,7.715,3.505,0.011,-1.500
88.703,1.721,7.723,3.505,0.057,-1.499
88.734,1.674,7.759,3.505,0.792,-1.274
88.767,1.653,7.764,3.504,0.708,-1.323
88.800,1.642,7.765,3.504,0.674,-1.340
88.946,1.631,7.765,3.504,0.604,-1.373
88.967,1.551,7.726,3.503,1.499,-0.058
89.000,1.543,7.717,3.502,1.476,-0.267
89.094,1.530,7.695,3.501,1.289,-0.768
89.100,1.513,7.641,3.496,1.372,0.606
89.134,1.511,7.626,3.495,1.481,0.236
89.167,1.511,7.595,3.492,1.221,-0.559
89.200,1.512,7.578,3.491,1.011,-0.814
89.347,1.518,7.546,3.489,0.756,-1.246
89.367,1.571,7.440,3.483,-0.810,1.263
89.400,1.583,7.426,3.483,-0.942,1.167
89.543,1.608,7.400,3.483,-0.657,0.068
89.567,1.716,7.325,3.490,-1.355,0.643
89.600,1.732,7.316,3.492,-1.431,0.448
89.740,1.747,7.308,3.494,-1.492,0.154
89.768,1.851,7.270,3.514,-1.499,-0.057
89.800,1.861,7.268,3.516,-1.463,-0.333
89.896,1.869,7.267,3.518,-1.331,-0.693
89.900,1.891,7.270,3.522,-1.247,-0.834
89.934,1.895,7.275,3.523,-0.776,-1.283
89.967,1.895,7.281,3.523,-0.320,-1.465
90.000,1.893,7.284,3.524,-0.157,-1.492
90.130,1.891,7.288,3.524,-0.053,-1.499
90.134,1.868,7.303,3.525,0.924,-1.181
90.167,1.832,7.312,3.527,0.914,-1.189
90.200,1.822,7.312,3.528,0.836,-1.246
90.300,1.811,7.312,3.529,0.727,-1.312
90.334,1.743,7.292,3.535,1.436,-0.435
90.367,1.722,7.278,3.537,1.276,-0.789
90.400,1.713,7.270,3.538,1.170,-0.938
90.473,1.705,7.260,3.538,1.009,-1.110
90.500,1.678,7.215,3.538,1.454,-0.367
90.534,1.671,7.188,3.537,1.186,-0.919
90.567,1.668,7.159,3.536,0.877,-1.152
90.600,1.668,7.144,3.535,0.752,-1.298
90.700,1.669,7.128,3.533,0.621,-1.366
90.734,1.698,7.030,3.525,-0.094,1.215
90.767,1.716,6.995,3.523,-0.008,-0.031
90.800,1.727,6.978,3.522,0.029,-0.549
90.953,1.738,6.961,3.521,0.135,-0.968
90.967,1.844,6.823,3.527,-1.016,1.103
91.000,1.857,6.807,3.529,-1.076,1.045
91.108,1.871,6.791,3.532,-1.158,0.953
91.134,1.947,6.706,3.551,-1.179,0.927
91.167,1.967,6.682,3.558,-1.398,0.543
91.200,1.977,6.671,3.561,-1.476,0.268
91.348,1.985,6.662,3.564,-0.992,-0.316
91.367,2.019,6.613,3.578,-1.235,0.851
91.400,2.019,6.610,3.578,-1.183,0.517
91.549,2.018,6.609,3.578,-0.777,-0.098
91.567,1.970,6.624,3.568,1.150,-0.964
91.600,1.960,6.629,3.566,1.091,-1.030
91.746,1.948,6.634,3.564,0.974,-1.140
91.767,1.833,6.693,3.560,1.231,-0.857
91.800,1.818,6.701,3.561,1.210,-0.886
91.915,1.803,6.708,3.563,1.162,-0.949
91.934,1.721,6.743,3.575,1.267,-0.803
91.967,1.700,6.749,3.579,1.186,-0.919
92.000,1.691,6.751,3.580,1.164,-0.946
92.151,1.682,6.752,3.581,1.095,-1.026
92.167,1.654,6.731,3.578,1.374,0.602
92.201,1.656,6.724,3.577,1.325,0.419
92.351,1.662,6.709,3.572,0.845,-0.227
92.367,1.716,6.639,3.554,-0.978,1.138
92.400,1.728,6.628,3.551,-0.989,1.128
92.551,1.754,6.607,3.547,-0.923,0.817
92.567,1.865,6.549,3.542,-1.348,0.657
92.601,1.898,6.539,3.543,-1.415,0.499
92.751,1.914,6.535,3.543,-1.458,0.353
92.767,2.008,6.535,3.546,-1.500,-0.037
92.800,2.018,6.538,3.546,-1.494,-0.131
92.924,2.027,6.542,3.545,-1.480,-0.246
92.934,2.057,6.579,3.539,-0.874,-1.219
92.967,2.058,6.595,3.535,-0.743,-1.303
93.000,2.057,6.603,3.534,-0.651,-1.351
93.133,2.051,6.619,3.531,-0.449,-1.431
93.134,2.041,6.635,3.528,0.468,-1.425
93.167,1.999,6.667,3.522,0.818,-1.257
93.200,1.989,6.672,3.522,0.809,-1.263
93.317,1.977,6.675,3.521,0.760,-1.293
93.334,1.904,6.678,3.518,1.491,-0.164
93.367,1.880,6.670,3.518,1.477,-0.262
93.400,1.868,6.665,3.518,1.466,-0.320
93.545,1.858,6.659,3.518,1.434,-0.439
93.567,1.800,6.580,3.513,1.073,1.049
93.600,1.797,6.568,3.512,1.105,1.014
93.744,1.796,6.556,3.511,1.181,0.925
93.767,1.822,6.458,3.504,-0.283,1.473
93.800,1.830,6.447,3.503,-0.296,1.470
93.881,1.849,6.428,3.501,-0.318,1.466
93.900,1.883,6.406,3.499,-0.344,1.460
93.935,1.908,6.396,3.497,-0.367,0.650
93.967,1.935,6.390,3.495,-0.396,0.149
94.000,1.948,6.389,3.495,-0.409,-0.015
94.112,1.961,6.388,3.494,-0.285,-0.145
94.134,2.034,6.409,3.495,-1.418,-0.488
94.167,2.053,6.422,3.496,-1.355,-0.644
94.200,2.062,6.430,3.497,-1.298,-0.752
94.321,2.070,6.438,3.499,-1.227,-0.862
94.334,2.101,6.490,3.507,-0.761,-1.293
94.367,2.104,6.506,3.511,-0.682,-1.336
94.400,2.104,6.513,3.512,-0.623,-1.365
94.481,2.103,6.520,3.514,-0.571,-1.387
94.500,2.090,6.541,3.519,0.334,-1.462
94.534,2.079,6.547,3.520,0.363,-1.455
94.567,2.064,6.549,3.521,0.410,-1.353
94.600,2.048,6.547,3.521,0.398,-0.951
94.728,2.048,6.547,3.521,0.398,-0.951
94.734,1.990,6.515,3.520,1.404,0.528
94.767,1.971,6.497,3.519,1.429,0.455
94.800,1.962,6.486,3.518,1.446,0.398
94.918,1.953,6.474,3.518,1.319,0.215
94.934,1.915,6.387,3.518,0.694,1.330
94.967,1.908,6.356,3.519,0.718,1.317
95.000,1.907,6.340,3.519,0.731,1.310
95.095,1.906,6.325,3.520,0.781,1.281
95.100,1.912,6.268,3.523,-0.085,1.498
95.135,1.920,6.244,3.524,-0.217,1.484
95.167,1.932,6.222,3.524,-0.239,1.481
95.200,1.939,6.213,3.524,-0.269,1.476
95.289,1.954,6.198,3.524,-0.209,0.934
95.300,1.981,6.183,3.522,-1.182,0.924
95.334,2.000,6.179,3.521,-1.286,0.772
95.367,2.018,6.179,3.520,-0.831,0.268
95.400,2.027,6.181,3.519,-0.683,0.091
95.486,2.036,6.184,3.519,-0.492,-0.019
95.500,2.066,6.206,3.518,-1.298,-0.751
95.534,2.077,6.222,3.518,-1.175,-0.932
95.567,2.085,6.240,3.518,-0.697,-0.836
95.600,2.087,6.250,3.518,-0.524,-0.805
95.723,2.089,6.260,3.519,-0.375,-0.685
95.734,2.079,6.321,3.524,0.299,-1.470
95.767,2.069,6.338,3.526,0.318,-1.466
95.800,2.063,6.346,3.527,0.336,-1.462
95.932,2.048,6.359,3.529,0.359,-1.456
95.934,2.031,6.369,3.531,0.896,-1.203
95.967,1.984,6.376,3.535,1.383,-0.580
96.000,1.975,6.374,3.535,1.372,-0.606
96.104,1.966,6.371,3.536,1.338,-0.679
96.134,1.921,6.333,3.537,1.390,0.564
96.167,1.911,6.313,3.537,1.407,0.521
96.200,1.908,6.302,3.536,1.269,0.470
96.314,1.905,6.290,3.536,0.946,0.251
96.334,1.912,6.215,3.533,0.054,1.499
96.367,1.922,6.190,3.531,0.023,1.500
96.400,1.929,6.178,3.531,-0.023,1.462
96.534,1.937,6.167,3.530,0.007,0.980
96.567,2.029,6.102,3.525,-1.208,0.890
96.600,2.042,6.098,3.524,-1.228,0.861
96.708,2.056,6.095,3.523,-1.243,0.840
96.734,2.134,6.099,3.522,-1.500,-0.013
96.767,2.156,6.108,3.521,-1.496,-0.104
96.800,2.166,6.114,3.521,-1.489,-0.178
96.943,2.175,6.120,3.521,-1.482,-0.234
96.967,2.214,6.194,3.516,-0.633,-1.360
97.000,2.214,6.204,3.515,-0.615,-1.368
97.121,2.213,6.214,3.514,-0.611,-1.370
97.134,2.185,6.270,3.510,0.561,-1.391
97.167,2.168,6.285,3.509,0.566,-1.389
97.200,2.159,6.291,3.508,0.577,-1.385
97.339,2.149,6.296,3.508,0.542,-1.399
97.367,2.056,6.304,3.506,1.489,-0.180
97.400,2.045,6.301,3.506,1.487,-0.197
97.503,2.035,6.296,3.506,1.479,-0.248
97.534,1.984,6.248,3.504,1.206,0.893
97.567,1.974,6.226,3.503,1.214,0.882
97.600,1.971,6.214,3.502,1.207,0.890
97.674,1.968,6.202,3.502,1.096,0.739
97.700,1.969,6.152,3.500,0.115,1.496
97.734,1.976,6.128,3.499,0.085,1.498
97.767,1.987,6.106,3.498,-0.021,1.127
97.800,1.994,6.095,3.498,-0.075,0.865
97.956,2.011,6.077,3.497,-0.096,0.458
97.967,2.088,6.044,3.496,-1.393,0.557
98.000,2.100,6.043,3.496,-1.401,0.535
98.140,2.112,6.044,3.496,-1.408,0.518
98.167,2.195,6.085,3.497,-1.376,-0.597
98.200,2.203,6.094,3.498,-1.364,-0.624
98.356,2.210,6.103,3.498,-1.356,-0.641
98.367,2.231,6.189,3.501,-0.342,-1.460
98.400,2.229,6.199,3.501,-0.333,-1.463
98.552,2.226,6.209,3.502,-0.338,-1.461
98.568,2.167,6.267,3.502,1.102,-1.018
98.600,2.157,6.271,3.502,1.095,-1.025
98.748,2.134,6.275,3.501,1.064,-1.057
98.767,2.050,6.255,3.500,1.489,0.179
98.800,2.039,6.248,3.500,1.496,0.112
98.940,2.029,6.240,3.500,1.499,0.046
98.967,1.976,6.154,3.500,1.046,1.075
99.000,1.974,6.142,3.500,1.095,1.025
99.088,1.973,6.129,3.499,1.151,0.962
99.100,1.980,6.082,3.499,-0.095,1.497
99.134,1.990,6.060,3.498,-0.135,1.494
99.167,2.003,6.041,3.498,-0.209,1.266
99.200,2.012,6.033,3.497,-0.201,0.708
99.347,2.021,6.026,3.497,-0.126,0.342
99.367,2.111,6.002,3.494,-1.495,0.122
99.401,2.135,6.007,3.493,-1.483,-0.225
99.528,2.146,6.011,3.493,-1.440,-0.421
99.534,2.196,6.044,3.494,-1.198,-0.902
99.567,2.211,6.063,3.495,-1.112,-1.007
99.600,2.218,6.073,3.495,-1.020,-1.099
99.752,2.227,6.094,3.496,-0.841,-1.242
99.767,2.231,6.164,3.503,-0.070,-1.498
99.800,2.228,6.172,3.504,-0.054,-1.499
99.929,2.223,6.179,3.505,-0.052,-1.499
99.934,2.179,6.205,3.505,1.126,-0.992
99.967,2.159,6.205,3.504,1.087,-1.033
100.000,2.148,6.203,3.503,1.042,-1.079
100.106,2.138,6.200,3.502,0.947,-1.163
100.134,2.074,6.161,3.498,1.493,-0.148
100.167,2.056,6.140,3.497,1.456,-0.362
100.200,2.048,6.129,3.497,1.269,-0.568
100.299,2.041,6.116,3.496,0.951,-0.688
100.300,2.035,6.103,3.495,1.038,1.083
100.334,2.017,6.031,3.491,0.612,1.369
100.367,2.017,6.000,3.490,0.716,1.318
100.400,2.019,5.985,3.489,0.667,0.909
100.497,2.022,5.969,3.489,0.513,0.350
100.500,2.053,5.897,3.487,-0.644,1.355
100.534,2.061,5.885,3.487,-0.676,1.339
100.567,2.081,5.861,3.487,-0.811,1.262
100.600,2.092,5.851,3.487,-0.958,1.154
100.727,2.103,5.842,3.487,-0.699,0.569
100.734,2.176,5.806,3.489,-1.384,0.578
100.767,2.198,5.802,3.490,-1.447,0.396
100.800,2.218,5.803,3.491,-1.500,0.023
100.933,2.218,5.803,3.491,-1.500,0.023
100.934,2.236,5.808,3.491,-1.403,-0.530
100.967,2.265,5.842,3.489,-0.950,-1.161
101.000,2.267,5.850,3.488,-0.849,-1.236
101.143,2.267,5.858,3.487,-0.754,-1.297
101.167,2.228,5.928,3.482,0.493,-1.417
101.200,2.219,5.936,3.482,0.482,-1.420
101.326,2.198,5.949,3.481,0.436,-1.435
101.334,2.134,5.967,3.481,1.270,-0.798
101.367,2.107,5.967,3.481,1.211,-0.885
101.400,2.094,5.965,3.481,1.205,-0.893
101.519,2.081,5.963,3.481,1.128,-0.989
101.534,2.011,5.926,3.481,1.391,0.560
101.567,1.994,5.906,3.481,1.433,0.443
101.600,1.987,5.896,3.480,1.434,0.439
101.743,1.981,5.884,3.480,1.470,0.297
101.767,1.971,5.781,3.475,0.425,1.439
101.800,1.974,5.768,3.474,0.428,1.438
101.926,1.985,5.744,3.473,0.431,1.197
101.934,2.028,5.695,3.470,-0.985,1.131
101.967,2.051,5.681,3.468,-1.073,1.049
102.000,2.064,5.675,3.467,-1.140,0.974
102.127,2.077,5.671,3.467,-1.131,0.831
102.134,2.157,5.666,3.466,-1.498,-0.077
102.168,2.182,5.673,3.466,-1.489,-0.185
102.200,2.194,5.678,3.467,-1.476,-0.267
102.348,2.205,5.684,3.467,-1.457,-0.358
102.368,2.261,5.755,3.468,-0.875,-1.219
102.400,2.263,5.765,3.468,-0.831,-1.249
102.556,2.265,5.775,3.468,-0.794,-1.273
102.567,2.237,5.846,3.469,0.588,-1.380
102.600,2.229,5.852,3.469,0.580,-1.383
102.695,2.211,5.861,3.469,0.545,-1.397
102.700,2.179,5.868,3.468,1.095,-1.025
102.734,2.156,5.868,3.468,1.160,-0.951
102.767,2.132,5.863,3.468,1.133,-0.983
102.800,2.120,5.859,3.468,1.115,-0.972
102.947,2.097,5.848,3.468,0.709,-0.751
102.967,2.035,5.779,3.468,1.120,0.998
103.000,2.030,5.766,3.468,1.112,1.006
103.138,2.025,5.753,3.467,1.155,0.958
103.168,2.030,5.633,3.467,-0.050,1.499
103.201,2.035,5.619,3.467,-0.123,1.495
103.306,2.049,5.591,3.468,-0.240,1.481
103.334,2.097,5.534,3.469,-0.850,1.236
103.367,2.121,5.517,3.469,-0.983,1.133
103.400,2.133,5.511,3.469,-1.130,0.987
103.499,2.145,5.505,3.469,-1.226,0.865
103.500,2.157,5.501,3.470,-1.388,0.568
103.534,2.215,5.495,3.472,-1.483,0.223
103.567,2.235,5.500,3.473,-1.497,0.097
103.600,2.243,5.504,3.473,-1.500,0.006
103.732,2.251,5.509,3.473,-1.498,-0.072
103.734,2.264,5.522,3.472,-1.218,-0.875
103.767,2.278,5.575,3.468,-0.933,-1.174
103.800,2.277,5.585,3.468,-0.932,-1.175
103.936,2.274,5.595,3.467,-0.963,-1.150
103.967,2.216,5.668,3.463,0.649,-1.352
104.000,2.205,5.674,3.462,0.491,-1.417
104.148,2.192,5.680,3.462,0.308,-1.468
104.168,2.080,5.691,3.461,1.470,-0.299
104.200,2.066,5.687,3.461,1.446,-0.398
104.358,2.052,5.683,3.461,1.402,-0.533
104.367,1.963,5.612,3.460,1.137,0.979
104.400,1.956,5.600,3.460,1.135,0.981
104.543,1.944,5.575,3.459,1.141,0.973
104.567,1.939,5.485,3.459,-0.083,1.498
104.600,1.943,5.474,3.460,-0.240,1.481
104.719,1.953,5.453,3.460,-0.660,1.010
104.734,1.994,5.415,3.459,-1.209,0.888
104.767,2.014,5.406,3.459,-1.377,0.595
104.800,2.025,5.404,3.459,-1.473,0.285
104.955,2.036,5.402,3.459,-1.500,0.012
104.967,2.116,5.429,3.462,-1.336,-0.681
105.000,2.124,5.437,3.463,-1.317,-0.719
105.123,2.131,5.445,3.463,-1.295,-0.757
105.134,2.151,5.502,3.468,-0.645,-1.354
105.167,2.149,5.522,3.469,-0.664,-1.345
105.200,2.146,5.532,3.470,-0.674,-1.340
105.352,2.143,5.541,3.471,-0.712,-1.320
105.367,2.081,5.593,3.474,0.869,-1.223
105.400,2.069,5.595,3.474,0.758,-1.294
105.489,2.058,5.596,3.474,0.575,-1.386
105.500,2.007,5.591,3.473,1.445,-0.404
105.534,1.981,5.582,3.473,1.367,-0.619
105.567,1.956,5.569,3.473,1.120,-0.997
105.600,1.944,5.560,3.473,0.730,-0.937
105.748,1.932,5.551,3.472,0.312,-0.974
105.767,1.866,5.450,3.471,0.798,1.270
105.800,1.862,5.435,3.471,0.776,1.284
105.893,1.859,5.419,3.471,0.760,1.293
105.900,1.859,5.355,3.471,0.101,1.497
105.934,1.865,5.322,3.472,-0.092,1.497
105.967,1.875,5.290,3.473,-0.459,1.428
106.000,1.882,5.274,3.474,-0.694,1.203
106.128,1.889,5.259,3.475,-0.713,0.626
106.134,1.942,5.185,3.484,-1.040,1.081
106.167,1.961,5.167,3.487,-1.163,0.948
106.200,1.971,5.160,3.489,-1.244,0.837
106.325,1.980,5.153,3.490,-1.337,0.681
106.334,2.024,5.137,3.500,-1.470,0.296
106.367,2.033,5.140,3.501,-1.498,0.069
106.400,2.036,5.142,3.502,-1.498,-0.082
106.543,2.039,5.146,3.502,-1.482,-0.231
106.567,2.019,5.200,3.497,0.242,-1.480
106.600,2.011,5.209,3.496,0.086,-1.498
106.712,2.003,5.218,3.495,-0.070,-1.498
106.734,1.930,5.269,3.491,1.006,-1.113
106.767,1.900,5.283,3.492,0.843,-1.241
106.800,1.885,5.290,3.492,0.657,-1.348
106.944,1.869,5.295,3.493,0.415,-1.441
106.967,1.752,5.308,3.503,1.444,-0.407
107.000,1.740,5.305,3.505,1.396,-0.549
107.137,1.728,5.301,3.505,1.294,-0.758
107.167,1.674,5.239,3.503,1.113,1.006
107.200,1.672,5.228,3.501,1.053,1.068
107.295,1.671,5.217,3.500,0.799,0.877
107.300,1.678,5.168,3.494,-0.293,1.471
107.334,1.689,5.143,3.492,-0.658,1.348
107.367,1.703,5.119,3.490,-1.145,0.970
107.400,1.712,5.108,3.490,-1.382,0.582
107.546,1.722,5.097,3.489,-1.485,0.214
107.567,1.812,5.040,3.495,-1.413,0.504
107.600,1.823,5.037,3.497,-1.449,0.389
107.725,1.834,5.035,3.498,-1.476,0.270
107.734,1.882,5.043,3.504,-1.464,-0.328
107.767,1.890,5.052,3.505,-1.432,-0.446
107.800,1.893,5.058,3.505,-1.411,-0.508
107.953,1.895,5.064,3.505,-1.395,-0.552
107.967,1.867,5.123,3.500,-0.458,-1.428
108.000,1.858,5.130,3.499,-0.588,-1.380
108.143,1.849,5.137,3.499,-0.760,-1.293
108.167,1.741,5.173,3.492,1.157,-0.955
108.200,1.724,5.174,3.491,1.001,-1.117
108.337,1.691,5.173,3.490,0.405,-1.444
108.367,1.575,5.139,3.489,1.485,0.211
108.400,1.559,5.130,3.489,1.495,0.124
108.527,1.545,5.121,3.489,1.498,-0.086
108.534,1.476,5.050,3.490,1.035,1.086
108.567,1.460,5.023,3.490,0.930,1.177
108.600,1.454,5.010,3.490,0.745,1.302
108.737,1.449,4.996,3.490,0.253,1.077
108.767,1.447,4.901,3.493,-0.399,1.446
108.800,1.451,4.892,3.493,-0.710,1.321
108.949,1.457,4.884,3.493,-1.069,1.053
108.967,1.519,4.857,3.489,-1.496,0.110
109.000,1.528,4.858,3.489,-1.500,0.004
109.107,1.537,4.861,3.489,-1.496,-0.103
109.134,1.584,4.898,3.488,-1.311,-0.729
109.167,1.594,4.917,3.488,-1.296,-0.755
109.200,1.599,4.927,3.488,-1.285,-0.773
109.350,1.602,4.938,3.489,-1.293,-0.761
109.367,1.591,5.023,3.493,-0.345,-1.460
109.400,1.586,5.032,3.493,-0.463,-1.427
109.530,1.579,5.040,3.494,-0.617,-1.367
109.534,1.542,5.065,3.493,0.914,-1.189
109.567,1.493,5.075,3.490,0.888,-1.209
109.600,1.479,5.075,3.489,0.642,-1.356
109.721,1.452,5.071,3.487,-0.163,-1.491
109.734,1.382,5.042,3.482,1.416,0.496
109.767,1.357,5.023,3.481,1.443,0.411
109.800,1.346,5.013,3.480,0.884,0.170
109.931,1.335,5.001,3.479,0.095,-0.185
109.934,1.307,4.962,3.477,0.752,1.298
109.967,1.280,4.889,3.475,0.311,1.467
110.000,1.278,4.874,3.474,-0.026,1.500
110.107,1.277,4.860,3.474,-0.554,1.219
110.134,1.292,4.784,3.475,-0.729,1.311
110.167,1.303,4.765,3.475,-1.185,0.919
110.200,1.310,4.757,3.475,-1.387,0.572
110.294,1.317,4.751,3.476,-1.476,0.267
110.300,1.348,4.733,3.478,-1.472,0.289
110.334,1.363,4.731,3.480,-1.499,-0.049
110.367,1.376,4.733,3.482,-1.470,-0.296
110.400,1.382,4.736,3.483,-1.450,-0.385
110.491,1.388,4.739,3.484,-1.432,-0.447
110.500,1.401,4.761,3.487,-1.172,-0.936
110.534,1.401,4.774,3.489,-1.197,-0.903
110.567,1.398,4.789,3.490,-1.227,-0.863
110.600,1.395,4.797,3.491,-1.232,-0.856
110.726,1.390,4.805,3.491,-1.262,-0.811
110.734,1.342,4.843,3.494,0.762,-1.292
110.767,1.319,4.851,3.493,0.309,-1.468
110.800,1.306,4.854,3.493,-0.016,-1.500
110.931,1.292,4.856,3.493,-0.432,-1.436
110.934,1.199,4.848,3.491,1.444,-0.408
110.967,1.166,4.837,3.490,1.349,-0.656
111.000,1.151,4.830,3.490,1.118,-0.913
111.118,1.135,4.822,3.490,0.286,-0.912
111.134,1.055,4.756,3.488,1.095,1.026
111.167,1.034,4.728,3.487,0.994,1.123
111.200,1.026,4.713,3.487,0.776,1.284
111.313,1.018,4.698,3.486,0.250,1.078
111.334,0.995,4.605,3.488,0.104,1.496
111.367,0.996,4.576,3.489,-0.291,1.472
111.400,0.998,4.562,3.489,-0.664,1.345
111.550,1.005,4.537,3.490,-1.271,0.797
111.567,1.049,4.476,3.493,-1.224,0.867
111.600,1.057,4.472,3.493,-1.302,0.744
111.743,1.064,4.468,3.494,-1.376,0.596
111.767,1.114,4.479,3.497,-1.454,-0.369
111.800,1.117,4.485,3.497,-1.447,-0.396
111.955,1.120,4.491,3.497,-1.445,-0.401
111.967,1.104,4.563,3.495,-0.094,-1.497
112.000,1.098,4.574,3.494,-0.232,-1.482
112.087,1.090,4.584,3.494,-0.424,-1.439
112.100,1.048,4.621,3.492,0.713,-1.320
112.134,1.022,4.637,3.492,0.406,-1.444
112.167,0.993,4.650,3.492,-0.120,-1.495
112.200,0.978,4.656,3.492,-0.396,-1.447
112.345,0.963,4.660,3.492,-0.754,-1.297
112.367,0.845,4.661,3.495,1.476,-0.265
112.400,0.831,4.656,3.496,1.455,-0.366
112.526,0.819,4.650,3.496,1.374,-0.601
112.534,0.756,4.596,3.496,1.028,1.092
112.567,0.741,4.572,3.496,0.651,1.352
112.600,0.735,4.559,3.496,-0.080,1.144
112.726,0.724,4.532,3.496,-1.000,0.416
112.734,0.715,4.463,3.502,-0.349,1.459
112.767,0.718,4.438,3.505,-0.850,1.236
112.800,0.721,4.426,3.506,-1.099,1.020
112.896,0.724,4.415,3.508,-1.310,0.731
112.900,0.743,4.379,3.515,-1.065,1.056
112.935,0.754,4.367,3.518,-1.252,0.826
112.967,0.766,4.359,3.522,-1.416,0.494
113.000,0.771,4.356,3.524,-1.463,0.331
113.129,0.776,4.355,3.525,-1.489,0.182
113.134,0.795,4.363,3.532,-1.388,-0.569
113.167,0.796,4.379,3.534,-1.387,-0.570
113.200,0.795,4.385,3.535,-1.393,-0.555
113.351,0.789,4.400,3.535,-1.413,-0.503
113.367,0.735,4.460,3.532,0.550,-1.396
113.400,0.723,4.468,3.531,0.337,-1.462
113.521,0.710,4.475,3.531,-0.016,-1.500
113.534,0.615,4.509,3.527,1.365,-0.623
113.567,0.579,4.514,3.527,1.287,-0.771
113.600,0.561,4.515,3.527,1.175,-0.933
113.687,0.544,4.515,3.527,0.900,-1.200
113.700,0.477,4.506,3.528,1.499,0.039
113.734,0.447,4.497,3.528,1.500,-0.032
113.767,0.421,4.484,3.528,0.574,-0.152
113.800,0.409,4.476,3.528,-0.169,-0.152
113.952,0.399,4.468,3.528,-0.694,-0.236
113.967,0.353,4.388,3.527,0.045,1.499
114.000,0.352,4.367,3.528,-0.696,1.329
114.156,0.352,4.367,3.528,-0.696,1.329
114.167,0.379,4.292,3.538,-0.977,1.138
114.200,0.385,4.285,3.540,-1.075,1.046
114.329,0.390,4.278,3.542,-1.182,0.924
114.334,0.425,4.258,3.555,-1.384,0.580
114.367,0.434,4.259,3.559,-1.454,0.367
114.400,0.438,4.261,3.561,-1.478,0.255
114.492,0.441,4.264,3.563,-1.491,0.161
114.500,0.447,4.284,3.566,-1.437,-0.429
114.534,0.444,4.299,3.567,-1.423,-0.476
114.567,0.438,4.316,3.567,-1.423,-0.474
114.600,0.433,4.326,3.566,-1.418,-0.489
114.720,0.427,4.335,3.566,-1.436,-0.434
114.734,0.370,4.396,3.560,0.733,-1.309
114.767,0.343,4.415,3.558,0.368,-1.454
114.800,0.328,4.424,3.557,0.091,-1.497
114.947,0.312,4.432,3.555,-0.363,-1.455
114.967,0.168,4.470,3.549,1.362,-0.629
115.000,0.149,4.471,3.548,1.291,-0.764
115.116,0.131,4.470,3.548,1.131,-0.985
115.134,0.035,4.449,3.544,1.462,0.335
115.167,0.010,4.434,3.542,1.456,0.359
115.200,-0.001,4.426,3.540,1.449,0.387
115.353,-0.011,4.417,3.539,0.838,0.240
115.367,-0.054,4.334,3.526,0.276,1.474
115.400,-0.054,4.323,3.525,-0.001,1.500
115.525,-0.052,4.303,3.522,-0.868,1.223
115.534,-0.027,4.261,3.515,-1.112,1.007
115.567,-0.012,4.249,3.513,-1.307,0.735
115.600,-0.004,4.244,3.513,-1.386,0.574
115.737,0.005,4.241,3.512,-1.443,0.410
115.767,0.079,4.247,3.513,-1.489,-0.178
115.800,0.086,4.252,3.514,-1.486,-0.204
115.900,0.093,4.257,3.514,-1.484,-0.217
115.934,0.116,4.303,3.517,-1.291,-0.764
115.967,0.116,4.322,3.517,-1.334,-0.687
116.000,0.114,4.331,3.517,-1.349,-0.656
116.104,0.111,4.340,3.517,-1.379,-0.590
116.134,0.071,4.389,3.515,-0.263,-1.477
116.167,0.049,4.401,3.514,-0.778,-1.283
116.200,0.037,4.406,3.513,-0.965,-1.148
116.339,0.010,4.414,3.511,-1.233,-0.854
116.367,-0.105,4.415,3.502,1.383,-0.581
116.400,-0.123,4.411,3.501,1.296,-0.754
116.515,-0.141,4.406,3.500,0.590,-0.797
116.534,-0.250,4.357,3.496,1.321,0.710
116.567,-0.285,4.335,3.496,1.278,0.786
116.600,-0.317,4.309,3.497,1.068,1.053
116.731,-0.332,4.296,3.498,0.328,0.742
116.734,-0.360,4.269,3.500,0.944,1.166
116.767,-0.415,4.202,3.507,0.720,1.316
116.800,-0.423,4.189,3.508,0.490,1.418
116.920,-0.430,4.177,3.510,0.122,1.495
116.934,-0.452,4.124,3.515,0.089,1.497
116.967,-0.451,4.114,3.515,-0.516,1.408
117.000,-0.450,4.110,3.514,-0.987,1.130
117.153,-0.447,4.108,3.513,-1.270,0.798
117.167,-0.408,4.129,3.504,-1.347,-0.660
117.200,-0.402,4.137,3.503,-1.366,-0.621
117.336,-0.396,4.146,3.502,-1.389,-0.565
117.367,-0.365,4.246,3.499,-0.959,-1.153
117.400,-0.364,4.274,3.500,-1.096,-1.024
117.551,-0.365,4.288,3.501,-1.184,-0.921
117.567,-0.398,4.372,3.506,0.056,-1.499
117.600,-0.406,4.381,3.507,-0.122,-1.495
117.724,-0.425,4.396,3.506,-0.601,-1.374
117.734,-0.483,4.414,3.502,1.175,-0.932
117.767,-0.508,4.413,3.500,0.868,-1.223
117.800,-0.522,4.411,3.498,0.511,-1.410
117.892,-0.535,4.408,3.497,-0.166,-1.261
117.900,-0.586,4.384,3.493,1.384,0.579
117.934,-0.609,4.366,3.490,0.976,0.687
117.967,-0.629,4.345,3.488,-0.272,0.285
118.000,-0.638,4.332,3.488,-0.796,0.143
118.107,-0.646,4.320,3.487,-1.145,-0.041
118.134,-0.675,4.235,3.489,-0.127,1.495
118.167,-0.678,4.206,3.492,-0.668,1.343
118.200,-0.678,4.192,3.494,-0.960,1.153
118.355,-0.678,4.179,3.496,-1.237,0.848
118.367,-0.668,4.094,3.519,-0.685,1.335
118.400,-0.667,4.087,3.522,-0.852,1.235
118.554,-0.666,4.081,3.525,-1.045,1.076
118.567,-0.678,4.068,3.541,-1.032,0.728
118.600,-0.682,4.071,3.542,-1.273,0.374
118.754,-0.686,4.076,3.543,-1.478,0.153
118.767,-0.744,4.142,3.542,0.682,-1.336
118.800,-0.754,4.154,3.542,0.490,-1.418
118.947,-0.776,4.180,3.541,-0.072,-1.498
118.967,-0.865,4.279,3.550,0.728,-1.312
119.000,-0.878,4.293,3.553,0.608,-1.371
119.157,-0.891,4.306,3.555,0.411,-1.443
119.167,-0.979,4.387,3.577,0.905,-1.197
119.200,-0.986,4.393,3.579,0.776,-1.283
119.354,-0.993,4.398,3.581,0.597,-1.376
119.367,-1.016,4.401,3.580,0.112,-1.496
119.400,-1.015,4.397,3.579,-0.520,-1.274
119.549,-1.012,4.392,3.577,-0.955,-1.117
119.567,-0.967,4.313,3.553,-1.160,0.951
119.600,-0.958,4.299,3.550,-1.252,0.827
119.759,-0.941,4.268,3.545,-1.413,0.504
119.767,-0.882,4.142,3.539,-0.820,1.256
119.800,-0.875,4.124,3.539,-0.884,1.212
119.953,-0.864,4.087,3.541,-1.067,1.054
119.967,-0.850,3.977,3.548,-0.529,1.404
120.000,-0.851,3.965,3.548,-0.654,1.350
120.139,-0.857,3.943,3.548,-0.995,1.122
120.167,-0.899,3.901,3.539,0.134,1.494
120.200,-0.908,3.900,3.537,-0.201,1.486
120.356,-0.917,3.899,3.535,-0.720,1.316
120.367,-0.998,3.936,3.517,1.181,-0.925
120.400,-1.009,3.945,3.515,1.041,-1.080
120.556,-1.019,3.955,3.513,0.811,-1.262
120.567,-1.086,4.066,3.507,0.411,-1.443
120.600,-1.092,4.082,3.508,0.224,-1.483
120.740,-1.097,4.097,3.509,-0.038,-1.500
120.767,-1.108,4.203,3.519,-0.217,-1.484
120.800,-1.106,4.213,3.520,-0.364,-1.455
120.937,-1.103,4.221,3.521,-0.537,-1.401
120.967,-1.067,4.252,3.522,-1.214,-0.880
121.000,-1.062,4.251,3.521,-1.266,-0.805
121.138,-1.056,4.248,3.521,-1.302,-0.745
121.167,-1.025,4.192,3.517,-1.156,0.955
121.200,-1.024,4.180,3.517,-1.256,0.820
121.356,-1.023,4.169,3.516,-1.363,0.626
121.367,-1.052,4.059,3.513,0.115,1.496
121.400,-1.060,4.045,3.513,-0.008,1.500
121.534,-1.069,4.032,3.513,-0.219,1.484
121.567,-1.167,3.951,3.513,0.975,1.140
121.600,-1.182,3.945,3.512,0.867,1.224
121.709,-1.210,3.936,3.512,0.149,1.234
121.734,-1.278,3.934,3.511,1.420,0.482
121.767,-1.301,3.941,3.511,0.096,-0.041
121.800,-1.311,3.946,3.510,-0.516,-0.322
121.935,-1.321,3.951,3.510,-0.957,-0.416
121.967,-1.366,4.027,3.509,0.103,-1.496
122.000,-1.368,4.039,3.509,-0.172,-1.490
122.136,-1.369,4.051,3.511,-0.485,-1.419
122.167,-1.359,4.139,3.528,-0.641,-1.356
122.200,-1.356,4.147,3.531,-0.770,-1.287
122.343,-1.354,4.155,3.534,-0.906,-1.195
122.367,-1.336,4.186,3.555,-1.148,-0.965
122.400,-1.335,4.185,3.557,-1.206,-0.891
122.520,-1.335,4.184,3.558,-1.254,-0.824
122.534,-1.342,4.151,3.563,-1.197,0.904
122.567,-1.349,4.133,3.563,-1.458,0.353
122.600,-1.354,4.123,3.563,-1.490,0.170
122.739,-1.360,4.111,3.563,-1.499,-0.047
122.767,-1.434,4.006,3.559,0.638,1.358
122.800,-1.447,3.993,3.558,0.516,1.409
122.883,-1.476,3.968,3.558,-0.082,1.498
122.900,-1.524,3.933,3.558,1.095,1.025
122.934,-1.558,3.913,3.559,0.994,1.123
122.967,-1.594,3.897,3.560,0.564,1.137
123.001,-1.629,3.884,3.561,-0.388,0.341
123.088,-1.629,3.884,3.561,-0.388,0.341
123.100,-1.696,3.870,3.565,1.470,0.300
123.134,-1.725,3.869,3.566,1.489,0.178
123.167,-1.751,3.872,3.567,0.450,-0.207
123.200,-1.763,3.875,3.567,-0.193,-0.443
123.332,-1.783,3.884,3.567,-0.932,-0.611
123.334,-1.792,3.889,3.567,-0.166,-1.298
123.367,-1.822,3.934,3.566,-0.123,-1.495
123.400,-1.823,3.943,3.566,-0.502,-1.413
123.537,-1.824,3.952,3.567,-0.786,-1.278
123.567,-1.804,4.010,3.577,-0.903,-1.198
123.600,-1.800,4.015,3.579,-0.990,-1.127
123.747,-1.796,4.019,3.580,-1.072,-1.050
123.767,-1.767,4.015,3.592,-1.469,-0.305
123.800,-1.766,4.010,3.593,-1.461,-0.339
123.955,-1.764,3.998,3.594,-1.443,-0.411
123.967,-1.785,3.927,3.589,0.059,1.499
124.000,-1.791,3.914,3.588,-0.146,1.493
124.150,-1.799,3.901,3.587,-0.489,1.418
124.167,-1.893,3.797,3.581,0.883,1.213
124.200,-1.907,3.786,3.581,0.815,1.259
124.352,-1.922,3.775,3.581,0.671,1.341
124.367,-2.040,3.717,3.585,1.272,0.795
124.400,-2.052,3.715,3.586,1.252,0.826
124.552,-2.064,3.713,3.586,1.182,0.924
124.567,-2.127,3.734,3.578,1.177,-0.929
124.600,-2.131,3.741,3.576,0.780,-1.281
124.736,-2.133,3.748,3.573,0.172,-1.472
124.767,-2.109,3.826,3.552,-0.828,-1.251
124.800,-2.101,3.837,3.550,-0.970,-1.144
124.907,-2.092,3.847,3.548,-1.077,-1.044
124.934,-2.023,3.895,3.540,-1.244,-0.838
124.967,-1.997,3.905,3.538,-1.289,-0.767
125.000,-1.984,3.908,3.538,-1.310,-0.731
125.146,-1.971,3.910,3.538,-1.319,-0.714
125.167,-1.892,3.893,3.535,-1.498,-0.077
125.200,-1.886,3.887,3.534,-1.494,-0.131
125.351,-1.881,3.880,3.533,-1.485,-0.209
125.367,-1.880,3.807,3.518,-0.954,1.158
125.400,-1.885,3.797,3.516,-1.154,0.958
125.554,-1.891,3.786,3.514,-1.355,0.644
125.567,-1.978,3.709,3.499,1.133,0.983
125.600,-1.993,3.701,3.497,1.100,1.020
125.751,-2.024,3.689,3.495,0.884,1.212
125.767,-2.145,3.674,3.493,1.497,0.094
125.800,-2.162,3.675,3.494,1.500,0.020
125.942,-2.178,3.678,3.494,1.496,-0.104
125.967,-2.285,3.728,3.497,1.278,-0.785
126.000,-2.294,3.737,3.497,1.122,-0.996
126.128,-2.302,3.746,3.497,0.855,-1.232
126.134,-2.328,3.803,3.498,0.284,-1.473
126.168,-2.328,3.819,3.498,-0.244,-1.480
126.200,-2.326,3.827,3.498,-0.516,-1.408
126.352,-2.323,3.834,3.498,-0.753,-1.298
126.368,-2.271,3.861,3.496,-1.314,-0.724
126.400,-2.262,3.860,3.495,-1.326,-0.702
126.557,-2.253,3.858,3.495,-1.328,-0.697
126.567,-2.189,3.805,3.495,-1.282,0.778
126.600,-2.183,3.795,3.495,-1.338,0.678
126.747,-2.178,3.784,3.495,-1.402,0.533
126.768,-2.175,3.682,3.496,-0.673,1.341
126.800,-2.180,3.669,3.497,-0.828,1.251
126.954,-2.185,3.657,3.497,-1.045,1.076
126.967,-2.262,3.585,3.494,0.926,1.180
127.000,-2.275,3.580,3.493,0.856,1.231
127.153,-2.289,3.576,3.492,0.664,1.345
127.167,-2.406,3.587,3.484,1.496,-0.104
127.200,-2.420,3.593,3.484,1.473,-0.283
127.284,-2.434,3.600,3.483,1.389,-0.566
127.300,-2.481,3.638,3.480,1.053,-1.068
127.334,-2.500,3.661,3.479,0.693,-1.330
127.368,-2.515,3.686,3.478,0.008,-1.500
127.400,-2.520,3.699,3.478,-0.333,-1.463
127.541,-2.528,3.725,3.478,-0.845,-1.240
127.567,-2.525,3.804,3.484,-0.554,-1.394
127.600,-2.522,3.812,3.485,-0.686,-1.334
127.722,-2.518,3.820,3.486,-0.817,-1.258
127.734,-2.488,3.844,3.493,-1.243,-0.840
127.767,-2.479,3.844,3.495,-1.276,-0.789
127.801,-2.471,3.839,3.496,-1.309,-0.733
127.958,-2.471,3.839,3.496,-1.309,-0.733
127.967,-2.462,3.781,3.498,-0.522,1.406
128.000,-2.465,3.770,3.498,-0.726,1.313
128.114,-2.468,3.758,3.497,-1.011,1.108
128.134,-2.511,3.681,3.497,0.485,1.419
128.167,-2.532,3.655,3.499,0.157,1.492
128.200,-2.557,3.630,3.500,-0.649,1.080
128.361,-2.557,3.630,3.500,-0.649,1.080
128.367,-2.667,3.559,3.511,1.281,0.781
128.400,-2.693,3.550,3.514,1.265,0.806
128.557,-2.706,3.548,3.516,1.229,0.860
128.567,-2.779,3.557,3.521,1.387,-0.571
128.600,-2.787,3.563,3.521,1.283,-0.777
128.750,-2.793,3.569,3.521,1.032,-1.088
128.767,-2.808,3.637,3.518,-0.125,-1.495
128.801,-2.802,3.657,3.518,-0.532,-1.402
128.924,-2.797,3.666,3.517,-0.725,-1.313
128.934,-2.758,3.705,3.517,-1.119,-0.999
128.967,-2.738,3.715,3.517,-1.183,-0.922
129.000,-2.727,3.719,3.517,-1.216,-0.878
129.107,-2.704,3.724,3.518,-1.267,-0.803
129.134,-2.650,3.719,3.522,-1.488,-0.193
129.167,-2.632,3.710,3.523,-1.474,-0.279
129.200,-2.624,3.704,3.523,-1.466,-0.317
129.318,-2.617,3.697,3.523,-1.451,-0.381
129.334,-2.593,3.643,3.522,-1.163,0.948
129.367,-2.593,3.622,3.520,-1.375,0.600
129.400,-2.595,3.611,3.519,-1.441,0.416
129.531,-2.598,3.600,3.518,-1.490,0.170
129.534,-2.607,3.578,3.516,-1.370,0.610
129.567,-2.661,3.518,3.510,-0.468,1.356
129.600,-2.673,3.509,3.509,-0.761,0.805
129.718,-2.701,3.495,3.506,-1.191,0.074
129.734,-2.782,3.473,3.499,1.472,0.290
129.767,-2.819,3.470,3.496,1.494,0.138
129.800,-2.837,3.470,3.495,1.345,-0.121
129.937,-2.856,3.471,3.495,0.409,-0.336
129.967,-3.000,3.512,3.497,1.380,-0.588
130.000,-3.016,3.520,3.499,1.301,-0.747
130.157,-3.031,3.529,3.500,1.155,-0.958
130.167,-3.120,3.596,3.513,0.937,-1.171
130.200,-3.127,3.603,3.515,0.808,-1.264
130.333,-3.137,3.616,3.517,0.321,-1.465
130.334,-3.143,3.626,3.519,0.217,-1.484
130.367,-3.140,3.638,3.521,-0.678,-1.338
130.400,-3.133,3.637,3.521,-1.039,-1.081
130.527,-3.127,3.635,3.520,-1.127,-0.990
130.534,-3.092,3.608,3.515,-1.405,0.526
130.567,-3.075,3.590,3.513,-1.467,0.313
130.600,-3.066,3.580,3.513,-1.487,0.195
130.711,-3.050,3.556,3.512,-1.499,-0.065
130.734,-3.016,3.484,3.512,-1.111,1.007
130.767,-3.008,3.454,3.513,-1.302,0.745
130.800,-3.003,3.423,3.515,-1.433,0.443
130.933,-3.002,3.408,3.516,-1.484,0.220
130.934,-3.003,3.379,3.518,-0.760,1.293
130.967,-3.024,3.319,3.520,-0.575,1.385
131.000,-3.039,3.301,3.520,-1.112,1.007
131.130,-3.048,3.293,3.519,-1.365,0.622
131.134,-3.092,3.273,3.513,1.252,0.826
131.167,-3.132,3.269,3.507,0.551,0.288
131.200,-3.147,3.270,3.504,-0.114,-0.066
131.310,-3.162,3.272,3.502,-0.616,-0.271
131.334,-3.253,3.307,3.493,1.191,-0.912
131.367,-3.281,3.326,3.493,0.737,-1.306
131.400,-3.295,3.336,3.493,0.197,-1.487
131.545,-3.308,3.347,3.493,-0.375,-1.452
131.567,-3.382,3.434,3.506,0.590,-1.379
131.600,-3.388,3.443,3.509,0.411,-1.443
131.723,-3.393,3.452,3.511,0.158,-1.492
131.734,-3.403,3.485,3.520,-0.221,-1.484
131.767,-3.401,3.489,3.522,-0.626,-1.363
131.800,-3.396,3.488,3.522,-0.979,-1.136
131.942,-3.392,3.485,3.522,-1.087,-1.034
131.967,-3.360,3.439,3.519,-1.411,0.509
132.000,-3.351,3.416,3.518,-1.485,0.214
132.121,-3.347,3.403,3.518,-1.500,0.026
132.134,-3.333,3.328,3.517,-0.699,1.327
132.167,-3.332,3.294,3.518,-0.985,1.131
132.200,-3.333,3.278,3.518,-1.133,0.983
132.321,-3.335,3.261,3.519,-1.311,0.729
132.334,-3.365,3.171,3.523,0.269,1.476
132.367,-3.382,3.146,3.524,0.038,1.500
132.400,-3.391,3.135,3.524,-0.237,1.481
132.559,-3.412,3.117,3.524,-0.991,1.126
132.567,-3.500,3.085,3.518,1.407,0.521
132.600,-3.513,3.085,3.517,1.413,0.504
132.748,-3.526,3.086,3.516,1.414,0.500
132.767,-3.617,3.132,3.508,1.035,-1.086
132.800,-3.625,3.142,3.507,0.857,-1.231
132.950,-3.633,3.152,3.507,0.552,-1.395
132.967,-3.659,3.242,3.507,0.020,-1.500
133.000,-3.658,3.253,3.508,-0.152,-1.492
133.155,-3.656,3.263,3.508,-0.353,-1.458
133.167,-3.609,3.316,3.510,-1.181,-0.924
133.200,-3.601,3.319,3.510,-1.207,-0.890
133.355,-3.592,3.320,3.509,-1.229,-0.860
133.367,-3.524,3.291,3.508,-1.481,0.236
133.400,-3.517,3.283,3.508,-1.490,0.172
133.538,-3.511,3.274,3.508,-1.498,0.078
133.567,-3.495,3.181,3.505,-0.858,1.231
133.600,-3.501,3.156,3.505,-1.141,0.974
133.759,-3.501,3.156,3.505,-1.141,0.974
133.767,-3.568,3.069,3.500,0.694,1.330
133.800,-3.580,3.061,3.499,0.590,1.379
133.957,-3.593,3.054,3.499,0.338,1.461
133.967,-3.711,3.035,3.493,1.496,0.105
134.000,-3.725,3.038,3.492,1.500,0.027
134.138,-3.754,3.046,3.491,1.460,-0.343
134.167,-3.830,3.103,3.487,0.948,-1.162
134.200,-3.843,3.125,3.485,0.328,-1.464
134.358,-3.848,3.137,3.484,-0.132,-1.494
134.367,-3.851,3.214,3.483,-0.414,-1.442
134.400,-3.848,3.223,3.483,-0.556,-1.393
134.529,-3.843,3.232,3.482,-0.705,-1.324
134.534,-3.800,3.265,3.481,-1.253,-0.825
134.567,-3.782,3.267,3.481,-1.298,-0.752
134.600,-3.772,3.267,3.481,-1.316,-0.719
134.754,-3.763,3.266,3.481,-1.326,-0.702
134.767,-3.702,3.219,3.481,-1.333,0.688
134.800,-3.698,3.209,3.481,-1.384,0.579
134.943,-3.691,3.188,3.481,-1.471,0.294
134.967,-3.702,3.103,3.481,-0.470,1.424
135.000,-3.708,3.091,3.480,-0.692,1.331
135.112,-3.715,3.079,3.480,-0.996,1.122
135.134,-3.776,3.022,3.478,0.927,1.180
135.167,-3.803,3.010,3.477,0.632,1.361
135.200,-3.817,3.005,3.477,0.138,1.055
135.330,-3.832,3.002,3.476,-0.470,0.531
135.334,-3.907,3.000,3.474,1.498,-0.076
135.367,-3.950,3.012,3.473,1.434,-0.439
135.400,-3.963,3.018,3.473,1.345,-0.664
135.520,-3.975,3.025,3.472,1.034,-1.009
135.534,-4.033,3.085,3.470,0.701,-1.326
135.567,-4.045,3.109,3.470,0.309,-1.468
135.600,-4.049,3.121,3.470,-0.051,-1.499
135.759,-4.052,3.133,3.470,-0.391,-1.448
135.767,-4.040,3.213,3.475,-0.667,-1.343
135.800,-4.035,3.220,3.475,-0.751,-1.299
135.941,-4.030,3.226,3.476,-0.839,-1.243
135.967,-3.976,3.234,3.480,-1.413,-0.504
136.000,-3.970,3.230,3.480,-1.412,-0.506
136.125,-3.964,3.225,3.481,-1.404,-0.527
136.134,-3.939,3.174,3.481,-1.379,0.590
136.167,-3.937,3.151,3.481,-1.458,0.353
136.200,-3.938,3.138,3.481,-1.482,0.233
136.324,-3.939,3.125,3.481,-1.499,0.051
136.334,-3.969,3.043,3.479,-0.057,1.499
136.367,-3.987,3.017,3.478,-0.499,1.415
136.400,-3.998,3.004,3.478,-0.809,1.263
136.493,-4.009,2.992,3.478,-1.200,0.900
136.501,-4.080,2.943,3.475,1.019,1.101
136.534,-4.096,2.936,3.475,0.942,1.168
136.567,-4.129,2.924,3.474,0.228,0.793
136.600,-4.146,2.919,3.474,-0.315,0.357
136.739,-4.164,2.916,3.474,-0.773,0.037
136.767,-4.294,2.927,3.478,1.438,-0.425
136.800,-4.307,2.932,3.479,1.305,-0.740
136.921,-4.321,2.939,3.480,0.742,-0.995
136.934,-4.384,2.990,3.488,0.954,-1.158
136.967,-4.398,3.010,3.492,0.625,-1.364
137.000,-4.404,3.020,3.493,0.342,-1.461
137.115,-4.409,3.029,3.495,-0.039,-1.500
137.134,-4.419,3.078,3.507,-0.328,-1.464
137.167,-4.415,3.089,3.510,-0.655,-1.349
137.200,-4.413,3.093,3.512,-0.817,-1.258
137.294,-4.409,3.096,3.513,-0.956,-1.156
137.300,-4.390,3.099,3.518,-1.225,-0.866
137.334,-4.379,3.094,3.519,-1.324,-0.704
137.367,-4.368,3.084,3.521,-1.369,-0.613
137.400,-4.362,3.078,3.521,-1.389,-0.567
137.510,-4.357,3.070,3.522,-1.384,-0.579
137.534,-4.337,3.007,3.524,-0.989,1.128
137.567,-4.336,2.980,3.524,-1.245,0.837
137.600,-4.337,2.966,3.524,-1.349,0.655
137.733,-4.339,2.952,3.524,-1.447,0.394
137.734,-4.347,2.922,3.524,-0.451,1.431
137.767,-4.393,2.837,3.523,0.212,1.485
137.800,-4.405,2.825,3.523,0.007,1.500
137.951,-4.417,2.813,3.523,-0.402,1.445
137.967,-4.534,2.750,3.517,1.271,0.796
138.000,-4.550,2.747,3.517,1.252,0.826
138.149,-4.566,2.744,3.516,1.195,0.907
138.167,-4.674,2.766,3.509,1.360,-0.632
138.200,-4.684,2.773,3.508,1.242,-0.841
138.304,-4.694,2.781,3.507,1.007,-1.112
138.334,-4.729,2.839,3.500,0.332,-1.463
138.367,-4.732,2.861,3.499,-0.253,-1.479
138.400,-4.732,2.872,3.498,-0.543,-1.398
138.547,-4.731,2.882,3.497,-0.800,-1.269
138.567,-4.689,2.946,3.497,-1.070,-1.051
138.600,-4.682,2.951,3.498,-1.124,-0.993
138.760,-4.674,2.954,3.498,-1.170,-0.938
138.767,-4.618,2.943,3.502,-1.489,0.178
138.800,-4.614,2.937,3.503,-1.496,0.107
138.952,-4.610,2.930,3.503,-1.500,0.004
138.967,-4.613,2.850,3.499,-0.598,1.376
139.000,-4.619,2.838,3.498,-0.800,1.269
139.161,-4.633,2.814,3.496,-1.265,0.807
139.167,-4.713,2.739,3.491,1.031,1.089
139.200,-4.727,2.731,3.491,0.985,1.131
139.344,-4.758,2.717,3.490,0.736,1.307
139.367,-4.870,2.699,3.492,1.430,0.453
139.400,-4.885,2.701,3.492,0.741,0.109
139.558,-4.900,2.704,3.493,-0.049,-0.163
139.567,-4.987,2.757,3.492,0.974,-1.141
139.600,-4.994,2.767,3.491,0.840,-1.243
139.754,-4.999,2.777,3.490,0.629,-1.362
139.767,-5.002,2.867,3.487,-0.275,-1.475
139.800,-4.998,2.877,3.487,-0.453,-1.430
139.961,-4.987,2.896,3.487,-0.803,-1.267
139.967,-4.925,2.936,3.488,-1.277,-0.788
140.000,-4.915,2.938,3.488,-1.289,-0.766
140.158,-4.905,2.939,3.488,-1.297,-0.754
140.167,-4.835,2.907,3.490,-1.472,0.289
140.200,-4.829,2.899,3.490,-1.486,0.204
140.350,-4.820,2.881,3.490,-1.500,-0.012
140.368,-4.819,2.801,3.487,-0.902,1.199
140.400,-4.824,2.789,3.486,-1.074,1.047
140.558,-4.829,2.777,3.486,-1.278,0.786
140.567,-4.908,2.696,3.481,0.792,1.274
140.600,-4.921,2.689,3.480,0.679,1.338
140.756,-4.936,2.683,3.480,0.361,1.456
140.767,-5.063,2.671,3.476,1.496,-0.113
140.800,-5.079,2.674,3.476,1.485,-0.213
140.959,-5.094,2.678,3.476,1.456,-0.363
140.967,-5.190,2.744,3.475,1.055,-1.066
141.000,-5.198,2.755,3.475,0.956,-1.156
141.156,-5.205,2.766,3.474,0.803,-1.267
141.167,-5.218,2.851,3.475,0.051,-1.499
141.200,-5.215,2.860,3.475,-0.127,-1.495
141.347,-5.211,2.868,3.475,-0.326,-1.464
141.367,-5.150,2.898,3.470,-1.345,-0.664
141.400,-5.140,2.897,3.470,-1.351,-0.652
141.545,-5.119,2.891,3.468,-1.356,-0.640
141.567,-5.053,2.839,3.465,-1.447,0.394
141.600,-5.045,2.829,3.465,-1.471,0.294
141.756,-5.038,2.817,3.465,-1.492,0.151
141.767,-5.016,2.712,3.467,-0.781,1.280
141.800,-5.018,2.698,3.467,-0.912,1.191
141.949,-5.021,2.685,3.468,-1.089,1.031
141.968,-5.081,2.603,3.468,0.047,1.499
142.000,-5.092,2.596,3.467,-0.233,1.482
142.139,-5.104,2.590,3.467,-0.750,1.299
142.167,-5.215,2.581,3.461,1.492,-0.154
142.200,-5.230,2.585,3.460,1.454,-0.369
142.326,-5.244,2.590,3.460,1.157,-0.675
142.334,-5.321,2.640,3.459,1.167,-0.943
142.368,-5.343,2.663,3.459,0.929,-1.178
142.400,-5.361,2.687,3.461,0.369,-1.454
142.500,-5.361,2.687,3.461,0.369,-1.454
142.534,-5.395,2.760,3.471,-0.420,-1.440
142.567,-5.398,2.781,3.474,-0.867,-1.224
142.600,-5.398,2.790,3.476,-0.982,-1.134
142.736,-5.398,2.799,3.478,-1.091,-1.030
142.767,-5.370,2.832,3.491,-1.242,-0.841
142.800,-5.366,2.831,3.492,-1.265,-0.807
142.916,-5.361,2.829,3.494,-1.277,-0.786
142.934,-5.343,2.797,3.501,-1.431,0.450
142.967,-5.343,2.779,3.502,-1.495,0.120
143.000,-5.344,2.769,3.503,-1.500,-0.010
143.142,-5.346,2.759,3.503,-1.489,-0.185
143.167,-5.400,2.661,3.501,0.428,1.438
143.200,-5.412,2.649,3.500,0.191,1.488
143.309,-5.438,2.625,3.499,-0.634,1.143
143.334,-5.520,2.574,3.497,1.094,1.026
143.367,-5.556,2.557,3.497,0.664,0.880
143.400,-5.575,2.551,3.497,0.017,0.418
143.517,-5.612,2.540,3.499,-0.742,-0.148
143.534,-5.698,2.528,3.505,1.499,0.064
143.567,-5.728,2.530,3.508,1.497,-0.102
143.600,-5.742,2.533,3.509,1.459,-0.350
143.727,-5.754,2.536,3.510,0.928,-0.620
143.734,-5.811,2.569,3.514,1.095,-1.025
143.767,-5.822,2.584,3.514,0.537,-1.401
143.800,-5.826,2.591,3.514,0.069,-1.498
143.933,-5.830,2.606,3.515,-0.746,-1.301
143.934,-5.830,2.621,3.516,-0.574,-1.386
143.967,-5.813,2.650,3.518,-0.978,-1.137
144.000,-5.808,2.654,3.519,-1.074,-1.047
144.143,-5.794,2.659,3.520,-1.201,-0.898
144.168,-5.739,2.647,3.526,-1.500,0.004
144.200,-5.731,2.641,3.527,-1.499,-0.066
144.350,-5.725,2.634,3.528,-1.491,-0.161
144.367,-5.697,2.553,3.530,-0.875,1.219
144.400,-5.698,2.541,3.530,-1.016,1.103
144.519,-5.700,2.528,3.529,-1.194,0.908
144.534,-5.735,2.456,3.528,0.229,1.482
144.567,-5.755,2.435,3.527,-0.122,1.495
144.600,-5.766,2.425,3.526,-0.424,1.439
144.740,-5.790,2.409,3.525,-1.109,0.715
144.767,-5.889,2.381,3.519,1.453,0.374
144.800,-5.904,2.381,3.518,1.479,0.249
144.952,-5.918,2.382,3.518,0.616,-0.039
144.968,-6.020,2.428,3.514,1.112,-1.007
145.000,-6.031,2.438,3.514,0.931,-1.176
145.125,-6.040,2.447,3.514,0.657,-1.349
145.134,-6.078,2.512,3.517,0.474,-1.423
145.167,-6.082,2.532,3.519,0.070,-1.498
145.200,-6.083,2.542,3.520,-0.193,-1.488
145.349,-6.083,2.551,3.521,-0.473,-1.423
145.368,-6.053,2.595,3.524,-1.066,-1.055
145.400,-6.046,2.596,3.524,-1.127,-0.990
145.548,-6.039,2.596,3.524,-1.172,-0.936
145.568,-5.983,2.557,3.522,-1.437,0.432
145.600,-5.978,2.548,3.522,-1.467,0.312
145.726,-5.973,2.538,3.521,-1.492,0.154
145.734,-5.962,2.463,3.518,-0.591,1.379
145.767,-5.967,2.435,3.517,-0.873,1.220
145.800,-5.970,2.421,3.517,-1.049,1.072
145.952,-5.975,2.407,3.517,-1.265,0.806
145.967,-6.049,2.315,3.512,0.687,1.334
146.000,-6.061,2.307,3.511,0.573,1.386
146.147,-6.075,2.300,3.511,0.300,1.470
146.168,-6.194,2.283,3.503,1.500,-0.013
146.200,-6.208,2.286,3.503,1.498,-0.082
146.351,-6.223,2.289,3.502,1.478,-0.255
146.367,-6.311,2.354,3.495,1.005,-1.113
146.400,-6.318,2.365,3.494,0.888,-1.209
146.558,-6.324,2.376,3.493,0.644,-1.355
146.567,-6.332,2.465,3.489,-0.289,-1.472
146.600,-6.328,2.474,3.488,-0.410,-1.443
146.712,-6.318,2.490,3.488,-0.654,-1.350
146.734,-6.278,2.513,3.485,-1.258,-0.818
146.767,-6.259,2.515,3.483,-1.294,-0.759
146.800,-6.249,2.515,3.483,-1.316,-0.720
146.906,-6.239,2.513,3.482,-1.323,-0.706
146.934,-6.184,2.481,3.481,-1.472,0.289
146.967,-6.171,2.463,3.480,-1.496,0.110
147.001,-6.160,2.442,3.480,-1.499,-0.039
147.141,-6.156,2.431,3.480,-1.492,-0.158
147.167,-6.159,2.346,3.478,-0.750,1.299
147.200,-6.163,2.334,3.478,-0.898,1.202
147.349,-6.169,2.322,3.477,-1.171,0.937
147.367,-6.251,2.245,3.473,0.952,1.159
147.400,-6.265,2.238,3.473,0.887,1.210
147.555,-6.280,2.233,3.472,0.685,1.334
147.567,-6.407,2.223,3.472,1.499,0.054
147.600,-6.423,2.226,3.473,1.499,0.040
147.732,-6.438,2.231,3.473,1.500,0.007
147.734,-6.466,2.242,3.474,1.473,-0.282
147.767,-6.532,2.296,3.475,1.056,-1.065
147.800,-6.539,2.306,3.475,0.998,-1.120
147.947,-6.546,2.317,3.475,0.858,-1.230
147.967,-6.557,2.402,3.477,0.059,-1.499
148.000,-6.554,2.411,3.478,-0.036,-1.500
148.141,-6.544,2.426,3.478,-0.402,-1.445
148.168,-6.486,2.448,3.474,-1.208,-0.889
148.200,-6.476,2.448,3.473,-1.284,-0.775
148.339,-6.465,2.446,3.472,-1.319,-0.714
148.367,-6.385,2.390,3.468,-1.261,0.813
148.400,-6.377,2.379,3.468,-1.254,0.824
148.552,-6.370,2.367,3.468,-1.287,0.771
148.567,-6.345,2.258,3.469,-0.501,1.414
148.600,-6.347,2.244,3.470,-0.495,1.416
148.733,-6.353,2.217,3.471,-0.582,1.382
148.735,-6.363,2.194,3.471,-0.142,1.493
148.767,-6.404,2.149,3.471,0.663,1.345
148.800,-6.414,2.142,3.471,0.649,1.352
148.941,-6.425,2.137,3.470,0.556,1.393
148.967,-6.520,2.138,3.465,1.498,0.084
149.000,-6.531,2.143,3.465,1.493,0.148
149.123,-6.542,2.150,3.464,1.482,0.234
149.134,-6.591,2.207,3.460,1.058,-1.064
149.167,-6.601,2.231,3.459,1.044,-1.077
149.200,-6.604,2.244,3.458,1.097,-1.023
149.353,-6.606,2.257,3.458,1.146,-0.968
149.367,-6.585,2.357,3.458,-0.361,-1.456
149.400,-6.578,2.368,3.458,-0.356,-1.457
149.551,-6.570,2.377,3.458,-0.361,-1.456
149.567,-6.484,2.417,3.456,-1.421,-0.482
149.600,-6.471,2.418,3.456,-1.442,-0.413
149.754,-6.447,2.415,3.455,-1.483,-0.226
149.767,-6.375,2.372,3.456,-1.266,0.804
149.800,-6.367,2.363,3.456,-1.210,0.886
149.948,-6.360,2.353,3.456,-1.163,0.947
149.967,-6.344,2.264,3.459,-0.204,1.486
150.000,-6.346,2.254,3.460,-0.124,1.495
150.156,-6.350,2.244,3.460,-0.079,1.498
150.167,-6.413,2.191,3.462,1.213,0.882
150.200,-6.423,2.189,3.462,1.198,0.903
150.349,-6.435,2.188,3.461,1.168,0.941
150.367,-6.526,2.218,3.462,1.481,-0.238
150.400,-6.536,2.226,3.462,1.494,-0.134
150.547,-6.546,2.235,3.462,1.500,-0.006
150.567,-6.589,2.328,3.464,0.822,-1.255
150.600,-6.590,2.341,3.465,0.945,-1.165
150.754,-6.590,2.354,3.465,1.090,-1.030
150.767,-6.552,2.440,3.467,-0.567,-1.389
150.800,-6.543,2.448,3.467,-0.526,-1.405
150.947,-6.533,2.454,3.467,-0.457,-1.429
150.967,-6.438,2.473,3.466,-1.466,-0.317
151.000,-6.426,2.470,3.466,-1.498,-0.071
151.116,-6.413,2.467,3.466,-1.348,0.265
151.134,-6.350,2.424,3.466,-1.075,1.046
151.167,-6.335,2.403,3.466,-0.884,1.212
151.200,-6.329,2.392,3.466,-0.672,1.341
151.354,-6.324,2.380,3.467,-0.454,1.430
151.367,-6.321,2.286,3.473,0.170,1.490
151.400,-6.325,2.276,3.474,0.207,1.486
151.542,-6.330,2.266,3.474,0.267,1.476
151.567,-6.394,2.225,3.478,1.187,0.917
151.600,-6.403,2.224,3.478,1.172,0.936
151.753,-6.413,2.225,3.478,1.140,0.975
151.767,-6.482,2.268,3.479,1.428,-0.460
151.800,-6.488,2.278,3.479,1.450,-0.383
151.948,-6.493,2.288,3.479,1.488,-0.192
151.967,-6.501,2.391,3.477,0.300,-1.470
152.000,-6.497,2.404,3.477,0.323,-1.465
152.142,-6.493,2.418,3.477,0.449,-1.431
152.167,-6.420,2.504,3.476,-0.787,-1.277
152.200,-6.407,2.512,3.476,-0.835,-1.246
152.357,-6.394,2.518,3.475,-0.849,-1.237
152.367,-6.288,2.530,3.475,-1.496,0.104
152.400,-6.275,2.527,3.475,-1.494,0.138
152.511,-6.264,2.523,3.475,-1.486,0.204
152.534,-6.212,2.477,3.473,-1.148,0.966
152.567,-6.203,2.457,3.472,-1.013,1.106
152.600,-6.200,2.446,3.472,-0.987,1.130
152.744,-6.198,2.435,3.471,-0.912,1.191
152.767,-6.221,2.352,3.470,0.317,1.466
152.800,-6.228,2.344,3.469,0.291,1.471
152.933,-6.236,2.337,3.469,0.267,1.476
152.935,-6.245,2.331,3.469,0.627,1.363
152.967,-6.323,2.316,3.465,1.254,0.824
153.000,-6.336,2.318,3.465,1.242,0.841
153.123,-6.348,2.321,3.464,1.170,0.938
153.134,-6.413,2.364,3.461,1.261,-0.812
153.167,-6.429,2.386,3.460,1.272,-0.795
153.200,-6.437,2.397,3.460,1.234,-0.853
153.357,-6.443,2.410,3.459,1.248,-0.832
153.367,-6.455,2.521,3.459,0.140,-1.493
153.401,-6.447,2.547,3.459,0.007,-1.500
153.558,-6.442,2.559,3.459,-0.053,-1.499
153.567,-6.380,2.620,3.458,-1.184,-0.921
153.600,-6.358,2.628,3.456,-1.232,-0.855
153.757,-6.358,2.628,3.456,-1.232,-0.855
153.767,-6.266,2.616,3.455,-1.491,0.161
153.800,-6.256,2.609,3.455,-1.494,0.137
153.951,-6.247,2.602,3.455,-1.495,0.116
153.967,-6.206,2.522,3.454,-0.913,1.190
154.000,-6.205,2.510,3.454,-0.995,1.123
154.157,-6.206,2.499,3.454,-1.075,1.046
154.167,-6.248,2.417,3.455,0.601,1.374
154.200,-6.258,2.409,3.455,0.535,1.401
154.355,-6.268,2.403,3.455,0.430,1.437
154.367,-6.368,2.385,3.455,1.474,0.279
154.400,-6.381,2.387,3.455,1.482,0.232
154.557,-6.407,2.396,3.456,1.494,0.129
154.567,-6.476,2.454,3.457,0.981,-1.134
154.600,-6.483,2.465,3.457,0.888,-1.209
154.757,-6.493,2.489,3.457,0.629,-1.362
154.767,-6.494,2.574,3.461,-0.254,-1.478
154.800,-6.490,2.585,3.462,-0.358,-1.457
154.948,-6.485,2.596,3.462,-0.456,-1.429
154.967,-6.420,2.649,3.466,-1.236,-0.850
155.000,-6.409,2.651,3.467,-1.249,-0.830
155.157,-6.399,2.652,3.467,-1.257,-0.818
155.167,-6.328,2.622,3.471,-1.393,0.558
155.200,-6.322,2.614,3.471,-1.429,0.457
155.340,-6.311,2.595,3.472,-1.482,0.232
155.367,-6.308,2.515,3.472,-0.576,1.385
155.400,-6.312,2.503,3.472,-0.803,1.267
155.554,-6.317,2.491,3.473,-1.057,1.065
155.567,-6.391,2.416,3.472,0.838,1.244
155.600,-6.404,2.410,3.471,0.732,1.309
155.754,-6.417,2.405,3.471,0.467,1.426
155.767,-6.531,2.404,3.470,1.462,-0.334
155.800,-6.545,2.408,3.470,1.428,-0.459
155.956,-6.558,2.414,3.470,1.365,-0.623
155.967,-6.633,2.490,3.470,0.790,-1.275
156.000,-6.638,2.502,3.469,0.640,-1.357
156.137,-6.642,2.514,3.469,0.448,-1.432
156.167,-6.635,2.601,3.471,-0.340,-1.461
156.200,-6.630,2.609,3.471,-0.467,-1.426
156.329,-6.623,2.617,3.471,-0.596,-1.377
156.334,-6.575,2.641,3.471,-1.267,-0.802
156.367,-6.556,2.640,3.471,-1.292,-0.762
156.400,-6.546,2.638,3.471,-1.300,-0.749
156.553,-6.528,2.631,3.471,-1.304,-0.741
156.567,-6.477,2.576,3.471,-1.414,0.501
156.600,-6.473,2.564,3.470,-1.458,0.351
156.753,-6.467,2.540,3.470,-1.500,-0.005
156.767,-6.480,2.446,3.469,-0.304,1.469
156.800,-6.487,2.433,3.469,-0.514,1.409
156.944,-6.502,2.407,3.468,-1.144,0.970
156.967,-6.585,2.339,3.466,0.991,1.126
157.000,-6.600,2.332,3.465,0.969,1.145
157.151,-6.629,2.323,3.465,0.153,0.558
157.167,-6.734,2.322,3.466,1.495,-0.119
157.200,-6.748,2.326,3.466,1.463,-0.331
157.345,-6.773,2.337,3.467,0.386,-0.676
157.367,-6.835,2.400,3.468,0.676,-1.339
157.400,-6.840,2.411,3.468,0.531,-1.403
157.557,-6.846,2.434,3.468,-0.012,-1.500
157.567,-6.837,2.504,3.473,-0.469,-1.425
157.600,-6.832,2.512,3.474,-0.497,-1.415
157.735,-6.826,2.519,3.475,-0.552,-1.395
157.767,-6.764,2.541,3.481,-1.322,-0.709
157.800,-6.756,2.539,3.481,-1.312,-0.727
157.936,-6.739,2.531,3.483,-1.284,-0.776
157.967,-6.698,2.475,3.485,-1.494,0.130
158.000,-6.695,2.464,3.485,-1.498,0.081
158.148,-6.693,2.452,3.485,-1.485,-0.127
158.167,-6.714,2.342,3.482,0.216,1.484
158.200,-6.721,2.328,3.482,0.224,1.483
158.346,-6.739,2.300,3.481,0.108,1.496
158.367,-6.830,2.220,3.480,1.073,1.048
158.400,-6.845,2.212,3.480,1.105,1.015
158.554,-6.861,2.204,3.480,1.118,1.000
158.567,-6.976,2.178,3.488,1.486,0.205
158.600,-6.988,2.179,3.488,1.490,0.176
158.755,-6.999,2.181,3.489,1.494,0.138
158.767,-7.051,2.227,3.487,1.026,-1.094
158.800,-7.053,2.236,3.486,1.031,-1.090
158.956,-7.053,2.254,3.483,0.985,-1.132
158.967,-7.019,2.320,3.478,-0.595,-1.377
159.000,-7.010,2.328,3.477,-0.541,-1.399
159.154,-6.989,2.343,3.476,-0.451,-1.431
159.167,-6.901,2.366,3.476,-1.387,-0.571
159.200,-6.888,2.365,3.476,-1.372,-0.607
159.337,-6.862,2.360,3.476,-1.306,-0.738
159.367,-6.790,2.313,3.477,-1.266,0.805
159.400,-6.783,2.303,3.476,-1.229,0.860
159.554,-6.777,2.293,3.476,-1.221,0.871
159.567,-6.768,2.196,3.473,-0.176,1.490
159.600,-6.777,2.173,3.473,0.075,1.498
159.756,-6.777,2.173,3.473,0.075,1.498
159.767,-6.850,2.108,3.469,1.187,0.917
159.800,-6.862,2.104,3.468,1.230,0.859
159.959,-6.887,2.099,3.467,1.306,0.738
159.967,-6.971,2.117,3.466,1.444,-0.405
160.000,-6.981,2.124,3.466,1.450,-0.383
160.154,-6.991,2.131,3.466,1.456,-0.359
160.168,-7.035,2.213,3.466,1.081,-1.040
160.200,-7.036,2.224,3.466,1.141,-0.974
160.324,-7.036,2.236,3.466,1.202,-0.897
160.334,-7.013,2.297,3.466,-0.021,-1.500
160.367,-6.997,2.312,3.466,0.197,-1.487
160.400,-6.988,2.319,3.466,0.470,-1.424
160.553,-6.967,2.329,3.465,0.903,-1.057
160.567,-6.877,2.332,3.459,-1.497,0.094
160.600,-6.863,2.329,3.458,-1.493,0.143
160.743,-6.849,2.324,3.457,-1.489,0.184
160.767,-6.749,2.249,3.456,-1.105,1.014
160.800,-6.739,2.237,3.457,-0.988,1.128
160.943,-6.729,2.224,3.458,-0.831,1.249
160.967,-6.687,2.125,3.470,-0.276,1.474
161.000,-6.686,2.115,3.472,-0.028,1.500
161.141,-6.687,2.096,3.474,0.519,1.407
161.167,-6.718,2.061,3.478,1.135,0.981
161.200,-6.725,2.060,3.477,1.230,0.859
161.340,-6.741,2.061,3.477,1.345,0.664
161.368,-6.798,2.102,3.476,1.496,-0.106
161.400,-6.805,2.111,3.476,1.499,-0.061
161.537,-6.812,2.122,3.476,1.500,0.006
161.567,-6.833,2.225,3.477,0.747,-1.301
161.600,-6.831,2.239,3.477,0.861,-1.228
161.739,-6.828,2.253,3.477,1.017,-1.103
161.767,-6.767,2.351,3.477,-0.297,-1.470
161.800,-6.756,2.360,3.477,-0.057,-1.499
161.938,-6.743,2.368,3.476,0.293,-1.471
161.967,-6.631,2.400,3.474,-1.418,-0.490
162.001,-6.616,2.399,3.474,-1.403,-0.530
162.103,-6.588,2.394,3.473,-0.240,-0.282
162.134,-6.528,2.365,3.472,-1.219,0.874
162.168,-6.508,2.347,3.472,-0.434,1.219
162.200,-6.500,2.337,3.472,0.326,1.120
162.296,-6.493,2.326,3.472,0.839,0.918
162.300,-6.473,2.281,3.476,0.063,1.499
162.335,-6.469,2.258,3.479,0.382,1.450
162.367,-6.469,2.236,3.482,0.855,1.233
162.400,-6.469,2.226,3.484,1.031,1.089
162.507,-6.473,2.207,3.488,1.264,0.808
162.534,-6.491,2.176,3.501,1.160,0.950
162.567,-6.498,2.171,3.506,1.308,0.734
162.600,-6.502,2.169,3.508,1.357,0.640
162.734,-6.505,2.169,3.510,1.390,0.565
162.767,-6.510,2.202,3.523,1.482,-0.231
162.800,-6.506,2.210,3.523,1.492,-0.153
162.938,-6.502,2.218,3.524,1.500,-0.035
162.967,-6.431,2.301,3.520,-0.483,-1.420
163.000,-6.418,2.312,3.519,-0.248,-1.479
163.136,-6.388,2.334,3.517,0.642,-1.219
163.167,-6.260,2.394,3.516,-1.301,-0.747
163.200,-6.240,2.400,3.516,-1.269,-0.800
163.335,-6.221,2.406,3.517,-1.195,-0.906
163.367,-6.081,2.414,3.523,-1.500,-0.036
163.400,-6.067,2.411,3.524,-1.499,0.052
163.489,-6.053,2.408,3.524,-1.434,0.189
163.500,-6.010,2.386,3.523,-1.244,0.838
163.534,-5.995,2.371,3.522,-0.945,1.165
163.567,-5.984,2.355,3.520,0.047,1.379
163.600,-5.980,2.347,3.520,0.705,1.253
163.687,-5.977,2.338,3.519,1.087,1.034
163.700,-5.978,2.305,3.518,0.513,1.410
163.734,-5.985,2.290,3.519,0.893,1.205
163.767,-5.994,2.278,3.520,1.174,0.934
163.800,-5.999,2.273,3.521,1.261,0.813
163.937,-6.011,2.266,3.523,1.362,0.628
163.967,-6.052,2.270,3.532,1.498,0.072
164.000,-6.056,2.274,3.533,1.496,0.104
164.121,-6.059,2.279,3.534,1.492,0.154
164.134,-6.061,2.326,3.537,1.290,-0.766
164.167,-6.053,2.346,3.536,1.425,-0.470
164.200,-6.047,2.356,3.536,1.458,-0.352
164.337,-6.041,2.366,3.535,1.489,-0.179
164.367,-5.949,2.444,3.527,-0.799,-1.269
164.400,-5.934,2.452,3.525,-0.553,-1.394
164.531,-5.917,2.459,3.524,0.090,-1.088
164.534,-5.881,2.471,3.522,-1.328,-0.697
164.568,-5.762,2.489,3.518,-1.451,-0.380
164.600,-5.742,2.489,3.518,-1.456,-0.361
164.744,-5.702,2.486,3.519,-0.555,-0.120
164.767,-5.584,2.451,3.521,-1.347,0.659
164.800,-5.571,2.443,3.521,-1.234,0.853
164.910,-5.548,2.427,3.521,-0.438,1.228
164.934,-5.508,2.382,3.521,-0.151,1.492
164.968,-5.500,2.364,3.521,0.726,1.312
165.000,-5.498,2.356,3.521,1.029,1.091
165.137,-5.497,2.341,3.521,1.262,0.810
165.167,-5.518,2.311,3.525,1.199,0.902
165.200,-5.522,2.310,3.526,1.258,0.817
165.308,-5.527,2.311,3.527,1.303,0.744
165.334,-5.550,2.333,3.532,1.464,-0.327
165.367,-5.553,2.348,3.534,1.495,-0.121
165.400,-5.553,2.357,3.534,1.499,-0.049
165.533,-5.551,2.376,3.535,1.497,0.099
165.535,-5.545,2.397,3.534,1.301,-0.747
165.567,-5.511,2.455,3.532,0.256,-1.478
165.600,-5.501,2.466,3.531,0.576,-1.385
165.740,-5.477,2.489,3.529,1.258,-0.817
165.767,-5.368,2.552,3.523,-1.149,-0.964
165.801,-5.332,2.563,3.521,-0.893,-1.205
165.929,-5.314,2.567,3.521,-0.096,-0.750
165.935,-5.223,2.573,3.520,-1.497,-0.102
165.967,-5.188,2.569,3.520,-1.500,0.007
166.000,-5.172,2.565,3.521,-1.490,0.171
166.144,-5.157,2.560,3.521,-0.924,0.331
166.167,-5.064,2.499,3.519,-0.901,1.199
166.200,-5.057,2.489,3.519,-0.479,1.422
166.341,-5.046,2.470,3.518,0.583,1.382
166.367,-5.042,2.411,3.518,0.636,1.358
166.400,-5.046,2.405,3.518,0.820,1.256
166.524,-5.055,2.395,3.518,1.114,1.005
166.534,-5.090,2.386,3.517,1.458,0.351
166.567,-5.107,2.389,3.517,1.458,0.355
166.600,-5.115,2.392,3.517,1.458,0.353
166.704,-5.123,2.397,3.517,1.453,0.371
166.734,-5.161,2.443,3.518,1.374,-0.601
166.767,-5.168,2.465,3.518,1.452,-0.378
166.800,-5.170,2.476,3.518,1.474,-0.277
166.943,-5.172,2.500,3.518,1.499,-0.059
166.967,-5.143,2.581,3.518,0.414,-1.442
167.000,-5.135,2.592,3.517,0.679,-1.337
167.125,-5.126,2.602,3.517,1.026,-1.094
167.134,-5.050,2.647,3.511,-0.955,-1.156
167.167,-5.019,2.656,3.509,-0.699,-1.327
167.200,-5.002,2.658,3.507,-0.263,-1.140
167.336,-4.986,2.660,3.506,0.370,-0.668
167.367,-4.853,2.639,3.501,-1.453,0.372
167.400,-4.838,2.632,3.501,-1.357,0.640
167.536,-4.824,2.624,3.501,-0.778,0.808
167.567,-4.744,2.533,3.497,-0.640,1.357
167.600,-4.738,2.520,3.496,-0.429,1.437
167.743,-4.734,2.506,3.496,-0.169,1.490
167.767,-4.733,2.416,3.497,0.404,1.445
167.800,-4.737,2.408,3.498,0.568,1.388
167.939,-4.741,2.401,3.498,0.738,1.306
167.967,-4.794,2.381,3.496,1.374,0.601
168.000,-4.802,2.383,3.495,1.387,0.572
168.137,-4.809,2.387,3.495,1.391,0.562
168.167,-4.853,2.451,3.492,1.434,-0.440
168.200,-4.855,2.463,3.491,1.463,-0.331
168.333,-4.857,2.475,3.491,1.490,-0.172
168.334,-4.856,2.514,3.490,0.896,-1.203
168.367,-4.834,2.582,3.489,0.722,-1.315
168.400,-4.826,2.595,3.488,0.953,-1.159
168.531,-4.808,2.619,3.488,1.361,-0.631
168.534,-4.773,2.651,3.486,-0.650,-1.352
168.567,-4.717,2.683,3.483,-0.310,-1.468
168.600,-4.701,2.688,3.482,0.175,-1.015
168.742,-4.685,2.693,3.481,0.680,-0.568
168.767,-4.553,2.689,3.474,-1.474,0.280
168.800,-4.538,2.684,3.474,-1.440,0.420
168.890,-4.523,2.678,3.473,-1.359,0.636
168.900,-4.471,2.642,3.471,-1.117,1.001
168.934,-4.449,2.620,3.471,-0.819,1.256
168.967,-4.431,2.596,3.471,-0.132,1.494
169.000,-4.424,2.584,3.471,0.392,1.448
169.105,-4.417,2.571,3.471,0.780,1.281
169.134,-4.398,2.501,3.479,0.084,1.498
169.168,-4.398,2.483,3.483,0.467,1.426
169.200,-4.399,2.475,3.484,0.670,1.342
169.338,-4.400,2.467,3.486,0.864,1.226
169.367,-4.422,2.447,3.497,1.259,0.815
169.400,-4.425,2.450,3.498,1.297,0.753
169.499,-4.429,2.458,3.500,1.349,0.656
169.501,-4.431,2.464,3.500,1.481,0.240
169.534,-4.433,2.496,3.502,1.496,-0.114
169.567,-4.430,2.517,3.503,1.499,0.055
169.601,-4.428,2.529,3.503,1.497,0.098
169.736,-4.420,2.554,3.503,1.482,0.230
169.767,-4.363,2.651,3.501,-0.182,-1.489
169.800,-4.351,2.665,3.501,0.121,-1.495
169.898,-4.323,2.691,3.500,0.905,-0.879
169.900,-4.276,2.728,3.500,-0.981,-1.135
169.934,-4.241,2.749,3.500,-1.100,-1.019
169.967,-4.204,2.768,3.501,-0.930,-1.177
170.000,-4.185,2.776,3.501,-0.416,-0.984
170.128,-4.167,2.783,3.502,0.240,-0.536
170.134,-4.060,2.807,3.510,-1.476,-0.265
170.167,-4.030,2.807,3.512,-1.486,-0.202
170.200,-4.016,2.806,3.513,-1.496,-0.114
170.299,-3.991,2.801,3.514,-0.494,0.232
170.301,-3.969,2.792,3.514,-1.017,0.931
170.334,-3.945,2.773,3.512,-0.818,1.257
170.367,-3.935,2.757,3.510,0.014,1.500
170.400,-3.931,2.749,3.509,0.588,1.380
170.507,-3.929,2.741,3.508,0.933,1.174
170.534,-3.938,2.690,3.509,0.805,1.266
170.567,-3.947,2.677,3.510,1.039,1.082
170.600,-3.953,2.671,3.511,1.133,0.983
170.715,-3.959,2.666,3.513,1.208,0.890
170.734,-3.997,2.656,3.522,1.426,0.466
170.767,-4.008,2.660,3.524,1.430,0.454
170.800,-4.012,2.664,3.526,1.434,0.441
170.938,-4.016,2.669,3.527,1.429,0.455
170.967,-4.013,2.734,3.527,0.747,-1.301
171.000,-4.008,2.745,3.526,1.005,-1.113
171.144,-4.002,2.756,3.526,1.274,-0.793
171.167,-3.916,2.848,3.519,-0.776,-1.284
171.200,-3.901,2.858,3.519,-0.647,-1.353
171.343,-3.886,2.867,3.519,-0.330,-1.463
171.367,-3.752,2.914,3.520,-1.421,-0.480
171.400,-3.720,2.915,3.521,-1.433,-0.443
171.545,-3.720,2.915,3.521,-1.433,-0.443
171.567,-3.621,2.883,3.520,-1.249,0.831
171.600,-3.605,2.867,3.518,-0.735,1.308
171.735,-3.599,2.859,3.517,-0.146,1.493
171.767,-3.588,2.790,3.510,0.538,1.400
171.800,-3.591,2.781,3.509,0.765,1.290
171.934,-3.595,2.772,3.508,0.958,1.155
171.967,-3.656,2.727,3.505,1.256,0.821
172.000,-3.665,2.725,3.505,1.290,0.766
172.136,-3.684,2.726,3.505,1.340,0.675
172.167,-3.736,2.759,3.506,1.481,-0.238
172.200,-3.741,2.767,3.505,1.492,-0.156
172.320,-3.745,2.776,3.505,1.499,-0.041
172.334,-3.745,2.842,3.500,0.633,-1.360
172.367,-3.737,2.866,3.498,0.975,-1.140
172.400,-3.731,2.879,3.497,1.144,-0.970
172.544,-3.723,2.890,3.496,1.332,-0.691
172.567,-3.632,2.969,3.489,-1.054,-1.067
172.600,-3.617,2.976,3.488,-0.989,-1.128
172.738,-3.585,2.986,3.486,-0.438,-1.207
172.767,-3.466,2.990,3.484,-1.500,-0.028
172.800,-3.450,2.986,3.484,-1.498,0.082
172.950,-3.434,2.981,3.484,-1.477,0.259
172.967,-3.331,2.914,3.485,-0.988,1.128
173.000,-3.322,2.903,3.485,-0.772,1.286
173.147,-3.314,2.892,3.484,-0.461,1.428
173.167,-3.293,2.806,3.487,0.159,1.492
173.200,-3.295,2.798,3.487,0.348,1.459
173.341,-3.298,2.790,3.487,0.555,1.393
173.367,-3.349,2.759,3.486,1.257,0.819
173.400,-3.358,2.760,3.485,1.288,0.768
173.547,-3.366,2.762,3.485,1.309,0.733
173.567,-3.429,2.815,3.483,1.394,-0.553
173.600,-3.434,2.826,3.483,1.429,-0.455
173.747,-3.443,2.849,3.482,1.486,-0.207
173.768,-3.442,2.945,3.482,0.555,-1.394
173.800,-3.438,2.958,3.482,0.733,-1.309
173.938,-3.426,2.985,3.481,1.173,-0.935
173.967,-3.354,3.056,3.479,-0.805,-1.266
174.000,-3.341,3.063,3.478,-0.673,-1.341
174.133,-3.327,3.069,3.477,-0.343,-1.460
174.134,-3.299,3.077,3.476,-1.277,-0.787
174.167,-3.210,3.076,3.473,-1.500,0.033
174.200,-3.196,3.071,3.473,-1.231,0.309
174.324,-3.170,3.060,3.472,0.254,0.531
174.334,-3.117,3.017,3.470,-0.798,1.270
174.367,-3.103,2.995,3.469,-0.214,1.485
174.400,-3.098,2.984,3.469,0.185,1.489
174.548,-3.090,2.960,3.469,0.858,1.230
174.567,-3.094,2.886,3.475,0.587,1.380
174.600,-3.098,2.877,3.476,0.716,1.318
174.745,-3.103,2.870,3.478,0.850,1.236
174.767,-3.147,2.844,3.489,1.321,0.710
174.800,-3.153,2.845,3.490,1.340,0.674
174.942,-3.158,2.848,3.491,1.350,0.653
174.967,-3.176,2.903,3.496,1.195,-0.907
175.000,-3.175,2.914,3.496,1.301,-0.746
175.140,-3.173,2.925,3.496,1.408,-0.516
175.167,-3.120,3.029,3.494,-0.234,-1.482
175.200,-3.109,3.041,3.494,-0.042,-1.499
175.337,-3.097,3.054,3.494,0.328,-1.464
175.367,-2.977,3.125,3.494,-1.227,-0.862
175.400,-2.960,3.130,3.494,-1.194,-0.908
175.540,-2.944,3.134,3.495,-1.112,-1.007
175.567,-2.828,3.125,3.496,-1.482,0.232
175.600,-2.816,3.120,3.495,-1.439,0.422
175.742,-2.805,3.113,3.495,-1.311,0.729
175.767,-2.756,3.040,3.489,-0.348,1.459
175.801,-2.754,3.018,3.487,0.128,1.495
175.922,-2.754,3.018,3.487,0.128,1.495
175.934,-2.776,2.959,3.485,0.754,1.297
175.967,-2.790,2.944,3.484,1.033,1.088
176.000,-2.798,2.937,3.484,1.130,0.986
176.132,-2.807,2.932,3.485,1.201,0.899
176.135,-2.825,2.923,3.485,1.331,0.692
176.167,-2.880,2.923,3.490,1.460,0.345
176.200,-2.888,2.926,3.491,1.456,0.359
176.312,-2.896,2.930,3.492,1.448,0.392
176.334,-2.923,2.975,3.493,1.335,-0.685
176.367,-2.924,2.995,3.492,1.444,-0.407
176.400,-2.923,3.005,3.492,1.474,-0.280
176.524,-2.921,3.016,3.491,1.497,-0.100
176.534,-2.884,3.084,3.486,-0.317,-1.466
176.567,-2.863,3.105,3.485,0.137,-1.494
176.600,-2.851,3.115,3.484,0.537,-1.401
176.732,-2.838,3.124,3.483,0.977,-0.916
176.734,-2.762,3.160,3.479,-1.327,-0.700
176.767,-2.711,3.171,3.477,-1.337,-0.679
176.800,-2.693,3.173,3.477,-1.130,-0.611
176.933,-2.659,3.174,3.477,0.240,0.025
176.935,-2.625,3.171,3.477,-1.267,0.465
176.967,-2.551,3.147,3.479,-1.244,0.838
177.000,-2.539,3.140,3.479,-0.962,1.151
177.142,-2.527,3.132,3.480,-0.384,1.371
177.167,-2.472,3.058,3.485,-0.256,1.478
177.200,-2.469,3.049,3.486,0.021,1.500
177.345,-2.468,3.040,3.486,0.346,1.459
177.367,-2.493,2.996,3.491,0.902,1.199
177.400,-2.499,2.995,3.491,1.006,1.113
177.545,-2.513,2.995,3.491,1.172,0.936
177.567,-2.564,3.031,3.491,1.475,-0.273
177.600,-2.570,3.040,3.491,1.489,-0.178
177.728,-2.576,3.051,3.491,1.499,-0.048
177.735,-2.594,3.128,3.490,0.842,-1.242
177.767,-2.593,3.157,3.490,1.066,-1.055
177.800,-2.591,3.172,3.490,1.196,-0.905
177.920,-2.588,3.187,3.490,1.344,-0.666
177.934,-2.547,3.268,3.490,-0.304,-1.469
177.967,-2.526,3.291,3.490,-0.035,-1.500
178.000,-2.515,3.300,3.489,0.197,-1.487
178.139,-2.502,3.309,3.489,0.616,-1.368
178.167,-2.388,3.343,3.483,-1.408,-0.516
178.200,-2.373,3.342,3.482,-1.417,-0.492
178.339,-2.345,3.338,3.481,0.061,0.056
178.367,-2.259,3.289,3.477,-1.045,1.076
178.400,-2.249,3.279,3.476,-0.782,1.280
178.541,-2.233,3.257,3.476,0.106,1.496
178.567,-2.206,3.174,3.481,0.115,1.496
178.600,-2.207,3.152,3.484,0.488,1.418
178.744,-2.207,3.152,3.484,0.488,1.418
178.767,-2.241,3.096,3.492,1.079,1.042
178.800,-2.248,3.093,3.493,1.134,0.982
178.934,-2.261,3.091,3.495,1.232,0.856
178.968,-2.303,3.118,3.499,1.462,-0.336
179.000,-2.307,3.126,3.500,1.483,-0.228
179.139,-2.311,3.134,3.500,1.497,-0.087
179.167,-2.304,3.226,3.499,0.785,-1.278
179.200,-2.299,3.239,3.499,0.989,-1.128
179.342,-2.292,3.252,3.498,1.230,-0.859
179.367,-2.204,3.340,3.494,-0.895,-1.204
179.400,-2.189,3.348,3.494,-0.795,-1.272
179.544,-2.158,3.362,3.492,-0.065,-1.134
179.567,-2.040,3.375,3.491,-1.498,-0.079
179.600,-2.024,3.373,3.491,-1.500,0.004
179.746,-2.008,3.370,3.491,-1.494,0.131
179.767,-1.908,3.311,3.490,-1.021,1.099
179.800,-1.893,3.290,3.489,-0.521,1.407
179.947,-1.886,3.279,3.489,-0.090,1.497
179.967,-1.874,3.206,3.489,0.297,1.470
