t,x,y,z,cmd_vx,cmd_vy
0.000,4.091,1.087,4.340,-0.682,1.336
0.158,4.091,1.087,4.303,-0.682,1.336
0.167,4.091,1.087,3.863,-0.682,1.336
0.200,4.091,1.087,3.791,-0.682,1.336
0.345,4.091,1.087,3.717,-0.682,1.336
0.367,4.089,1.091,3.149,-0.683,1.336
0.400,4.088,1.093,3.083,-0.683,1.336
0.552,4.087,1.095,3.017,-0.683,1.336
0.567,4.064,1.140,2.531,-0.118,0.224
0.600,4.059,1.149,2.475,-0.574,1.119
0.707,4.054,1.159,2.419,-0.683,1.335
0.734,4.014,1.237,2.103,0.682,-1.336
0.767,3.998,1.268,2.004,-0.057,0.111
0.800,3.990,1.284,1.956,-0.471,0.922
0.922,3.982,1.301,1.909,-0.682,1.336
0.934,3.931,1.400,1.647,0.680,-1.337
0.968,3.916,1.432,1.568,0.395,-0.788
1.000,3.908,1.447,1.530,-0.128,0.236
1.118,3.901,1.462,1.493,-0.576,1.116
1.134,3.864,1.538,1.293,0.629,-1.362
1.167,3.855,1.557,1.234,0.349,-0.938
1.200,3.851,1.566,1.206,-0.196,0.186
1.306,3.848,1.573,1.179,-0.617,1.063
1.334,3.839,1.600,1.039,-0.692,0.698
1.367,3.840,1.601,0.999,-0.779,1.282
1.400,3.841,1.601,0.981,-0.747,1.301
1.545,3.843,1.600,0.963,-0.726,1.313
1.567,3.859,1.573,0.847,-0.710,1.321
1.600,3.860,1.570,0.837,-0.704,1.324
1.715,3.862,1.567,0.828,-0.700,1.327
1.734,3.859,1.563,0.792,-0.629,1.362
1.767,3.854,1.569,0.786,-0.648,1.353
1.800,3.851,1.573,0.783,-0.653,1.350
1.922,3.847,1.578,0.781,-0.662,1.346
1.934,3.812,1.631,0.772,0.979,-1.136
1.967,3.796,1.656,0.771,0.427,0.065
2.000,3.788,1.670,0.771,-0.053,0.773
2.149,3.779,1.685,0.771,-0.483,1.420
2.167,3.703,1.824,0.789,0.729,-1.311
2.200,3.694,1.843,0.793,0.737,-1.307
2.353,3.685,1.861,0.798,0.762,-1.292
2.367,3.633,1.994,0.845,0.488,-1.418
2.400,3.629,2.008,0.852,0.445,-1.433
2.553,3.626,2.021,0.858,0.349,-1.459
2.567,3.627,2.095,0.902,-0.659,-1.348
2.600,3.630,2.099,0.906,-1.106,-1.013
2.749,3.633,2.103,0.911,-1.474,-0.168
2.767,3.678,2.093,0.943,-1.201,0.898
2.800,3.684,2.087,0.947,-1.109,1.010
2.940,3.690,2.079,0.951,-1.024,1.096
2.967,3.719,1.993,0.990,-0.597,1.376
3.000,3.720,1.981,0.996,-0.601,1.374
3.142,3.719,1.968,1.001,-0.616,1.368
3.167,3.684,1.886,1.046,-0.014,1.500
3.200,3.676,1.880,1.050,-0.099,1.497
3.326,3.667,1.874,1.055,-0.205,1.486
3.334,3.606,1.863,1.079,1.072,1.049
3.367,3.583,1.868,1.086,0.679,1.337
3.400,3.572,1.872,1.089,0.434,1.436
3.551,3.560,1.878,1.092,0.148,1.493
3.567,3.484,1.959,1.117,1.393,-0.556
3.600,3.477,1.973,1.120,1.491,-0.162
3.749,3.471,1.989,1.123,0.940,0.654
3.767,3.455,2.130,1.147,-0.113,-1.496
3.800,3.457,2.149,1.150,-0.275,-1.475
3.948,3.460,2.167,1.154,-0.602,-1.374
3.967,3.518,2.292,1.185,-0.967,-1.146
4.000,3.528,2.304,1.189,-1.137,-0.978
4.146,3.538,2.315,1.193,-1.339,-0.676
4.167,3.617,2.365,1.228,-1.496,-0.106
4.200,3.625,2.366,1.232,-1.494,0.134
4.350,3.633,2.367,1.237,-1.446,0.399
4.367,3.657,2.337,1.264,-0.918,1.186
4.400,3.656,2.331,1.267,-0.872,1.220
4.499,3.653,2.324,1.270,-0.845,1.240
4.500,3.649,2.316,1.273,-0.330,1.463
4.534,3.613,2.277,1.288,0.214,1.485
4.567,3.592,2.263,1.294,-0.024,1.500
4.600,3.580,2.256,1.297,-0.121,1.495
4.680,3.567,2.251,1.301,-0.251,1.479
4.700,3.511,2.236,1.315,1.080,1.041
4.734,3.481,2.233,1.323,0.744,1.302
4.767,3.451,2.235,1.330,0.334,1.462
4.800,3.436,2.238,1.334,0.162,1.491
4.940,3.407,2.246,1.342,-0.164,1.491
4.967,3.323,2.308,1.368,1.380,-0.587
5.000,3.314,2.321,1.371,1.448,-0.392
5.152,3.306,2.335,1.374,1.497,0.098
5.167,3.271,2.470,1.398,0.230,-1.482
5.200,3.271,2.488,1.402,0.156,-1.492
5.338,3.271,2.506,1.405,0.020,-1.500
5.367,3.307,2.635,1.438,-0.766,-1.290
5.400,3.314,2.648,1.442,-0.974,-1.141
5.551,3.322,2.660,1.447,-1.253,-0.825
5.567,3.392,2.714,1.480,-1.465,-0.324
5.600,3.400,2.716,1.484,-1.499,-0.051
5.752,3.407,2.717,1.488,-1.477,0.262
5.767,3.441,2.688,1.517,-0.859,1.229
5.800,3.441,2.681,1.520,-0.830,1.250
5.954,3.440,2.673,1.524,-0.814,1.260
5.967,3.394,2.605,1.552,0.510,1.411
6.000,3.384,2.597,1.556,0.395,1.447
6.152,3.373,2.590,1.560,0.238,1.481
6.167,3.267,2.562,1.593,1.284,0.776
6.200,3.252,2.563,1.597,1.191,0.912
6.340,3.239,2.565,1.601,1.026,1.094
6.367,3.147,2.617,1.633,1.483,-0.225
6.400,3.140,2.628,1.636,1.500,-0.002
6.550,3.133,2.639,1.639,1.431,0.450
6.567,3.116,2.746,1.661,-0.009,-1.500
6.600,3.119,2.760,1.664,-0.144,-1.493
6.741,3.123,2.773,1.666,-0.401,-1.445
6.767,3.191,2.868,1.692,-1.132,-0.984
6.800,3.203,2.877,1.695,-1.254,-0.824
6.923,3.215,2.885,1.699,-1.387,-0.572
6.934,3.288,2.912,1.725,-1.457,-0.358
6.967,3.310,2.913,1.734,-1.500,-0.021
7.000,3.320,2.912,1.739,-1.487,0.199
7.112,3.329,2.910,1.743,-1.437,0.431
7.134,3.367,2.881,1.768,-1.105,1.014
7.167,3.372,2.866,1.775,-1.004,1.114
7.200,3.372,2.858,1.778,-0.948,1.162
7.333,3.372,2.850,1.782,-0.910,1.193
7.335,3.370,2.842,1.786,-0.618,1.367
7.367,3.329,2.791,1.811,0.475,1.423
7.400,3.319,2.786,1.815,0.340,1.461
7.545,3.308,2.781,1.819,0.160,1.491
7.567,3.204,2.780,1.846,1.361,0.631
7.600,3.190,2.785,1.849,1.257,0.819
7.749,3.176,2.790,1.853,1.043,1.078
7.767,3.086,2.872,1.878,1.251,-0.828
7.800,3.078,2.886,1.881,1.308,-0.734
7.915,3.071,2.900,1.884,1.423,-0.476
7.934,3.052,2.993,1.903,0.142,-1.493
7.967,3.055,3.024,1.909,-0.021,-1.500
8.000,3.058,3.039,1.913,-0.244,-1.480
8.140,3.061,3.053,1.916,-0.508,-0.932
8.167,3.123,3.139,1.943,-1.254,-0.824
8.200,3.133,3.146,1.946,-1.382,-0.583
8.318,3.144,3.151,1.950,-1.474,-0.277
8.334,3.206,3.160,1.972,-1.486,0.202
8.367,3.223,3.154,1.980,-1.422,0.478
8.400,3.231,3.150,1.984,-1.358,0.636
8.530,3.238,3.145,1.988,-1.277,0.787
8.534,3.262,3.102,2.012,-0.732,1.310
8.567,3.261,3.085,2.020,-0.685,1.335
8.600,3.260,3.076,2.024,-0.668,1.343
8.697,3.257,3.068,2.028,-0.670,1.342
8.700,3.235,3.038,2.045,-0.086,1.498
8.734,3.219,3.027,2.053,0.039,1.499
8.767,3.199,3.019,2.061,-0.128,1.495
8.800,3.188,3.016,2.064,-0.186,1.488
8.938,3.177,3.015,2.068,-0.295,1.471
8.967,3.075,3.038,2.095,1.236,0.849
9.000,3.063,3.045,2.098,1.069,1.052
9.079,3.050,3.054,2.101,0.768,1.288
9.100,3.003,3.100,2.113,1.467,-0.315
9.134,2.983,3.129,2.120,1.465,0.321
9.167,2.965,3.161,2.126,0.526,0.785
9.200,2.957,3.178,2.129,0.235,0.902
9.326,2.950,3.195,2.132,-0.050,1.152
9.334,2.927,3.306,2.155,0.246,-1.480
9.367,2.927,3.343,2.164,0.098,-1.497
9.400,2.928,3.362,2.169,-0.094,-1.497
9.525,2.930,3.381,2.174,-0.314,-0.745
9.534,2.956,3.485,2.209,-0.527,-1.405
9.567,2.969,3.516,2.221,-0.729,-1.311
9.600,2.975,3.530,2.227,-0.946,-1.164
9.716,2.982,3.544,2.234,-1.221,-0.871
9.734,3.024,3.607,2.273,-1.096,-1.024
9.767,3.035,3.620,2.285,-1.340,-0.674
9.800,3.041,3.626,2.291,-1.476,-0.265
9.935,3.045,3.630,2.297,-1.488,0.189
9.967,3.054,3.627,2.338,-0.997,1.121
10.000,3.051,3.622,2.342,-0.878,1.216
10.107,3.047,3.617,2.345,-0.808,1.264
10.134,3.000,3.576,2.368,0.668,1.343
10.167,2.977,3.560,2.376,0.418,1.441
10.200,2.964,3.553,2.380,0.294,1.471
10.320,2.950,3.546,2.384,0.125,1.495
10.334,2.856,3.518,2.413,1.324,0.704
10.367,2.824,3.516,2.423,1.189,0.915
10.400,2.809,3.516,2.428,1.079,1.042
10.498,2.793,3.518,2.433,0.897,1.203
10.500,2.764,3.523,2.443,1.479,0.252
10.534,2.714,3.547,2.460,1.445,0.402
10.567,2.694,3.564,2.468,1.248,0.833
10.600,2.686,3.574,2.471,1.053,1.068
10.704,2.678,3.584,2.475,0.721,1.315
10.734,2.657,3.658,2.491,0.621,-1.365
10.767,2.658,3.686,2.496,0.157,-0.341
10.800,2.661,3.700,2.499,-0.102,0.302
10.913,2.665,3.714,2.502,-0.249,0.771
10.934,2.707,3.801,2.523,-0.889,-1.208
10.967,2.728,3.828,2.533,-1.164,-0.947
11.000,2.738,3.841,2.538,-1.383,-0.581
11.106,2.750,3.853,2.543,-1.499,-0.049
11.134,2.817,3.914,2.581,-1.432,-0.447
11.167,2.836,3.929,2.595,-1.494,0.132
11.200,2.845,3.935,2.601,-1.433,0.442
11.283,2.853,3.940,2.608,-1.295,0.757
11.300,2.877,3.953,2.633,-1.500,0.002
11.334,2.884,3.955,2.645,-1.405,0.525
11.367,2.886,3.955,2.656,-1.137,0.979
11.400,2.885,3.954,2.661,-0.993,1.125
11.514,2.883,3.953,2.666,-0.878,1.217
11.534,2.850,3.942,2.694,0.807,1.264
11.567,2.831,3.940,2.703,0.409,1.443
11.600,2.819,3.939,2.708,0.249,1.479
11.708,2.807,3.939,2.713,0.050,1.499
11.734,2.723,3.953,2.741,1.455,0.363
11.767,2.693,3.964,2.751,1.274,0.791
11.800,2.678,3.971,2.756,1.046,1.075
11.881,2.663,3.979,2.761,0.736,1.307
11.900,2.610,4.021,2.781,1.482,-0.234
11.934,2.587,4.046,2.790,1.463,0.333
11.967,2.568,4.075,2.799,0.862,0.894
12.000,2.560,4.090,2.803,0.535,1.182
12.131,2.553,4.105,2.807,0.239,1.414
12.134,2.535,4.170,2.823,0.433,-1.436
12.167,2.534,4.237,2.840,0.219,-1.484
12.200,2.537,4.254,2.844,0.132,-1.494
12.307,2.540,4.270,2.849,-0.031,-0.915
12.334,2.580,4.366,2.878,-0.787,-1.277
12.367,2.598,4.395,2.889,-1.296,-0.755
12.400,2.608,4.408,2.895,-1.305,-0.181
12.518,2.618,4.420,2.901,-1.116,0.418
12.534,2.679,4.478,2.940,-1.356,-0.641
12.567,2.697,4.490,2.954,-1.485,-0.210
12.600,2.705,4.494,2.960,-1.487,0.195
12.728,2.712,4.498,2.967,-1.389,0.566
12.734,2.738,4.501,3.001,-1.296,0.755
12.767,2.739,4.496,3.011,-1.025,1.095
12.800,2.737,4.493,3.015,-0.888,1.209
12.922,2.735,4.489,3.020,-0.787,1.277
12.934,2.697,4.463,3.046,0.871,1.221
12.967,2.676,4.455,3.055,0.616,1.368
13.000,2.665,4.452,3.059,0.480,1.421
13.099,2.652,4.449,3.064,0.300,1.470
13.101,2.625,4.446,3.073,0.860,1.229
13.134,2.566,4.449,3.092,1.419,0.486
13.167,2.537,4.457,3.102,1.244,0.838
13.200,2.522,4.462,3.107,1.093,1.028
13.323,2.508,4.468,3.112,0.836,1.245
13.334,2.438,4.525,3.138,1.246,-0.835
13.367,2.422,4.551,3.146,1.361,-0.630
13.400,2.415,4.564,3.149,1.467,-0.312
13.514,2.410,4.578,3.153,1.416,0.262
13.534,2.401,4.668,3.173,0.383,-1.450
13.567,2.407,4.698,3.179,0.212,-1.169
13.600,2.411,4.712,3.182,-0.061,-0.264
13.720,2.417,4.725,3.186,-0.191,0.410
13.734,2.471,4.790,3.205,-1.306,-0.738
13.767,2.494,4.805,3.211,-1.500,-0.022
13.800,2.507,4.810,3.215,-1.443,0.409
13.918,2.519,4.814,3.219,-1.258,0.817
13.934,2.595,4.820,3.246,-1.482,0.230
13.967,2.617,4.815,3.256,-1.399,0.540
14.000,2.627,4.811,3.262,-1.318,0.716
14.131,2.636,4.807,3.267,-1.208,0.889
14.134,2.665,4.788,3.289,-1.073,1.048
14.167,2.678,4.768,3.311,-0.839,1.244
14.200,2.679,4.764,3.316,-0.771,1.287
14.326,2.679,4.760,3.322,-0.713,1.320
14.334,2.655,4.748,3.349,0.662,1.346
14.367,2.639,4.750,3.356,0.341,1.461
14.400,2.630,4.752,3.359,0.206,1.486
14.496,2.611,4.759,3.365,-0.039,1.499
14.500,2.577,4.778,3.374,1.489,-0.179
14.534,2.553,4.795,3.379,1.500,-0.013
14.567,2.529,4.817,3.384,1.319,0.715
14.600,2.517,4.829,3.386,0.971,0.985
14.668,2.506,4.842,3.389,0.557,1.235
14.700,2.465,4.903,3.399,1.267,-0.803
14.734,2.448,4.936,3.404,0.918,-0.028
14.767,2.435,4.971,3.410,0.344,0.564
14.800,2.430,4.988,3.413,0.150,0.865
14.943,2.426,5.006,3.416,-0.030,1.157
14.967,2.429,5.143,3.444,-0.206,-1.486
15.000,2.434,5.159,3.448,-0.332,-1.463
15.106,2.439,5.175,3.452,-0.549,-1.396
15.134,2.479,5.259,3.479,-0.881,-1.214
15.167,2.494,5.283,3.489,-1.176,-0.931
15.200,2.502,5.294,3.494,-1.411,-0.510
15.321,2.509,5.305,3.499,-1.496,0.101
15.334,2.547,5.351,3.528,-1.288,-0.769
15.367,2.555,5.359,3.536,-1.490,-0.173
15.400,2.558,5.362,3.540,-1.475,0.274
15.521,2.560,5.364,3.543,-1.321,0.711
15.534,2.552,5.358,3.555,0.360,1.456
15.567,2.541,5.350,3.557,0.099,1.497
15.600,2.534,5.346,3.557,0.009,1.500
15.727,2.526,5.341,3.558,-0.102,1.496
15.734,2.457,5.307,3.563,1.120,0.998
15.767,2.429,5.298,3.566,0.934,1.173
15.800,2.414,5.294,3.568,0.808,1.264
15.935,2.400,5.290,3.570,0.625,1.364
15.967,2.293,5.294,3.585,1.397,0.546
16.000,2.282,5.298,3.586,1.310,0.731
16.108,2.272,5.304,3.586,1.143,0.972
16.134,2.234,5.355,3.584,1.496,-0.108
16.167,2.229,5.379,3.580,1.026,0.651
16.200,2.229,5.391,3.578,0.610,1.026
16.331,2.229,5.404,3.576,0.324,1.302
16.334,2.238,5.445,3.569,-0.452,-1.430
16.367,2.273,5.516,3.557,-0.778,-1.282
16.400,2.283,5.530,3.555,-1.143,-0.971
16.531,2.294,5.544,3.554,-1.021,-0.151
16.534,2.331,5.586,3.551,-1.217,-0.877
16.567,2.398,5.647,3.552,-1.339,-0.676
16.600,2.412,5.657,3.553,-1.420,-0.482
16.750,2.425,5.667,3.554,-1.490,-0.175
16.767,2.503,5.715,3.563,-1.479,-0.249
16.800,2.509,5.718,3.564,-1.500,0.027
16.955,2.514,5.719,3.564,-1.465,0.323
16.967,2.513,5.704,3.555,-0.151,1.492
17.000,2.508,5.700,3.553,-0.182,1.489
17.153,2.502,5.695,3.551,-0.237,1.481
17.167,2.415,5.652,3.541,1.131,0.986
17.200,2.401,5.648,3.540,1.042,1.079
17.341,2.387,5.644,3.540,0.906,1.195
17.367,2.272,5.641,3.546,1.411,0.508
17.400,2.259,5.645,3.547,1.353,0.647
17.551,2.247,5.649,3.548,1.241,0.843
17.567,2.183,5.713,3.547,1.293,-0.760
17.600,2.180,5.724,3.546,1.395,-0.550
17.730,2.177,5.735,3.545,1.499,-0.055
17.734,2.188,5.808,3.537,-0.093,-1.497
17.767,2.200,5.831,3.534,-0.489,-1.345
17.800,2.208,5.843,3.533,-0.567,-0.348
17.925,2.216,5.853,3.532,-0.533,0.353
17.934,2.285,5.902,3.526,-1.402,-0.532
17.967,2.311,5.911,3.525,-1.484,0.217
18.000,2.324,5.914,3.525,-1.378,0.592
18.149,2.337,5.915,3.524,-1.179,0.928
18.167,2.422,5.898,3.527,-1.277,0.786
18.200,2.429,5.893,3.528,-1.192,0.911
18.341,2.435,5.888,3.528,-1.089,1.031
18.367,2.446,5.845,3.532,-0.444,1.433
18.400,2.442,5.842,3.533,-0.420,1.440
18.547,2.438,5.838,3.533,-0.415,1.441
18.567,2.369,5.841,3.527,1.151,0.962
18.600,2.358,5.845,3.526,0.975,1.140
18.700,2.346,5.851,3.525,0.717,1.317
18.734,2.269,5.905,3.518,1.490,-0.172
18.767,2.245,5.931,3.516,1.417,0.493
18.800,2.234,5.945,3.516,1.152,0.809
18.893,2.223,5.959,3.515,0.719,1.115
18.900,2.187,6.024,3.513,0.892,-1.206
18.934,2.175,6.059,3.512,0.965,-1.149
18.967,2.167,6.094,3.511,0.893,-0.604
19.000,2.164,6.111,3.511,0.539,0.057
19.129,2.162,6.129,3.511,0.275,0.586
19.134,2.175,6.226,3.512,-0.365,-1.455
19.167,2.187,6.254,3.513,-0.535,-1.402
19.200,2.195,6.266,3.513,-0.750,-1.299
19.332,2.211,6.289,3.514,-0.933,-0.218
19.334,2.251,6.322,3.514,-1.362,-0.629
19.367,2.283,6.336,3.514,-1.492,-0.157
19.400,2.293,6.338,3.514,-1.484,0.216
19.500,2.303,6.340,3.515,-1.388,0.569
19.534,2.352,6.328,3.516,-1.249,0.831
19.567,2.362,6.318,3.517,-1.015,1.104
19.600,2.366,6.313,3.517,-0.891,1.207
19.719,2.368,6.306,3.518,-0.781,1.280
19.734,2.361,6.267,3.520,-0.048,1.499
19.767,2.351,6.256,3.521,-0.108,1.496
19.800,2.344,6.251,3.521,-0.125,1.495
19.946,2.337,6.247,3.522,-0.175,1.490
19.967,2.254,6.247,3.520,1.365,0.623
20.000,2.243,6.252,3.520,1.258,0.817
20.137,2.231,6.258,3.519,1.062,1.060
20.167,2.146,6.341,3.514,1.388,-0.568
20.200,2.137,6.355,3.513,1.450,-0.384
20.353,2.130,6.370,3.513,1.500,0.012
20.367,2.103,6.499,3.510,0.319,-1.466
20.400,2.105,6.514,3.510,0.313,-1.467
20.530,2.111,6.544,3.510,0.227,-1.206
20.534,2.142,6.606,3.507,-0.905,-1.196
20.567,2.160,6.625,3.506,-1.323,-0.389
20.600,2.170,6.632,3.505,-1.192,0.372
20.755,2.181,6.639,3.504,-0.991,0.871
20.767,2.268,6.653,3.504,-1.475,0.273
20.800,2.277,6.650,3.504,-1.433,0.443
20.953,2.286,6.647,3.505,-1.358,0.636
20.967,2.325,6.604,3.511,-0.839,1.244
21.000,2.325,6.598,3.512,-0.772,1.286
21.154,2.324,6.592,3.512,-0.711,1.321
21.167,2.280,6.556,3.515,0.883,1.212
21.200,2.271,6.555,3.514,0.764,1.291
21.353,2.260,6.554,3.514,0.596,1.377
21.367,2.161,6.582,3.514,1.499,0.045
21.400,2.149,6.590,3.514,1.485,0.215
21.541,2.137,6.598,3.514,1.419,0.487
21.567,2.065,6.697,3.513,1.115,-1.003
21.600,2.060,6.712,3.513,1.185,-0.920
21.753,2.056,6.726,3.512,1.321,-0.710
21.767,2.065,6.838,3.510,-0.241,-1.481
21.800,2.071,6.849,3.509,-0.353,-1.458
21.940,2.078,6.860,3.509,-0.528,-1.404
21.967,2.160,6.915,3.501,-1.420,-0.483
22.000,2.173,6.917,3.500,-1.476,-0.265
22.139,2.185,6.918,3.499,-1.500,0.033
22.167,2.271,6.890,3.494,-1.325,0.702
22.200,2.279,6.882,3.493,-1.254,0.823
22.336,2.293,6.866,3.493,-1.059,1.063
22.367,2.307,6.798,3.492,-0.404,1.445
22.400,2.305,6.789,3.492,-0.388,1.449
22.548,2.302,6.780,3.492,-0.387,1.449
22.567,2.241,6.734,3.489,0.833,1.248
22.600,2.230,6.732,3.488,0.732,1.309
22.741,2.219,6.731,3.488,0.585,1.381
22.767,2.125,6.764,3.483,1.500,0.021
22.800,2.114,6.773,3.482,1.484,0.221
22.942,2.104,6.783,3.482,1.400,0.540
22.967,2.052,6.888,3.476,0.867,-1.224
23.000,2.050,6.903,3.475,0.931,-1.176
23.101,2.049,6.918,3.474,1.099,-1.021
23.134,2.067,7.007,3.471,-0.415,-1.442
23.167,2.081,7.034,3.471,-0.853,-1.134
23.200,2.089,7.046,3.470,-0.833,-0.239
23.301,2.098,7.057,3.470,-0.728,0.396
23.334,2.164,7.105,3.472,-1.412,-0.505
23.367,2.187,7.113,3.474,-1.500,-0.020
23.400,2.198,7.116,3.475,-1.448,0.391
23.520,2.209,7.117,3.476,-1.307,0.736
23.534,2.261,7.107,3.484,-1.324,0.706
23.567,2.272,7.099,3.486,-1.137,0.978
23.600,2.275,7.094,3.488,-1.018,1.101
23.737,2.278,7.089,3.489,-0.900,1.200
23.767,2.260,7.051,3.497,0.040,1.499
23.800,2.253,7.048,3.497,-0.003,1.500
23.903,2.245,7.046,3.498,-0.075,1.498
23.934,2.181,7.048,3.499,1.045,1.076
23.967,2.156,7.056,3.499,0.701,1.326
24.000,2.143,7.062,3.498,0.553,1.394
24.135,2.130,7.069,3.498,0.331,1.463
24.167,2.035,7.159,3.496,1.343,-0.667
24.200,2.025,7.174,3.495,1.422,-0.476
24.313,2.017,7.190,3.495,1.500,-0.031
24.334,1.987,7.298,3.491,0.487,-1.419
24.368,1.985,7.336,3.490,0.506,-1.412
24.400,1.986,7.355,3.490,0.546,-1.397
24.538,1.987,7.374,3.490,0.310,-0.504
24.567,2.033,7.500,3.489,-0.635,-1.359
24.600,2.042,7.512,3.488,-0.801,-1.268
24.740,2.051,7.522,3.488,-1.032,-1.088
24.767,2.134,7.569,3.487,-1.493,-0.146
24.800,2.143,7.570,3.487,-1.471,0.292
24.943,2.161,7.569,3.487,-1.127,0.989
24.967,2.202,7.536,3.485,-0.929,1.178
25.000,2.204,7.528,3.485,-0.841,1.242
25.154,2.205,7.512,3.484,-0.677,1.338
25.167,2.176,7.455,3.486,0.426,1.438
25.200,2.168,7.448,3.486,0.358,1.457
25.320,2.159,7.442,3.486,0.264,1.477
25.334,2.092,7.424,3.488,1.231,0.857
25.367,2.067,7.426,3.488,1.063,1.058
25.400,2.055,7.429,3.488,0.944,1.166
25.496,2.042,7.433,3.489,0.760,1.293
25.500,1.997,7.458,3.489,1.484,-0.221
25.534,1.978,7.477,3.489,1.496,-0.111
25.567,1.962,7.498,3.489,1.420,0.483
25.600,1.955,7.511,3.488,1.241,0.843
25.707,1.949,7.523,3.488,0.853,1.197
25.734,1.937,7.608,3.483,0.329,-1.463
25.767,1.942,7.638,3.481,0.212,-1.234
25.800,1.946,7.653,3.481,-0.013,-0.327
25.904,1.951,7.668,3.480,-0.122,0.334
25.934,2.001,7.751,3.480,-1.033,-1.087
25.967,2.024,7.775,3.481,-1.333,-0.688
26.000,2.036,7.786,3.483,-1.489,-0.181
26.111,2.048,7.796,3.484,-1.440,0.419
26.134,2.120,7.839,3.497,-1.481,-0.237
26.167,2.142,7.847,3.503,-1.471,0.293
26.200,2.151,7.850,3.505,-1.381,0.586
26.312,2.160,7.852,3.508,-1.222,0.870
26.334,2.194,7.850,3.520,-1.277,0.786
26.367,2.197,7.846,3.523,-1.027,1.093
26.400,2.197,7.843,3.525,-0.891,1.206
26.514,2.195,7.841,3.526,-0.778,1.283
26.534,2.166,7.829,3.531,0.625,1.364
26.567,2.148,7.828,3.532,0.334,1.462
26.600,2.138,7.828,3.533,0.226,1.483
26.704,2.126,7.829,3.533,0.077,1.498
26.734,2.049,7.854,3.535,1.490,0.169
26.767,2.022,7.870,3.535,1.343,0.667
26.800,2.008,7.879,3.535,1.117,1.002
26.899,1.995,7.890,3.535,0.798,1.270
26.900,1.983,7.901,3.535,1.447,-0.397
26.934,1.928,7.969,3.535,1.197,-0.903
26.967,1.911,8.001,3.534,1.354,-0.645
27.000,1.905,8.017,3.534,1.454,-0.369
27.075,1.899,8.034,3.534,1.111,0.231
27.100,1.886,8.101,3.533,0.556,-1.393
27.134,1.886,8.133,3.533,0.382,-0.752
27.167,1.891,8.163,3.533,-0.020,0.254
27.200,1.895,8.177,3.532,-0.178,0.696
27.331,1.899,8.190,3.532,-0.238,1.045
27.334,1.946,8.250,3.533,-1.290,-0.765
27.367,1.966,8.263,3.535,-1.495,0.117
27.400,1.977,8.268,3.536,-1.359,0.636
27.508,1.988,8.273,3.537,-1.110,1.009
27.534,2.050,8.289,3.552,-1.492,0.157
27.567,2.067,8.291,3.557,-1.390,0.564
27.600,2.081,8.292,3.564,-1.189,0.915
27.701,2.081,8.292,3.564,-1.189,0.915
27.734,2.102,8.295,3.580,-1.099,1.021
27.767,2.101,8.298,3.584,-0.857,1.231
27.800,2.098,8.299,3.585,-0.757,1.295
27.930,2.095,8.301,3.587,-0.684,1.335
27.934,2.072,8.313,3.590,1.466,0.318
27.967,2.035,8.333,3.590,1.477,0.261
28.000,2.023,8.340,3.590,1.340,0.673
28.130,2.011,8.347,3.590,0.898,1.081
28.134,1.944,8.396,3.593,1.311,-0.729
28.167,1.903,8.432,3.597,1.387,-0.572
28.200,1.890,8.445,3.598,1.440,-0.420
28.310,1.877,8.458,3.600,1.499,-0.055
28.334,1.818,8.535,3.611,1.227,-0.863
28.367,1.805,8.559,3.615,1.026,-0.212
28.400,1.800,8.570,3.616,0.449,0.241
28.527,1.797,8.580,3.617,0.106,0.655
28.534,1.798,8.627,3.619,-0.155,-1.492
28.567,1.806,8.636,3.618,-0.647,-0.723
28.601,1.819,8.642,3.616,-0.989,0.439
28.700,1.826,8.644,3.615,-0.989,0.799
28.734,1.874,8.643,3.613,-1.422,0.478
28.767,1.895,8.638,3.613,-1.290,0.765
28.800,1.906,8.635,3.613,-1.239,0.846
28.932,1.916,8.631,3.614,-1.165,0.945
28.934,1.954,8.612,3.619,-1.227,0.863
28.967,1.980,8.592,3.626,-1.120,0.998
29.000,1.984,8.587,3.628,-1.080,1.041
29.110,1.988,8.583,3.629,-1.042,1.079
29.134,1.987,8.570,3.633,-0.631,1.361
29.167,1.979,8.571,3.632,-0.690,1.332
29.200,1.973,8.572,3.631,-0.704,1.324
29.304,1.966,8.575,3.630,-0.740,1.305
29.334,1.909,8.609,3.616,1.469,-0.301
29.367,1.885,8.628,3.610,1.136,0.366
29.400,1.872,8.639,3.607,0.633,0.618
29.507,1.859,8.651,3.604,0.147,0.904
29.534,1.776,8.736,3.593,1.118,-1.000
29.567,1.750,8.768,3.592,1.193,-0.910
29.600,1.738,8.785,3.592,0.954,-0.678
29.750,1.726,8.801,3.592,0.354,-0.047
29.767,1.664,8.926,3.596,0.538,-1.400
29.800,1.660,8.940,3.597,0.437,-1.435
29.952,1.658,8.952,3.597,0.305,-1.469
29.967,1.671,9.020,3.590,-0.811,-1.262
30.000,1.676,9.024,3.588,-1.103,-1.016
30.141,1.682,9.027,3.586,-1.345,-0.664
30.167,1.744,9.010,3.569,-1.465,0.322
30.200,1.752,9.003,3.567,-1.421,0.479
30.332,1.759,8.995,3.566,-1.374,0.603
30.334,1.788,8.943,3.558,-0.889,1.208
30.367,1.796,8.906,3.554,-0.876,1.218
30.400,1.797,8.893,3.553,-0.882,1.213
30.494,1.797,8.880,3.552,-0.908,1.194
30.500,1.785,8.831,3.550,-0.000,1.500
30.534,1.774,8.809,3.548,-0.124,1.495
30.567,1.759,8.791,3.547,-0.322,1.465
30.600,1.750,8.783,3.546,-0.412,1.442
30.689,1.741,8.776,3.544,-0.537,1.401
30.700,1.698,8.758,3.539,0.937,1.172
30.734,1.675,8.755,3.536,0.586,1.381
30.767,1.651,8.757,3.533,0.106,1.496
30.800,1.638,8.760,3.531,-0.109,1.496
30.939,1.615,8.769,3.528,-0.498,1.415
30.967,1.542,8.832,3.517,1.267,-0.803
31.000,1.534,8.845,3.515,1.287,-0.771
31.120,1.526,8.859,3.514,0.706,-0.233
31.134,1.494,8.958,3.508,0.331,-1.463
31.167,1.488,8.994,3.508,0.121,-1.495
31.200,1.487,9.012,3.509,-0.193,-1.488
31.315,1.486,9.030,3.509,-0.662,-1.346
31.334,1.497,9.126,3.516,-0.518,-1.408
31.367,1.505,9.152,3.519,-0.948,-1.162
31.400,1.510,9.163,3.520,-1.245,-0.837
31.524,1.515,9.174,3.521,-1.437,-0.431
31.534,1.547,9.214,3.528,-1.295,-0.758
31.567,1.556,9.218,3.529,-1.455,-0.364
31.600,1.560,9.219,3.530,-1.495,-0.122
31.704,1.563,9.218,3.531,-1.496,0.113
31.734,1.566,9.196,3.531,-0.841,1.242
31.767,1.560,9.182,3.530,-0.945,1.165
31.800,1.556,9.175,3.530,-0.969,1.145
31.906,1.550,9.167,3.529,-1.026,1.095
31.934,1.495,9.116,3.527,0.445,1.432
31.967,1.469,9.102,3.526,0.030,1.500
32.000,1.455,9.095,3.526,-0.167,1.491
32.126,1.440,9.089,3.526,-0.433,1.436
32.134,1.345,9.073,3.524,1.424,0.471
32.167,1.312,9.076,3.524,1.318,0.715
32.200,1.296,9.079,3.524,1.188,0.916
32.315,1.281,9.083,3.523,0.881,1.214
32.334,1.197,9.128,3.520,1.401,-0.537
32.367,1.176,9.150,3.519,1.448,-0.391
32.400,1.166,9.162,3.518,1.080,-0.155
32.493,1.157,9.174,3.517,0.327,0.245
32.500,1.133,9.228,3.514,0.527,-1.404
32.534,1.127,9.255,3.513,0.165,-1.491
32.567,1.126,9.282,3.511,-0.615,-0.816
32.600,1.127,9.294,3.511,-1.044,-0.360
32.679,1.132,9.318,3.510,-1.377,0.272
32.700,1.146,9.349,3.511,-1.195,-0.907
32.734,1.158,9.366,3.513,-1.455,-0.364
32.767,1.172,9.378,3.515,-1.496,0.112
32.800,1.179,9.383,3.517,-1.475,0.270
32.899,1.187,9.387,3.518,-1.438,0.426
32.901,1.200,9.392,3.522,-1.476,0.267
32.934,1.222,9.392,3.530,-1.455,0.363
32.967,1.229,9.389,3.534,-1.402,0.535
33.000,1.231,9.386,3.536,-1.370,0.610
33.136,1.232,9.383,3.538,-1.346,0.662
33.167,1.203,9.358,3.549,-0.447,1.432
33.200,1.194,9.355,3.549,-0.638,1.358
33.323,1.174,9.352,3.550,-0.923,1.182
33.334,1.108,9.353,3.549,1.462,0.336
33.367,1.077,9.358,3.548,1.319,0.715
33.400,1.061,9.362,3.548,0.939,1.048
33.543,1.044,9.367,3.548,0.179,1.067
33.567,0.911,9.436,3.550,1.420,-0.483
33.600,0.896,9.448,3.551,1.430,-0.454
33.718,0.882,9.460,3.552,0.763,-0.103
33.734,0.816,9.542,3.556,0.912,-1.191
33.767,0.802,9.569,3.557,0.709,-1.322
33.800,0.797,9.583,3.558,0.292,-1.471
33.930,0.789,9.609,3.559,-0.713,-0.399
33.934,0.788,9.662,3.560,-0.540,-1.399
33.967,0.794,9.678,3.559,-1.020,-1.100
34.000,0.798,9.684,3.558,-1.296,-0.755
34.147,0.803,9.689,3.558,-1.443,-0.411
34.167,0.858,9.693,3.552,-1.485,0.209
34.200,0.865,9.689,3.552,-1.473,0.283
34.317,0.872,9.684,3.551,-1.460,0.345
34.334,0.897,9.634,3.548,-0.949,1.161
34.367,0.899,9.613,3.547,-1.036,1.085
34.400,0.898,9.602,3.546,-1.073,1.048
34.536,0.896,9.592,3.546,-1.130,0.986
34.567,0.845,9.516,3.542,0.273,1.475
34.600,0.834,9.509,3.541,0.097,1.497
34.730,0.823,9.503,3.540,-0.156,1.492
34.734,0.742,9.490,3.532,1.297,0.754
34.767,0.713,9.494,3.529,1.121,0.997
34.800,0.698,9.498,3.527,0.893,1.205
34.932,0.683,9.503,3.526,0.367,1.454
34.934,0.642,9.524,3.521,1.403,-0.530
34.967,0.584,9.577,3.514,1.139,-0.977
35.000,0.575,9.591,3.512,0.991,-1.126
35.118,0.560,9.618,3.509,-0.281,-0.318
35.134,0.541,9.694,3.504,0.110,-1.496
35.167,0.541,9.724,3.503,-0.229,-1.482
35.200,0.543,9.738,3.503,-0.514,-1.409
35.316,0.545,9.752,3.503,-0.888,-1.209
35.334,0.578,9.818,3.501,-1.014,-1.105
35.367,0.594,9.833,3.501,-1.274,-0.791
35.400,0.602,9.839,3.501,-1.382,-0.583
35.561,0.610,9.844,3.501,-1.458,-0.353
35.567,0.664,9.843,3.503,-1.462,0.337
35.600,0.668,9.839,3.503,-1.451,0.382
35.707,0.671,9.834,3.503,-1.443,0.410
35.734,0.669,9.788,3.501,-0.888,1.209
35.767,0.660,9.770,3.500,-1.023,1.097
35.800,0.654,9.761,3.499,-1.070,1.051
35.895,0.646,9.752,3.499,-1.148,0.965
35.900,0.606,9.718,3.496,0.156,1.492
35.934,0.581,9.704,3.495,-0.056,1.499
35.967,0.552,9.694,3.494,-0.531,1.403
36.000,0.537,9.689,3.493,-0.691,1.331
36.093,0.521,9.686,3.492,-0.917,1.187
36.100,0.455,9.683,3.489,1.300,0.749
36.134,0.421,9.688,3.488,1.037,1.084
36.167,0.387,9.697,3.486,0.034,0.924
36.200,0.370,9.703,3.486,-0.413,0.853
36.314,0.353,9.711,3.485,-0.793,0.851
36.334,0.263,9.774,3.484,1.190,-0.913
36.367,0.238,9.802,3.485,1.042,-1.079
36.400,0.226,9.817,3.485,0.362,-0.835
36.529,0.215,9.832,3.486,-0.272,-0.378
36.534,0.165,9.929,3.496,0.563,-1.391
36.567,0.154,9.961,3.501,0.314,-1.467
36.600,0.150,9.976,3.503,-0.006,-1.500
36.711,0.147,9.990,3.506,-0.443,-1.433
36.734,0.144,10.060,3.518,-0.475,-1.423
36.767,0.148,10.076,3.520,-1.114,-1.005
36.800,0.152,10.082,3.521,-1.333,-0.689
36.895,0.155,10.087,3.522,-1.453,-0.373
36.900,0.173,10.097,3.525,-1.471,-0.295
36.934,0.182,10.095,3.527,-1.500,0.021
36.967,0.190,10.089,3.528,-1.482,0.233
37.000,0.194,10.084,3.529,-1.467,0.314
37.088,0.197,10.078,3.530,-1.458,0.352
37.100,0.202,10.049,3.533,-0.805,1.265
37.134,0.200,10.030,3.534,-0.993,1.124
37.167,0.193,10.011,3.535,-1.132,0.985
37.200,0.188,10.002,3.536,-1.174,0.934
37.326,0.183,9.992,3.536,-1.244,0.838
37.334,0.128,9.944,3.539,0.684,1.335
37.367,0.103,9.933,3.539,0.336,1.462
37.400,0.090,9.929,3.538,0.067,1.498
37.546,0.076,9.926,3.538,-0.339,1.461
37.567,-0.049,9.939,3.532,1.500,0.013
37.600,-0.065,9.946,3.531,1.498,0.080
37.705,-0.080,9.953,3.530,1.477,0.261
37.734,-0.158,10.019,3.523,1.127,-0.990
37.767,-0.177,10.047,3.521,0.069,-0.639
37.800,-0.186,10.061,3.520,-0.530,-0.425
37.927,-0.193,10.076,3.519,-0.925,-0.144
37.934,-0.216,10.164,3.519,0.134,-1.494
37.967,-0.216,10.189,3.521,-0.199,-1.487
38.000,-0.215,10.201,3.522,-0.533,-1.402
38.122,-0.214,10.212,3.523,-0.874,-1.219
38.134,-0.196,10.260,3.529,-1.002,-1.116
38.167,-0.188,10.268,3.530,-1.251,-0.828
38.200,-0.185,10.271,3.531,-1.358,-0.638
38.312,-0.181,10.272,3.532,-1.434,-0.440
38.334,-0.166,10.258,3.536,-1.375,0.600
38.367,-0.166,10.246,3.536,-1.392,0.559
38.400,-0.166,10.238,3.536,-1.393,0.558
38.543,-0.168,10.230,3.536,-1.409,0.515
38.567,-0.215,10.149,3.536,0.214,1.485
38.600,-0.225,10.139,3.536,0.019,1.500
38.739,-0.236,10.129,3.536,-0.272,1.475
38.767,-0.354,10.073,3.534,1.180,0.926
38.800,-0.370,10.069,3.533,1.048,1.073
38.949,-0.387,10.067,3.533,0.793,1.273
38.967,-0.509,10.085,3.533,1.499,-0.040
39.000,-0.521,10.091,3.532,1.500,0.005
39.106,-0.533,10.098,3.532,1.492,0.156
39.134,-0.582,10.157,3.525,0.915,-1.189
39.167,-0.590,10.181,3.522,0.344,-1.460
39.200,-0.592,10.193,3.521,-0.424,-1.044
39.346,-0.593,10.205,3.520,-0.889,-0.589
39.367,-0.564,10.291,3.514,-0.887,-1.210
39.400,-0.557,10.299,3.514,-1.029,-1.091
39.526,-0.549,10.306,3.514,-1.177,-0.930
39.534,-0.497,10.330,3.516,-1.459,-0.347
39.567,-0.481,10.330,3.517,-1.488,-0.190
39.600,-0.473,10.328,3.517,-1.496,-0.103
39.754,-0.466,10.325,3.518,-1.500,-0.026
39.767,-0.438,10.274,3.518,-1.016,1.104
39.800,-0.439,10.265,3.517,-1.078,1.043
39.967,-0.441,10.255,3.517,-1.158,0.953
40.000,-0.506,10.171,3.512,0.567,1.389
40.152,-0.518,10.164,3.511,0.356,1.457
40.167,-0.636,10.136,3.505,1.372,0.606
40.200,-0.653,10.137,3.505,1.329,0.695
40.336,-0.670,10.139,3.504,1.215,0.879
40.367,-0.812,10.191,3.502,1.456,-0.361
40.400,-0.829,10.202,3.502,1.448,-0.390
40.563,-0.845,10.213,3.502,1.342,-0.356
40.567,-0.902,10.261,3.505,1.070,-1.051
40.600,-0.954,10.326,3.510,0.799,-1.270
40.729,-0.961,10.338,3.510,0.682,-1.336
40.734,-0.983,10.402,3.515,0.129,-1.494
40.767,-0.982,10.418,3.515,-0.282,-1.473
40.800,-0.980,10.424,3.515,-0.675,-1.340
40.944,-0.977,10.430,3.515,-1.019,-1.101
40.967,-0.926,10.438,3.507,-1.499,0.058
41.000,-0.918,10.434,3.506,-1.496,0.104
41.124,-0.910,10.429,3.505,-1.494,0.138
41.134,-0.864,10.378,3.502,-1.250,0.829
41.167,-0.854,10.355,3.501,-1.292,0.762
41.200,-0.849,10.343,3.502,-1.311,0.730
41.327,-0.846,10.330,3.502,-1.343,0.667
41.334,-0.845,10.256,3.505,-0.631,1.361
41.367,-0.853,10.234,3.507,-0.828,1.251
41.400,-0.859,10.225,3.507,-0.934,1.173
41.547,-0.865,10.216,3.507,-1.068,1.054
41.567,-0.948,10.178,3.500,1.110,1.009
41.601,-0.975,10.179,3.497,0.598,1.375
41.762,-0.989,10.181,3.495,-0.076,1.362
41.767,-1.079,10.218,3.486,1.346,-0.661
41.800,-1.108,10.238,3.484,1.326,-0.701
41.956,-1.121,10.250,3.484,1.296,-0.755
41.967,-1.204,10.360,3.483,0.721,-1.315
42.000,-1.210,10.374,3.483,0.598,-1.376
42.157,-1.215,10.388,3.483,0.425,-1.439
42.167,-1.219,10.480,3.486,-0.447,-1.432
42.200,-1.215,10.487,3.485,-0.606,-1.372
42.356,-1.211,10.494,3.485,-0.801,-1.268
42.367,-1.155,10.506,3.478,-1.480,-0.246
42.400,-1.147,10.503,3.477,-1.490,-0.170
42.534,-1.139,10.498,3.477,-1.496,-0.103
42.567,-1.089,10.426,3.473,-1.114,1.004
42.600,-1.086,10.414,3.472,-1.158,0.953
42.747,-1.084,10.401,3.472,-1.219,0.874
42.767,-1.102,10.299,3.475,-0.340,1.461
42.800,-1.108,10.287,3.476,-0.467,1.425
42.921,-1.116,10.276,3.476,-0.643,1.355
42.934,-1.179,10.230,3.476,1.014,1.106
42.967,-1.205,10.222,3.475,0.759,1.294
43.000,-1.218,10.220,3.475,0.516,1.408
43.132,-1.232,10.219,3.474,0.063,1.499
43.134,-1.259,10.220,3.473,1.468,0.308
43.167,-1.337,10.250,3.471,1.489,-0.180
43.200,-1.348,10.258,3.471,1.198,-0.125
43.317,-1.368,10.278,3.470,-0.315,0.129
43.334,-1.402,10.341,3.466,0.403,-1.445
43.367,-1.408,10.368,3.465,0.033,-1.500
43.400,-1.410,10.383,3.464,-0.288,-1.472
43.528,-1.410,10.397,3.464,-0.721,-1.315
43.534,-1.392,10.475,3.466,-0.637,-1.358
43.567,-1.380,10.496,3.468,-0.921,-1.184
43.600,-1.373,10.505,3.469,-1.082,-1.039
43.707,-1.366,10.513,3.470,-1.236,-0.850
43.734,-1.323,10.543,3.479,-1.357,-0.640
43.767,-1.311,10.545,3.482,-1.446,-0.401
43.800,-1.305,10.544,3.483,-1.475,-0.273
43.917,-1.301,10.542,3.484,-1.491,-0.163
43.934,-1.291,10.513,3.488,-1.293,0.761
43.967,-1.295,10.497,3.487,-1.341,0.672
44.000,-1.299,10.489,3.487,-1.356,0.641
44.149,-1.304,10.479,3.487,-1.390,0.565
44.167,-1.381,10.403,3.482,0.744,1.302
44.200,-1.396,10.394,3.481,0.576,1.385
44.342,-1.411,10.386,3.481,0.266,1.476
44.367,-1.553,10.351,3.480,1.404,0.529
44.400,-1.571,10.351,3.480,1.365,0.622
44.551,-1.590,10.351,3.481,1.281,0.781
44.567,-1.714,10.391,3.484,1.480,-0.245
44.600,-1.726,10.399,3.484,1.478,-0.259
44.751,-1.737,10.408,3.484,1.482,-0.229
44.767,-1.782,10.493,3.479,0.384,-1.450
44.800,-1.783,10.504,3.478,-0.002,-1.500
44.924,-1.782,10.515,3.477,-0.492,-1.417
44.934,-1.757,10.571,3.474,-0.915,-1.188
44.967,-1.742,10.584,3.473,-1.148,-0.965
45.000,-1.734,10.590,3.473,-1.263,-0.808
45.098,-1.724,10.595,3.473,-1.359,-0.634
45.100,-1.685,10.604,3.475,-1.478,-0.256
45.134,-1.665,10.602,3.477,-1.488,-0.189
45.167,-1.647,10.597,3.479,-1.499,-0.040
45.200,-1.638,10.593,3.480,-1.500,0.033
45.355,-1.631,10.588,3.481,-1.498,0.080
45.367,-1.600,10.527,3.488,-0.857,1.231
45.400,-1.601,10.517,3.488,-0.946,1.164
45.519,-1.603,10.508,3.489,-1.054,1.067
45.534,-1.636,10.455,3.491,-0.169,1.490
45.567,-1.656,10.441,3.491,-0.545,1.397
45.600,-1.667,10.434,3.491,-0.741,1.304
45.753,-1.678,10.429,3.491,-0.977,1.138
45.767,-1.789,10.417,3.490,1.473,0.286
45.800,-1.804,10.420,3.490,1.458,0.354
45.895,-1.820,10.424,3.490,1.408,0.518
45.900,-1.879,10.452,3.490,1.442,-0.414
45.934,-1.907,10.472,3.490,1.381,-0.586
45.967,-1.934,10.494,3.491,0.805,-0.653
46.000,-1.946,10.506,3.492,-0.008,-0.462
46.103,-1.958,10.519,3.493,-0.588,-0.226
46.134,-2.010,10.597,3.503,0.315,-1.466
46.167,-2.020,10.621,3.508,-0.657,-1.243
46.200,-2.023,10.632,3.510,-1.008,-0.915
46.313,-2.026,10.642,3.513,-1.292,-0.573
46.334,-2.026,10.688,3.527,-0.728,-1.311
46.367,-2.022,10.696,3.531,-1.210,-0.886
46.400,-2.020,10.698,3.534,-1.383,-0.581
46.523,-2.018,10.700,3.536,-1.455,-0.366
46.534,-2.009,10.687,3.547,-1.301,0.747
46.567,-2.011,10.675,3.550,-1.368,0.614
46.600,-2.012,10.668,3.551,-1.389,0.566
46.696,-2.015,10.660,3.552,-1.418,0.489
46.700,-2.034,10.624,3.555,-0.061,1.499
46.734,-2.050,10.604,3.556,-0.201,1.486
46.767,-2.069,10.583,3.557,-0.706,1.324
46.800,-2.081,10.574,3.557,-0.896,1.203
46.952,-2.093,10.564,3.558,-1.118,1.000
46.967,-2.212,10.512,3.560,1.298,0.752
47.000,-2.229,10.510,3.559,1.226,0.864
47.135,-2.246,10.508,3.559,1.085,1.036
47.167,-2.379,10.534,3.560,1.463,-0.331
47.200,-2.394,10.542,3.560,1.458,-0.354
47.324,-2.408,10.550,3.560,1.454,-0.369
47.334,-2.477,10.612,3.559,1.088,-1.032
47.367,-2.493,10.636,3.558,0.871,-1.221
47.400,-2.499,10.648,3.558,0.596,-1.377
47.546,-2.504,10.659,3.558,0.004,-1.270
47.567,-2.507,10.735,3.556,-0.574,-1.386
47.600,-2.503,10.741,3.555,-0.859,-1.229
47.739,-2.498,10.747,3.554,-1.094,-1.026
47.767,-2.438,10.751,3.544,-1.500,-0.031
47.800,-2.429,10.747,3.543,-1.500,0.019
47.932,-2.421,10.741,3.542,-1.499,0.054
47.934,-2.397,10.719,3.538,-1.300,0.749
47.967,-2.370,10.665,3.534,-1.263,0.810
48.000,-2.367,10.652,3.533,-1.292,0.762
48.152,-2.365,10.640,3.533,-1.336,0.682
48.167,-2.387,10.544,3.529,-0.327,1.464
48.201,-2.402,10.526,3.528,-0.662,1.346
48.325,-2.412,10.518,3.527,-0.876,1.217
48.334,-2.470,10.492,3.518,1.105,1.015
48.367,-2.498,10.489,3.514,0.771,1.287
48.400,-2.527,10.491,3.510,-0.110,1.334
48.523,-2.527,10.491,3.510,-0.110,1.334
48.534,-2.615,10.522,3.499,1.380,-0.587
48.567,-2.641,10.541,3.496,1.318,-0.717
48.600,-2.654,10.552,3.495,1.164,-0.862
48.716,-2.665,10.563,3.493,0.252,-0.490
48.734,-2.715,10.645,3.487,0.545,-1.397
48.767,-2.724,10.674,3.486,0.125,-1.495
48.800,-2.726,10.688,3.486,-0.348,-1.459
48.931,-2.728,10.702,3.486,-0.840,-1.242
48.934,-2.722,10.761,3.486,-0.553,-1.394
48.967,-2.709,10.787,3.486,-0.948,-1.162
49.000,-2.704,10.794,3.486,-1.109,-1.010
49.123,-2.698,10.799,3.486,-1.255,-0.821
49.134,-2.661,10.808,3.487,-1.440,-0.421
49.167,-2.650,10.802,3.487,-1.488,-0.187
49.200,-2.645,10.798,3.487,-1.498,-0.081
49.337,-2.641,10.792,3.487,-1.500,-0.013
49.367,-2.637,10.721,3.485,-0.764,1.291
49.400,-2.641,10.710,3.485,-0.906,1.195
49.516,-2.651,10.687,3.484,-1.161,0.949
49.534,-2.697,10.632,3.483,0.471,1.424
49.567,-2.722,10.612,3.482,0.038,1.500
49.600,-2.735,10.603,3.482,-0.242,1.480
49.720,-2.750,10.595,3.482,-0.633,1.360
49.734,-2.843,10.565,3.483,1.365,0.623
49.767,-2.875,10.563,3.483,1.271,0.796
49.800,-2.891,10.563,3.483,1.106,1.013
49.921,-2.906,10.565,3.484,0.637,1.263
49.934,-2.987,10.596,3.485,1.419,-0.488
49.967,-3.008,10.613,3.484,1.371,-0.609
50.000,-3.017,10.623,3.484,0.915,-0.647
50.122,-3.026,10.633,3.484,0.034,-0.337
50.134,-3.054,10.703,3.483,0.193,-1.488
50.167,-3.055,10.726,3.483,-0.313,-1.467
50.200,-3.054,10.738,3.484,-0.669,-1.343
50.329,-3.051,10.749,3.484,-1.036,-1.085
50.334,-3.020,10.801,3.487,-1.068,-1.053
50.367,-3.005,10.812,3.488,-1.305,-0.740
50.400,-2.997,10.816,3.489,-1.389,-0.567
50.513,-2.989,10.818,3.489,-1.445,-0.402
50.534,-2.944,10.814,3.496,-1.491,0.162
50.567,-2.933,10.804,3.497,-1.486,0.207
50.600,-2.929,10.798,3.498,-1.481,0.235
50.736,-2.925,10.792,3.499,-1.481,0.236
50.767,-2.934,10.722,3.501,-0.646,1.354
50.800,-2.939,10.713,3.501,-0.815,1.259
50.921,-2.946,10.704,3.501,-1.009,1.110
50.934,-3.009,10.656,3.500,0.655,1.349
50.967,-3.037,10.645,3.499,0.198,1.487
51.000,-3.052,10.640,3.498,-0.137,1.494
51.125,-3.068,10.637,3.498,-0.619,1.366
51.134,-3.166,10.636,3.496,1.500,0.036
51.167,-3.198,10.644,3.496,1.497,0.093
51.200,-3.213,10.650,3.496,1.488,0.186
51.338,-3.228,10.657,3.495,0.784,0.295
51.367,-3.323,10.740,3.493,0.950,-1.161
51.400,-3.331,10.752,3.493,0.741,-1.304
51.534,-3.338,10.765,3.493,0.365,-1.455
51.567,-3.355,10.864,3.496,-0.327,-1.464
51.600,-3.352,10.874,3.497,-0.606,-1.372
51.727,-3.349,10.884,3.497,-0.914,-1.189
51.734,-3.314,10.922,3.498,-1.110,-1.009
51.767,-3.298,10.927,3.498,-1.302,-0.744
51.800,-3.290,10.928,3.498,-1.380,-0.588
51.945,-3.282,10.927,3.498,-1.433,-0.443
51.967,-3.227,10.887,3.500,-1.387,0.572
52.000,-3.223,10.879,3.500,-1.397,0.546
52.141,-3.220,10.869,3.500,-1.416,0.495
52.167,-3.232,10.779,3.499,-0.449,1.431
52.200,-3.238,10.768,3.499,-0.596,1.376
52.331,-3.245,10.757,3.498,-0.792,1.274
52.334,-3.284,10.718,3.497,0.731,1.310
52.367,-3.337,10.690,3.494,0.573,1.386
52.400,-3.351,10.686,3.493,0.295,1.471
52.532,-3.366,10.683,3.493,-0.195,1.487
52.534,-3.413,10.678,3.491,1.446,0.401
52.567,-3.487,10.693,3.488,1.499,-0.066
52.600,-3.501,10.700,3.487,1.500,-0.032
52.740,-3.513,10.707,3.487,0.961,0.088
52.767,-3.584,10.793,3.479,0.682,-1.336
52.800,-3.589,10.806,3.478,0.438,-1.435
52.933,-3.592,10.819,3.477,0.004,-1.500
52.934,-3.594,10.832,3.476,-0.033,-1.500
52.967,-3.579,10.915,3.474,-0.700,-1.327
53.000,-3.574,10.924,3.474,-0.870,-1.222
53.121,-3.567,10.933,3.474,-1.051,-1.070
53.134,-3.518,10.965,3.475,-1.279,-0.784
53.167,-3.500,10.968,3.476,-1.392,-0.558
53.200,-3.491,10.967,3.477,-1.437,-0.430
53.333,-3.482,10.966,3.477,-1.466,-0.318
53.334,-3.474,10.963,3.478,-1.499,0.060
53.367,-3.437,10.920,3.480,-1.220,0.872
53.400,-3.435,10.911,3.480,-1.262,0.811
53.551,-3.434,10.901,3.480,-1.315,0.722
53.567,-3.466,10.817,3.479,-0.039,1.499
53.600,-3.475,10.807,3.479,-0.212,1.485
53.741,-3.484,10.798,3.479,-0.464,1.427
53.767,-3.588,10.752,3.477,1.145,0.969
53.800,-3.603,10.751,3.476,1.035,1.085
53.944,-3.618,10.751,3.476,0.765,1.290
53.967,-3.732,10.788,3.473,1.491,-0.162
54.000,-3.744,10.798,3.473,1.487,-0.196
54.154,-3.755,10.807,3.473,1.112,-0.130
54.167,-3.811,10.909,3.469,0.473,-1.424
54.200,-3.813,10.923,3.468,0.397,-1.447
54.356,-3.814,10.936,3.468,0.251,-1.479
54.367,-3.787,11.033,3.467,-0.465,-1.426
54.400,-3.780,11.042,3.467,-0.560,-1.392
54.554,-3.772,11.051,3.467,-0.707,-1.323
54.567,-3.696,11.081,3.469,-1.433,-0.442
54.600,-3.687,11.080,3.469,-1.441,-0.415
54.752,-3.677,11.078,3.469,-1.451,-0.378
54.767,-3.623,11.026,3.470,-1.230,0.859
54.800,-3.620,11.016,3.470,-1.241,0.842
54.949,-3.618,11.006,3.470,-1.282,0.779
54.967,-3.635,10.914,3.472,-0.086,1.498
55.000,-3.650,10.893,3.473,-0.210,1.485
55.148,-3.659,10.883,3.473,-0.388,1.449
55.167,-3.741,10.840,3.473,1.177,0.930
55.200,-3.769,10.836,3.472,1.141,0.973
55.357,-3.783,10.836,3.472,1.034,1.087
55.367,-3.875,10.866,3.471,1.405,-0.525
55.400,-3.886,10.874,3.471,1.401,-0.537
55.554,-3.896,10.883,3.471,1.397,-0.547
55.567,-3.947,10.977,3.471,0.589,-1.380
55.601,-3.949,11.002,3.471,0.551,-1.395
55.750,-3.948,11.014,3.471,0.518,-1.408
55.767,-3.917,11.083,3.472,-0.484,-1.420
55.800,-3.909,11.090,3.472,-0.471,-1.424
55.956,-3.891,11.100,3.471,-0.546,-1.397
55.967,-3.819,11.103,3.469,-1.484,-0.217
56.000,-3.809,11.099,3.468,-1.484,-0.219
56.136,-3.799,11.094,3.468,-1.481,-0.236
56.167,-3.738,11.018,3.466,-1.091,1.030
56.200,-3.731,10.993,3.465,-1.002,1.116
56.351,-3.731,10.993,3.465,-1.002,1.116
56.367,-3.742,10.888,3.468,0.319,1.466
56.400,-3.748,10.876,3.468,0.382,1.450
56.516,-3.755,10.865,3.468,0.412,1.442
56.534,-3.813,10.817,3.470,1.172,0.936
56.567,-3.836,10.809,3.470,1.203,0.895
56.600,-3.848,10.806,3.470,1.255,0.821
56.692,-3.860,10.805,3.471,1.280,0.783
56.700,-3.905,10.811,3.472,1.479,0.249
56.734,-3.925,10.820,3.473,1.494,0.131
56.767,-3.942,10.832,3.473,1.500,0.004
56.800,-3.949,10.840,3.474,1.497,-0.090
56.934,-3.955,10.848,3.474,1.454,-0.092
56.967,-3.970,10.932,3.471,0.431,-1.437
57.000,-3.966,10.943,3.470,0.555,-1.394
57.136,-3.957,10.965,3.470,0.779,-1.282
57.167,-3.892,11.029,3.468,-0.647,-1.353
57.200,-3.879,11.035,3.468,-0.493,-1.417
57.323,-3.853,11.046,3.468,-0.093,-1.432
57.334,-3.784,11.056,3.470,-1.465,-0.322
57.367,-3.757,11.053,3.471,-1.449,-0.386
57.400,-3.745,11.050,3.472,-1.418,-0.489
57.539,-3.732,11.045,3.472,-0.762,-0.426
57.567,-3.660,10.981,3.474,-0.990,1.127
57.600,-3.656,10.970,3.474,-0.867,1.224
57.719,-3.649,10.947,3.474,-0.373,1.283
57.734,-3.652,10.887,3.476,0.122,1.495
57.767,-3.661,10.864,3.477,0.430,1.437
57.800,-3.666,10.854,3.477,0.724,1.313
57.955,-3.673,10.844,3.478,0.952,1.159
57.967,-3.746,10.794,3.485,1.347,0.660
58.000,-3.756,10.792,3.485,1.384,0.578
58.136,-3.765,10.792,3.486,1.411,0.510
58.167,-3.827,10.822,3.492,1.431,-0.450
58.200,-3.832,10.830,3.492,1.437,-0.431
58.318,-3.835,10.838,3.492,1.447,-0.396
58.334,-3.834,10.899,3.492,0.860,-1.229
58.367,-3.826,10.921,3.491,1.008,-1.111
58.400,-3.820,10.932,3.491,1.109,-1.010
58.486,-3.812,10.943,3.490,1.212,-0.884
58.500,-3.774,10.981,3.489,-0.656,-1.349
58.534,-3.749,10.996,3.488,-0.286,-1.472
58.567,-3.721,11.008,3.487,0.337,-1.462
58.601,-3.691,11.016,3.485,0.911,-1.051
58.730,-3.675,11.018,3.485,1.167,-0.850
58.734,-3.595,11.015,3.481,-1.498,-0.077
58.767,-3.563,11.006,3.480,-1.495,-0.119
58.800,-3.547,11.000,3.479,-1.007,-0.161
58.930,-3.532,10.993,3.479,-0.167,-0.203
58.934,-3.451,10.931,3.478,-1.142,0.973
58.967,-3.429,10.906,3.478,-0.727,1.312
59.000,-3.419,10.892,3.478,0.018,1.078
59.158,-3.410,10.879,3.479,0.579,0.704
59.167,-3.375,10.776,3.490,-0.254,1.478
59.200,-3.374,10.766,3.491,-0.060,1.499
59.356,-3.375,10.756,3.493,0.178,1.489
59.367,-3.404,10.713,3.499,1.245,0.837
59.400,-3.410,10.712,3.499,1.317,0.718
59.517,-3.423,10.714,3.499,1.428,0.458
59.534,-3.455,10.737,3.500,1.344,-0.667
59.567,-3.467,10.754,3.500,1.385,-0.576
59.600,-3.472,10.763,3.500,1.402,-0.534
59.745,-3.477,10.774,3.501,1.426,-0.466
59.767,-3.483,10.870,3.507,0.629,-1.362
59.800,-3.480,10.883,3.508,0.755,-1.296
59.926,-3.470,10.905,3.510,1.043,-1.078
59.934,-3.428,10.951,3.511,-0.515,-1.409
59.967,-3.405,10.964,3.511,-0.104,-1.496
60.000,-3.393,10.969,3.510,0.217,-1.484
60.159,-3.380,10.972,3.509,0.659,-1.347
60.167,-3.268,10.964,3.502,-1.498,-0.085
60.200,-3.255,10.958,3.501,-1.495,-0.121
60.357,-3.242,10.950,3.500,-1.282,-0.250
60.367,-3.157,10.860,3.493,-0.832,1.248
60.400,-3.144,10.832,3.491,-0.401,1.445
60.554,-3.144,10.832,3.491,-0.401,1.445
60.567,-3.130,10.718,3.493,0.277,1.474
60.600,-3.132,10.706,3.493,0.505,1.412
60.751,-3.136,10.694,3.494,0.740,1.305
60.767,-3.186,10.634,3.496,1.217,0.877
60.800,-3.194,10.631,3.496,1.291,0.764
60.957,-3.202,10.629,3.496,1.356,0.642
60.967,-3.256,10.653,3.497,1.369,-0.614
61.000,-3.260,10.661,3.497,1.388,-0.569
61.143,-3.263,10.669,3.497,1.413,-0.503
61.167,-3.254,10.753,3.495,0.524,-1.405
61.200,-3.242,10.776,3.495,0.856,-1.232
61.349,-3.234,10.787,3.495,1.055,-1.066
61.368,-3.152,10.846,3.492,-0.727,-1.312
61.400,-3.138,10.851,3.491,-0.456,-1.429
61.510,-3.123,10.856,3.490,0.070,-1.498
61.534,-3.030,10.859,3.488,-1.407,-0.521
61.567,-3.000,10.852,3.487,-1.027,-0.711
61.600,-2.986,10.846,3.487,-0.301,-0.517
61.698,-2.972,10.840,3.486,0.347,-0.430
61.700,-2.947,10.824,3.485,-0.672,0.635
61.734,-2.906,10.782,3.483,-0.031,0.546
61.767,-2.891,10.757,3.482,0.798,0.439
61.800,-2.885,10.743,3.482,1.216,0.393
61.949,-2.880,10.729,3.482,1.457,0.246
61.967,-2.875,10.617,3.493,0.426,1.438
62.000,-2.877,10.604,3.495,0.622,1.365
62.142,-2.880,10.592,3.499,0.851,1.236
62.167,-2.893,10.522,3.525,0.798,1.270
62.200,-2.893,10.517,3.528,0.941,1.168
62.338,-2.893,10.513,3.530,1.095,1.025
62.368,-2.870,10.517,3.544,1.129,0.085
62.400,-2.864,10.522,3.545,1.335,0.002
62.542,-2.858,10.528,3.545,1.500,-0.010
62.567,-2.789,10.608,3.545,-0.585,-1.381
62.600,-2.778,10.621,3.545,-0.322,-1.465
62.743,-2.766,10.634,3.546,0.052,-1.499
62.767,-2.657,10.737,3.559,-0.828,-1.251
62.800,-2.629,10.759,3.564,-0.405,-1.444
62.936,-2.615,10.768,3.566,0.020,-1.500
62.967,-2.533,10.810,3.582,-1.074,-1.047
63.000,-2.525,10.812,3.583,-0.891,-1.206
63.132,-2.510,10.813,3.585,0.150,-1.230
63.135,-2.495,10.807,3.584,-0.258,-0.047
63.167,-2.488,10.785,3.579,0.903,0.728
63.200,-2.489,10.777,3.577,1.394,0.504
63.340,-2.491,10.768,3.575,1.478,0.258
63.367,-2.535,10.674,3.566,1.010,1.109
63.400,-2.543,10.662,3.567,1.099,1.021
63.508,-2.558,10.637,3.569,1.282,0.779
63.534,-2.591,10.583,3.577,1.139,0.976
63.567,-2.599,10.567,3.581,1.293,0.760
63.600,-2.602,10.560,3.583,1.354,0.646
63.740,-2.606,10.549,3.585,1.444,0.405
63.768,-2.587,10.540,3.582,1.302,0.396
63.800,-2.580,10.542,3.580,1.483,0.224
63.932,-2.563,10.550,3.576,1.500,0.025
63.935,-2.518,10.574,3.564,-0.865,-1.225
63.967,-2.475,10.598,3.554,-0.202,-1.297
64.000,-2.459,10.607,3.551,0.286,-1.063
64.127,-2.442,10.617,3.548,0.788,-0.810
64.135,-2.331,10.674,3.541,-1.056,-1.065
64.167,-2.292,10.692,3.542,-0.677,-1.339
64.200,-2.273,10.700,3.543,-0.073,-1.312
64.315,-2.237,10.713,3.545,0.793,-0.858
64.334,-2.155,10.733,3.551,-1.132,-0.984
64.367,-2.127,10.735,3.553,0.122,-0.655
64.400,-2.115,10.734,3.554,0.665,-0.555
64.538,-2.104,10.732,3.554,1.061,-0.476
64.567,-2.047,10.683,3.555,-0.748,1.223
64.600,-2.041,10.662,3.555,0.590,0.700
64.707,-2.041,10.662,3.555,0.590,0.700
64.734,-2.034,10.590,3.562,0.709,1.322
64.767,-2.034,10.566,3.567,1.146,0.968
64.800,-2.035,10.554,3.569,1.274,0.791
64.877,-2.036,10.542,3.572,1.383,0.581
64.900,-2.041,10.503,3.585,0.930,1.177
64.934,-2.044,10.488,3.592,1.217,0.877
64.967,-2.046,10.477,3.598,1.388,0.570
65.000,-2.046,10.473,3.601,1.433,0.442
65.129,-2.046,10.470,3.603,1.466,0.317
65.134,-2.032,10.472,3.614,0.389,-0.385
65.167,-2.021,10.480,3.614,1.018,-0.343
65.200,-2.014,10.485,3.615,1.377,-0.342
65.310,-2.006,10.491,3.614,1.477,-0.260
65.334,-1.940,10.535,3.612,-0.817,-1.258
65.367,-1.911,10.552,3.611,-0.083,-1.498
65.400,-1.896,10.560,3.610,0.344,-1.205
65.534,-1.880,10.568,3.610,0.806,-0.910
65.567,-1.742,10.614,3.614,-1.314,-0.724
65.601,-1.709,10.618,3.616,-1.041,-1.080
65.710,-1.693,10.619,3.617,-0.291,-0.939
65.734,-1.619,10.609,3.620,-0.799,-0.300
65.767,-1.595,10.599,3.620,0.298,-0.143
65.800,-1.584,10.593,3.620,0.787,-0.103
65.881,-1.574,10.586,3.620,1.124,-0.116
65.900,-1.543,10.551,3.621,0.259,0.823
65.934,-1.533,10.530,3.621,1.017,0.554
65.967,-1.525,10.509,3.623,1.427,0.426
66.000,-1.523,10.498,3.624,1.463,0.330
66.143,-1.521,10.487,3.626,1.486,0.204
66.167,-1.510,10.407,3.647,0.436,1.435
66.200,-1.508,10.399,3.650,0.638,1.358
66.338,-1.501,10.385,3.656,1.083,1.038
66.367,-1.457,10.359,3.668,0.953,1.158
66.400,-1.448,10.359,3.669,1.184,0.834
66.531,-1.439,10.359,3.669,1.389,0.567
66.534,-1.407,10.365,3.669,-1.448,-0.392
66.567,-1.345,10.395,3.664,-1.203,-0.895
66.600,-1.332,10.403,3.663,-0.389,-0.860
66.741,-1.318,10.413,3.662,0.321,-0.650
66.767,-1.207,10.511,3.662,-0.856,-1.232
66.800,-1.195,10.524,3.663,-0.648,-1.353
66.928,-1.183,10.536,3.665,-0.327,-1.464
66.934,-1.124,10.600,3.673,-0.766,-1.290
66.967,-1.111,10.615,3.674,-0.452,-1.430
67.000,-1.106,10.621,3.674,-0.161,-1.491
67.134,-1.102,10.626,3.674,0.267,-1.476
67.167,-1.098,10.628,3.659,1.389,-0.566
67.200,-1.101,10.623,3.656,1.444,-0.405
67.336,-1.108,10.611,3.649,1.479,-0.251
67.367,-1.144,10.533,3.629,1.030,1.091
67.400,-1.149,10.519,3.626,1.118,1.000
67.508,-1.157,10.489,3.622,1.297,0.754
67.534,-1.163,10.410,3.617,0.675,1.340
67.567,-1.160,10.380,3.616,0.938,1.170
67.600,-1.157,10.366,3.615,1.066,1.056
67.715,-1.153,10.352,3.615,1.217,0.877
67.734,-1.110,10.285,3.607,-0.115,1.496
67.767,-1.090,10.271,3.603,0.389,1.449
67.800,-1.079,10.265,3.601,0.794,1.273
67.930,-1.067,10.261,3.599,1.120,0.998
67.934,-1.015,10.253,3.587,-1.474,0.276
67.967,-0.960,10.264,3.575,-1.498,0.076
68.000,-0.946,10.269,3.572,-1.128,0.010
68.126,-0.932,10.276,3.569,-0.220,-0.007
68.134,-0.854,10.335,3.557,-1.125,-0.992
68.167,-0.832,10.360,3.554,-0.827,-1.252
68.200,-0.822,10.373,3.553,-0.371,-1.453
68.326,-0.813,10.386,3.552,0.265,-1.353
68.334,-0.778,10.462,3.553,-0.285,-1.473
68.367,-0.774,10.484,3.553,0.179,-1.489
68.400,-0.773,10.494,3.553,0.490,-1.418
68.494,-0.773,10.503,3.553,0.818,-1.257
68.500,-0.782,10.530,3.553,0.832,-1.248
68.534,-0.790,10.538,3.552,1.119,-0.999
68.567,-0.799,10.541,3.551,1.324,-0.705
68.600,-0.805,10.541,3.550,1.387,-0.571
68.734,-0.810,10.539,3.549,1.423,-0.475
68.767,-0.844,10.493,3.546,1.296,0.756
68.800,-0.846,10.483,3.545,1.351,0.652
68.937,-0.846,10.473,3.545,1.410,0.511
68.967,-0.817,10.380,3.540,0.115,1.496
69.000,-0.809,10.369,3.539,0.293,1.471
69.106,-0.799,10.358,3.539,0.563,1.390
69.135,-0.724,10.306,3.533,-0.753,1.297
69.167,-0.694,10.295,3.531,-0.299,1.470
69.200,-0.679,10.291,3.529,0.266,1.336
69.339,-0.647,10.287,3.527,0.987,0.659
69.367,-0.542,10.306,3.519,-1.445,-0.403
69.400,-0.529,10.313,3.518,-1.400,-0.538
69.538,-0.517,10.321,3.517,-1.293,-0.760
69.567,-0.446,10.415,3.509,-0.620,-1.366
69.600,-0.441,10.429,3.508,-0.441,-1.434
69.721,-0.434,10.457,3.507,0.187,-1.488
69.734,-0.432,10.520,3.508,0.211,-1.485
69.767,-0.437,10.541,3.508,0.585,-1.381
69.800,-0.441,10.550,3.509,0.795,-1.272
69.950,-0.451,10.566,3.509,1.146,-0.968
69.967,-0.496,10.587,3.509,1.422,-0.476
70.000,-0.502,10.585,3.509,1.436,-0.434
70.144,-0.508,10.583,3.509,1.445,-0.402
70.167,-0.539,10.528,3.508,1.173,0.935
70.200,-0.540,10.517,3.507,1.253,0.825
70.330,-0.539,10.506,3.507,1.342,0.669
70.334,-0.527,10.460,3.505,0.169,1.490
70.367,-0.498,10.413,3.504,0.158,1.492
70.400,-0.488,10.402,3.503,0.410,1.443
70.534,-0.477,10.392,3.503,0.774,1.285
70.567,-0.368,10.338,3.500,-1.121,0.997
70.600,-0.353,10.336,3.499,-1.044,1.077
70.749,-0.338,10.335,3.499,-0.352,0.840
70.767,-0.225,10.364,3.495,-1.360,-0.632
70.800,-0.213,10.372,3.495,-1.210,-0.886
70.942,-0.202,10.381,3.495,-0.904,-1.197
70.967,-0.146,10.475,3.492,-0.320,-1.466
71.000,-0.144,10.487,3.492,-0.139,-1.494
71.152,-0.142,10.500,3.492,0.082,-1.498
71.167,-0.165,10.579,3.494,0.737,-1.307
71.200,-0.172,10.585,3.494,0.811,-1.262
71.336,-0.179,10.591,3.494,0.896,-1.203
71.367,-0.243,10.594,3.494,1.439,-0.425
71.400,-0.250,10.589,3.494,1.434,-0.441
71.489,-0.257,10.584,3.494,1.422,-0.477
71.500,-0.279,10.551,3.492,1.235,0.852
71.534,-0.286,10.530,3.491,1.369,0.613
71.567,-0.289,10.506,3.490,1.468,0.306
71.600,-0.289,10.494,3.490,1.490,0.174
71.708,-0.287,10.481,3.489,1.500,-0.019
71.734,-0.258,10.402,3.486,0.744,1.303
71.767,-0.240,10.378,3.485,1.258,0.817
71.800,-0.230,10.367,3.484,1.364,0.530
71.894,-0.218,10.356,3.484,1.476,0.169
71.900,-0.163,10.321,3.480,-1.204,0.895
71.934,-0.130,10.308,3.478,-1.225,0.865
71.967,-0.095,10.299,3.477,-0.356,0.335
72.000,-0.076,10.296,3.476,0.057,-0.101
72.128,-0.058,10.294,3.476,0.507,-0.327
72.134,0.059,10.301,3.478,-1.476,-0.269
72.167,0.096,10.310,3.481,-1.433,-0.443
72.200,0.114,10.315,3.483,-1.348,-0.657
72.327,0.131,10.321,3.485,-1.183,-0.923
72.334,0.216,10.364,3.496,-1.249,-0.830
72.367,0.237,10.378,3.500,-1.062,-1.059
72.400,0.246,10.385,3.502,-0.840,-1.242
72.536,0.254,10.391,3.504,-0.542,-1.399
72.567,0.279,10.424,3.514,-0.020,-1.500
72.600,0.278,10.424,3.515,0.225,-1.483
72.723,0.275,10.424,3.515,0.435,-1.436
72.734,0.243,10.403,3.511,1.491,-0.164
72.767,0.227,10.388,3.509,1.445,-0.404
72.800,0.218,10.379,3.508,1.418,-0.489
72.934,0.209,10.368,3.507,1.364,-0.624
72.967,0.143,10.257,3.506,1.121,0.997
73.000,0.137,10.240,3.506,1.217,0.877
73.106,0.132,10.223,3.507,1.337,0.680
73.134,0.119,10.124,3.513,0.798,1.270
73.167,0.123,10.093,3.515,1.091,1.030
73.200,0.127,10.079,3.516,1.292,0.762
73.297,0.131,10.065,3.516,1.450,0.382
73.300,0.159,10.018,3.517,-0.371,1.453
73.334,0.178,10.000,3.516,-0.603,1.374
73.367,0.200,9.986,3.514,-0.152,1.122
73.400,0.212,9.981,3.513,0.219,0.333
73.547,0.225,9.977,3.512,0.582,-0.162
73.567,0.337,9.984,3.503,-1.440,-0.422
73.600,0.350,9.989,3.502,-1.348,-0.657
73.720,0.363,9.996,3.501,-1.177,-0.930
73.734,0.430,10.053,3.500,-0.950,-1.161
73.767,0.446,10.075,3.501,-0.681,-1.336
73.800,0.453,10.087,3.502,-0.485,-1.419
73.952,0.459,10.098,3.503,-0.243,-1.480
73.967,0.475,10.173,3.513,0.186,-1.488
74.000,0.473,10.179,3.514,0.289,-1.472
74.147,0.470,10.185,3.514,0.393,-1.448
74.167,0.427,10.189,3.514,1.342,-0.670
74.200,0.420,10.184,3.513,1.306,-0.738
74.351,0.413,10.179,3.513,1.249,-0.831
74.367,0.365,10.097,3.509,1.147,0.967
74.400,0.362,10.083,3.508,1.267,0.803
74.552,0.359,10.069,3.508,1.406,0.522
74.567,0.369,9.946,3.509,0.115,1.496
74.600,0.375,9.931,3.510,0.230,1.482
74.752,0.390,9.903,3.510,0.767,1.289
74.767,0.464,9.832,3.509,-1.068,1.054
74.800,0.477,9.825,3.509,-1.142,0.972
74.946,0.490,9.820,3.508,-0.896,0.628
74.967,0.591,9.819,3.505,-1.431,-0.448
75.000,0.602,9.824,3.505,-1.305,-0.740
75.151,0.612,9.829,3.505,-1.073,-1.048
75.167,0.661,9.900,3.501,-0.449,-1.431
75.200,0.663,9.910,3.501,-0.298,-1.470
75.314,0.663,9.921,3.500,-0.129,-1.494
75.334,0.644,9.976,3.500,0.596,-1.377
75.367,0.631,9.989,3.500,0.674,-1.340
75.400,0.623,9.995,3.500,0.716,-1.318
75.545,0.614,9.999,3.500,0.739,-1.305
75.567,0.539,9.999,3.500,1.436,-0.434
75.600,0.530,9.994,3.500,1.401,-0.537
75.756,0.521,9.988,3.499,1.343,-0.668
75.767,0.480,9.907,3.495,0.973,1.142
75.801,0.479,9.880,3.493,1.249,0.831
75.926,0.480,9.866,3.492,1.417,0.492
75.934,0.501,9.795,3.489,0.023,1.500
75.967,0.516,9.768,3.488,0.403,1.445
76.000,0.525,9.756,3.488,0.578,0.821
76.086,0.535,9.744,3.488,0.756,0.133
76.100,0.582,9.703,3.487,-1.033,1.087
76.134,0.608,9.688,3.486,-1.148,0.966
76.167,0.635,9.678,3.486,-0.428,-0.053
76.200,0.649,9.674,3.486,-0.112,-0.605
76.312,0.664,9.671,3.487,0.234,-0.919
76.334,0.743,9.677,3.492,-1.373,-0.604
76.367,0.766,9.686,3.496,-1.113,-1.005
76.400,0.776,9.692,3.498,-0.816,-1.259
76.492,0.786,9.697,3.500,-0.480,-1.421
76.500,0.816,9.722,3.509,-0.826,-1.252
76.534,0.826,9.735,3.515,-0.525,-1.405
76.567,0.833,9.745,3.520,-0.129,-1.494
76.600,0.834,9.750,3.523,0.054,-1.499
76.736,0.835,9.754,3.525,0.220,-1.484
76.767,0.816,9.755,3.538,1.202,-0.898
76.800,0.810,9.750,3.539,1.134,-0.982
76.888,0.805,9.745,3.539,1.049,-1.072
76.900,0.780,9.712,3.540,1.492,0.158
76.934,0.768,9.689,3.540,1.468,-0.309
76.967,0.758,9.662,3.540,1.342,-0.671
77.000,0.753,9.648,3.540,1.284,-0.775
77.125,0.749,9.633,3.540,1.167,-0.943
77.134,0.741,9.534,3.540,0.550,1.395
77.167,0.746,9.499,3.540,0.861,1.229
77.200,0.750,9.482,3.540,1.168,0.941
77.308,0.755,9.465,3.540,1.264,0.268
77.334,0.807,9.369,3.540,-0.705,1.324
77.367,0.831,9.341,3.540,-0.719,1.316
77.400,0.844,9.328,3.540,-0.638,0.972
77.537,0.872,9.305,3.539,0.042,-0.298
77.567,0.977,9.254,3.540,-1.453,0.373
77.600,0.991,9.250,3.541,-1.500,0.025
77.751,1.017,9.247,3.542,-0.945,-0.918
77.767,1.085,9.261,3.542,-1.156,-0.956
77.800,1.091,9.266,3.542,-0.979,-1.136
77.949,1.096,9.271,3.541,-0.736,-1.307
77.967,1.096,9.319,3.539,0.366,-1.455
78.000,1.091,9.324,3.539,0.411,-1.443
78.144,1.085,9.329,3.538,0.443,-1.433
78.167,1.012,9.340,3.536,1.233,-0.854
78.200,1.001,9.337,3.535,1.184,-0.921
78.351,0.990,9.333,3.535,1.106,-1.013
78.367,0.912,9.266,3.532,1.444,0.406
78.400,0.905,9.254,3.531,1.482,0.231
78.547,0.899,9.241,3.530,1.499,-0.042
78.567,0.888,9.122,3.522,1.235,0.851
78.600,0.891,9.107,3.521,1.404,0.529
78.750,0.896,9.092,3.520,1.440,-0.056
78.768,0.969,8.996,3.509,-1.079,1.042
78.800,0.982,8.988,3.508,-1.239,0.846
78.924,0.996,8.981,3.506,-0.789,0.188
78.934,1.094,8.959,3.497,-1.500,0.027
78.967,1.129,8.961,3.495,-1.428,-0.459
79.000,1.146,8.963,3.495,-1.222,-0.870
79.153,1.163,8.967,3.494,-0.885,-1.211
79.167,1.275,9.019,3.497,-1.131,-0.985
79.200,1.285,9.027,3.497,-1.021,-1.099
79.353,1.294,9.035,3.498,-0.868,-1.224
79.367,1.328,9.087,3.504,-0.427,-1.438
79.400,1.328,9.091,3.505,-0.265,-1.476
79.549,1.326,9.094,3.505,-0.116,-1.495
79.568,1.282,9.080,3.497,1.383,-0.581
79.600,1.273,9.074,3.495,1.297,-0.753
79.750,1.264,9.067,3.493,1.160,-0.951
79.768,1.183,8.970,3.483,1.314,0.724
79.801,1.165,8.938,3.482,1.464,0.326
79.945,1.157,8.922,3.482,1.499,-0.047
79.968,1.124,8.802,3.487,1.131,0.985
80.000,1.123,8.785,3.488,1.332,0.689
80.146,1.123,8.770,3.489,1.490,0.172
80.167,1.161,8.672,3.491,-0.617,1.367
80.200,1.170,8.664,3.490,-0.674,1.215
80.348,1.190,8.651,3.488,-0.039,-0.312
80.367,1.282,8.639,3.478,-1.493,-0.145
80.400,1.296,8.642,3.477,-1.451,-0.382
80.544,1.310,8.646,3.476,-1.328,-0.697
80.567,1.405,8.706,3.475,-0.962,-1.151
80.600,1.414,8.716,3.475,-0.848,-1.238
80.744,1.421,8.726,3.476,-0.702,-1.325
80.767,1.443,8.801,3.483,-0.201,-1.487
80.800,1.441,8.808,3.484,-0.119,-1.495
80.909,1.435,8.819,3.485,0.049,-1.499
80.934,1.405,8.832,3.485,0.643,-1.355
80.967,1.388,8.829,3.484,0.634,-1.360
81.000,1.380,8.827,3.483,0.643,-1.355
81.106,1.361,8.818,3.482,0.612,-1.370
81.134,1.315,8.776,3.478,1.499,0.051
81.167,1.299,8.752,3.476,1.412,-0.506
81.200,1.284,8.725,3.474,1.220,-0.873
81.348,1.284,8.725,3.474,1.220,-0.873
81.367,1.257,8.589,3.469,0.984,1.132
81.400,1.260,8.552,3.468,1.182,0.256
81.526,1.263,8.534,3.468,1.041,-0.363
81.534,1.293,8.445,3.468,-0.481,1.421
81.567,1.311,8.412,3.468,-0.508,1.411
81.600,1.322,8.397,3.468,-0.566,1.389
81.741,1.345,8.369,3.468,-0.201,0.182
81.767,1.439,8.298,3.472,-1.414,0.502
81.800,1.452,8.292,3.473,-1.494,0.137
81.954,1.465,8.287,3.474,-1.442,-0.413
81.967,1.547,8.281,3.481,-1.450,-0.382
82.000,1.554,8.284,3.481,-1.358,-0.637
82.147,1.559,8.288,3.482,-1.177,-0.929
82.167,1.565,8.331,3.483,0.004,-1.500
82.200,1.561,8.337,3.483,0.080,-1.498
82.335,1.549,8.349,3.483,0.202,-1.486
82.367,1.480,8.375,3.486,1.172,-0.936
82.400,1.468,8.376,3.487,1.111,-1.008
82.526,1.455,8.376,3.487,1.023,-1.097
82.534,1.380,8.357,3.494,1.500,0.007
82.567,1.358,8.343,3.496,1.477,-0.261
82.600,1.348,8.335,3.497,1.435,-0.438
82.751,1.338,8.326,3.498,1.343,-0.669
82.767,1.296,8.233,3.500,0.846,1.239
82.800,1.296,8.220,3.500,0.988,1.129
82.932,1.296,8.207,3.500,1.221,0.871
82.934,1.301,8.181,3.500,0.096,1.497
82.967,1.340,8.110,3.499,-0.538,1.400
83.000,1.349,8.100,3.499,-0.641,1.356
83.132,1.371,8.082,3.499,-0.090,-0.233
83.134,1.407,8.062,3.499,-1.437,0.431
83.167,1.458,8.048,3.500,-1.487,-0.200
83.200,1.471,8.047,3.500,-1.371,-0.609
83.300,1.483,8.048,3.500,-1.061,-1.060
83.334,1.543,8.069,3.504,-1.160,-0.951
83.367,1.557,8.082,3.505,-0.822,-1.255
83.400,1.562,8.089,3.506,-0.613,-1.369
83.501,1.566,8.096,3.507,-0.401,-1.446
83.534,1.570,8.138,3.513,-0.025,-1.500
83.567,1.563,8.148,3.515,0.154,-1.492
83.600,1.558,8.152,3.516,0.229,-1.482
83.717,1.552,8.156,3.516,0.268,-1.476
83.734,1.507,8.156,3.518,1.418,-0.490
83.767,1.489,8.147,3.518,1.280,-0.782
83.800,1.480,8.141,3.517,1.187,-0.917
83.881,1.471,8.134,3.517,1.056,-1.065
83.900,1.439,8.096,3.516,1.335,0.684
83.934,1.425,8.071,3.516,1.484,0.218
83.967,1.415,8.043,3.515,1.440,-0.421
84.000,1.411,8.029,3.515,1.334,-0.685
84.117,1.408,8.013,3.515,1.132,-0.984
84.134,1.409,7.918,3.513,0.099,1.497
84.167,1.419,7.887,3.512,0.244,1.480
84.200,1.425,7.872,3.512,0.441,1.416
84.314,1.432,7.857,3.512,0.483,0.451
84.334,1.494,7.777,3.511,-1.035,1.085
84.367,1.520,7.756,3.511,-1.181,0.925
84.400,1.534,7.746,3.512,-1.358,0.638
84.534,1.547,7.737,3.512,-1.148,0.032
84.567,1.653,7.701,3.522,-1.488,-0.187
84.600,1.664,7.700,3.524,-1.388,-0.569
84.709,1.674,7.701,3.525,-1.169,-0.940
84.734,1.716,7.721,3.529,-1.089,-1.031
84.767,1.721,7.732,3.530,-0.666,-1.344
84.800,1.723,7.738,3.530,-0.446,-1.432
84.921,1.723,7.744,3.530,-0.261,-1.477
84.934,1.701,7.777,3.531,0.718,-1.317
84.967,1.686,7.784,3.532,0.647,-1.353
85.000,1.677,7.787,3.532,0.618,-1.367
85.142,1.668,7.788,3.532,0.561,-1.391
85.167,1.585,7.767,3.534,1.495,-0.123
85.200,1.575,7.759,3.534,1.470,-0.299
85.338,1.565,7.751,3.533,1.399,-0.540
85.367,1.515,7.653,3.529,1.004,1.114
85.400,1.513,7.638,3.528,1.145,0.969
85.533,1.512,7.623,3.527,1.361,0.630
85.535,1.513,7.593,3.525,0.886,1.210
85.567,1.541,7.505,3.520,-0.330,1.463
85.600,1.549,7.493,3.520,-0.342,1.335
85.739,1.558,7.480,3.519,-0.087,0.353
85.767,1.652,7.416,3.512,-1.381,0.586
85.800,1.665,7.413,3.512,-1.446,0.398
85.952,1.678,7.411,3.511,-1.498,0.079
85.968,1.765,7.429,3.508,-1.207,-0.890
86.000,1.772,7.435,3.508,-1.092,-1.029
86.152,1.779,7.441,3.508,-0.934,-1.173
86.167,1.797,7.507,3.507,-0.226,-1.483
86.200,1.794,7.516,3.507,-0.158,-1.492
86.341,1.790,7.523,3.507,-0.097,-1.497
86.367,1.728,7.562,3.506,1.017,-1.102
86.400,1.718,7.563,3.505,0.956,-1.156
86.550,1.707,7.563,3.505,0.867,-1.224
86.567,1.618,7.523,3.502,1.500,-0.011
86.600,1.609,7.513,3.501,1.488,-0.188
86.750,1.600,7.503,3.501,1.432,-0.446
86.767,1.561,7.396,3.495,1.105,1.014
86.800,1.561,7.381,3.494,1.271,0.797
86.952,1.562,7.366,3.493,1.473,0.283
86.968,1.607,7.255,3.487,-0.464,1.426
87.000,1.617,7.244,3.486,-0.551,1.395
87.154,1.628,7.234,3.485,-0.370,0.718
87.167,1.738,7.184,3.478,-1.479,0.251
87.200,1.752,7.183,3.477,-1.496,-0.104
87.320,1.767,7.182,3.476,-1.403,-0.531
87.334,1.845,7.200,3.475,-1.289,-0.767
87.367,1.865,7.213,3.475,-1.015,-1.105
87.400,1.873,7.220,3.475,-0.831,-1.249
87.496,1.881,7.228,3.475,-0.626,-1.363
87.500,1.901,7.262,3.477,-0.481,-1.421
87.534,1.905,7.278,3.478,-0.326,-1.464
87.567,1.904,7.294,3.480,-0.160,-1.491
87.600,1.899,7.307,3.481,0.001,-1.500
87.753,1.895,7.312,3.482,0.050,-1.499
87.767,1.849,7.325,3.483,0.971,-1.143
87.800,1.840,7.323,3.483,0.884,-1.211
87.951,1.832,7.320,3.483,0.765,-1.290
87.967,1.765,7.254,3.481,1.304,0.742
88.000,1.759,7.242,3.480,1.393,0.556
88.149,1.753,7.228,3.480,1.485,0.210
88.168,1.739,7.101,3.479,0.439,1.434
88.201,1.745,7.068,3.480,0.712,0.979
88.357,1.750,7.053,3.480,0.620,0.098
88.367,1.810,6.961,3.479,-1.064,1.057
88.400,1.821,6.952,3.479,-1.140,0.975
88.498,1.833,6.943,3.479,-1.255,0.821
88.500,1.884,6.921,3.478,-1.443,0.410
88.535,1.910,6.916,3.478,-1.482,0.230
88.567,1.935,6.916,3.479,-1.447,-0.394
88.600,1.947,6.918,3.479,-1.225,-0.866
88.713,1.958,6.920,3.480,-0.920,-1.185
88.734,2.010,6.952,3.483,-0.955,-1.157
88.767,2.019,6.966,3.484,-0.660,-1.347
88.800,2.023,6.974,3.485,-0.506,-1.412
88.953,2.025,6.981,3.486,-0.364,-1.455
88.967,2.005,7.028,3.493,0.373,-1.453
89.000,1.999,7.030,3.493,0.360,-1.456
89.154,1.984,7.033,3.494,0.321,-1.465
89.167,1.918,7.010,3.494,1.384,-0.579
89.200,1.908,7.003,3.494,1.273,-0.794
89.346,1.899,6.994,3.494,1.087,-1.034
89.367,1.839,6.890,3.490,1.080,1.041
89.400,1.835,6.874,3.490,1.216,0.879
89.549,1.832,6.857,3.489,1.416,0.495
89.567,1.842,6.720,3.490,-0.032,1.500
89.600,1.848,6.705,3.490,-0.051,1.499
89.718,1.855,6.689,3.490,-0.024,1.500
89.734,1.912,6.613,3.490,-0.892,1.206
89.767,1.936,6.596,3.490,-1.078,1.043
89.800,1.949,6.588,3.489,-1.279,0.784
89.944,1.961,6.582,3.489,-1.447,0.335
89.967,2.053,6.573,3.489,-1.440,-0.420
90.000,2.062,6.576,3.489,-1.380,-0.588
90.156,2.070,6.581,3.489,-1.277,-0.787
90.167,2.100,6.641,3.485,-0.666,-1.344
90.200,2.098,6.651,3.484,-0.638,-1.357
90.340,2.096,6.660,3.483,-0.591,-1.379
90.367,2.041,6.721,3.480,0.684,-1.335
90.400,2.030,6.726,3.480,0.604,-1.373
90.551,2.019,6.730,3.479,0.486,-1.419
90.567,1.916,6.724,3.477,1.239,-0.846
90.600,1.903,6.719,3.477,1.106,-1.013
90.751,1.891,6.712,3.477,0.906,-1.196
90.767,1.820,6.627,3.472,1.068,1.053
90.800,1.815,6.613,3.471,1.113,1.005
90.955,1.811,6.598,3.470,1.275,0.790
90.967,1.821,6.470,3.465,-0.134,1.494
91.000,1.828,6.455,3.464,-0.333,1.462
91.150,1.835,6.440,3.464,-0.593,1.378
91.167,1.918,6.347,3.463,-1.260,0.814
91.200,1.931,6.339,3.463,-1.343,0.669
91.347,1.943,6.333,3.463,-1.422,0.478
91.367,2.034,6.322,3.466,-1.491,-0.167
91.400,2.042,6.325,3.466,-1.470,-0.301
91.532,2.050,6.329,3.466,-1.432,-0.448
91.534,2.057,6.334,3.467,-1.348,-0.658
91.567,2.078,6.384,3.466,-0.903,-1.198
91.600,2.077,6.392,3.466,-0.874,-1.219
91.709,2.075,6.401,3.466,-0.870,-1.222
91.734,2.038,6.447,3.465,0.385,-1.450
91.767,2.018,6.459,3.465,0.101,-1.497
91.800,2.007,6.463,3.465,-0.027,-1.500
91.946,1.995,6.467,3.465,-0.208,-1.486
91.967,1.886,6.463,3.464,1.446,-0.400
92.000,1.872,6.458,3.464,1.392,-0.558
92.113,1.858,6.452,3.464,1.260,-0.814
92.134,1.786,6.392,3.464,1.326,0.702
92.167,1.767,6.366,3.463,1.438,0.426
92.200,1.758,6.352,3.463,0.905,0.056
92.309,1.751,6.338,3.463,0.334,-0.406
92.334,1.728,6.248,3.465,0.284,1.473
92.367,1.728,6.219,3.466,-0.197,1.309
92.400,1.730,6.206,3.467,-0.632,0.635
92.526,1.736,6.181,3.468,-0.960,-0.279
92.534,1.767,6.131,3.472,-1.232,0.855
92.567,1.783,6.117,3.474,-1.424,0.471
92.600,1.792,6.112,3.475,-1.488,0.190
92.749,1.800,6.108,3.476,-1.497,-0.097
92.767,1.861,6.108,3.490,-1.386,-0.573
92.800,1.866,6.112,3.491,-1.351,-0.651
92.933,1.871,6.116,3.493,-1.314,-0.723
92.935,1.874,6.121,3.495,-1.209,-0.888
92.967,1.869,6.165,3.505,-0.648,-1.353
93.000,1.865,6.171,3.506,-0.703,-1.325
93.126,1.859,6.177,3.507,-0.783,-1.280
93.134,1.802,6.204,3.510,0.696,-1.329
93.167,1.776,6.208,3.511,0.342,-1.461
93.200,1.763,6.208,3.511,0.131,-1.494
93.354,1.734,6.206,3.511,-0.329,-1.463
93.367,1.629,6.166,3.509,1.392,0.558
93.400,1.615,6.156,3.509,1.406,0.522
93.555,1.602,6.145,3.508,1.438,0.425
93.567,1.520,6.028,3.505,0.920,1.185
93.600,1.509,5.995,3.504,0.762,1.292
93.749,1.509,5.995,3.504,0.762,1.292
93.767,1.503,5.880,3.505,-0.289,1.472
93.800,1.506,5.869,3.505,-0.511,1.410
93.957,1.516,5.850,3.504,-1.082,1.039
93.967,1.569,5.818,3.496,-1.450,0.382
94.000,1.578,5.818,3.494,-1.483,0.222
94.137,1.596,5.821,3.492,-1.495,-0.125
94.167,1.650,5.866,3.486,-1.178,-0.928
94.200,1.655,5.875,3.486,-1.178,-0.928
94.338,1.660,5.885,3.485,-1.187,-0.917
94.367,1.660,5.971,3.488,-0.653,-1.350
94.400,1.655,5.980,3.488,-0.715,-1.319
94.487,1.643,5.998,3.489,-0.854,-1.233
94.500,1.619,6.018,3.489,0.424,-1.439
94.534,1.598,6.027,3.488,0.056,-1.499
94.567,1.575,6.031,3.486,-0.349,-1.459
94.601,1.562,6.032,3.485,-0.511,-1.410
94.748,1.536,6.030,3.483,-0.812,-1.261
94.767,1.440,5.989,3.475,1.483,0.227
94.800,1.427,5.979,3.473,1.499,0.057
94.952,1.401,5.955,3.471,0.056,-0.470
94.968,1.324,5.846,3.469,0.757,1.295
95.000,1.315,5.829,3.469,0.635,1.359
95.156,1.307,5.812,3.470,0.450,1.431
95.167,1.272,5.685,3.484,0.146,1.493
95.200,1.272,5.672,3.485,0.008,1.500
95.322,1.272,5.660,3.487,-0.171,1.490
95.334,1.288,5.607,3.493,-0.730,1.310
95.367,1.297,5.598,3.494,-1.096,1.024
95.400,1.309,5.593,3.494,-1.419,0.485
95.532,1.309,5.593,3.494,-1.419,0.485
95.534,1.328,5.595,3.495,-1.495,-0.118
95.567,1.356,5.618,3.496,-1.367,-0.619
95.600,1.360,5.625,3.496,-1.354,-0.645
95.737,1.364,5.634,3.496,-1.352,-0.650
95.768,1.363,5.721,3.500,-0.531,-1.403
95.800,1.358,5.732,3.500,-0.630,-1.361
95.907,1.345,5.754,3.501,-0.847,-1.238
95.934,1.298,5.799,3.502,-0.006,-1.500
95.968,1.273,5.812,3.502,-0.407,-1.444
96.000,1.260,5.816,3.501,-0.578,-1.384
96.123,1.246,5.820,3.501,-0.794,-1.272
96.134,1.157,5.820,3.496,1.411,-0.510
96.167,1.127,5.811,3.494,1.252,-0.826
96.200,1.112,5.805,3.493,1.029,-1.091
96.280,1.083,5.789,3.491,-0.101,-1.050
96.300,1.042,5.759,3.489,1.120,0.205
96.334,1.017,5.734,3.488,0.007,-0.142
96.367,0.995,5.706,3.487,-0.565,-0.276
96.400,0.985,5.692,3.487,-0.911,-0.318
96.551,0.975,5.677,3.488,-1.136,-0.480
96.568,0.930,5.549,3.501,0.026,1.500
96.600,0.927,5.534,3.504,-0.272,1.475
96.750,0.924,5.519,3.508,-0.651,1.351
96.767,0.909,5.412,3.540,-0.164,1.491
96.800,0.907,5.402,3.545,-0.383,1.450
96.948,0.903,5.383,3.553,-0.935,1.173
96.967,0.886,5.345,3.576,-0.878,1.216
97.000,0.883,5.344,3.579,-1.243,0.784
97.118,0.880,5.343,3.581,-1.448,0.359
97.134,0.861,5.363,3.591,-0.471,-0.672
97.167,0.853,5.377,3.593,-1.122,-0.830
97.200,0.848,5.386,3.594,-1.236,-0.850
97.346,0.843,5.396,3.594,-1.298,-0.752
97.367,0.787,5.493,3.605,0.307,-1.468
97.400,0.778,5.506,3.606,0.134,-1.494
97.544,0.768,5.518,3.608,-0.114,-1.496
97.567,0.674,5.592,3.622,0.834,-1.247
97.600,0.662,5.597,3.623,0.639,-1.357
97.716,0.649,5.601,3.624,0.351,-1.458
97.734,0.580,5.603,3.626,1.456,-0.362
97.767,0.561,5.594,3.624,1.341,-0.673
97.800,0.553,5.589,3.623,0.901,-0.943
97.907,0.545,5.582,3.622,0.070,-0.906
97.934,0.520,5.523,3.609,0.087,1.497
97.967,0.520,5.498,3.603,-0.695,1.330
98.000,0.522,5.485,3.600,-1.108,1.012
98.126,0.524,5.472,3.598,-1.392,0.558
98.134,0.560,5.388,3.590,-0.892,1.206
98.167,0.576,5.362,3.590,-1.103,1.017
98.200,0.584,5.349,3.590,-1.217,0.877
98.306,0.593,5.338,3.591,-1.333,0.689
98.334,0.636,5.284,3.597,-1.294,0.759
98.367,0.645,5.274,3.599,-1.432,0.446
98.400,0.649,5.270,3.599,-1.472,0.288
98.501,0.651,5.267,3.599,-1.494,0.129
98.534,0.646,5.270,3.594,-1.484,-0.216
98.567,0.636,5.277,3.589,-1.448,-0.390
98.600,0.629,5.282,3.587,-1.429,-0.455
98.704,0.621,5.287,3.584,-1.429,-0.457
98.734,0.551,5.326,3.566,0.856,-1.232
98.767,0.520,5.339,3.561,0.266,-1.476
98.800,0.503,5.345,3.558,-0.260,-1.477
98.953,0.485,5.352,3.556,-0.757,-1.295
98.967,0.326,5.380,3.545,1.455,-0.366
99.000,0.306,5.380,3.544,1.436,-0.432
99.135,0.286,5.380,3.544,1.396,-0.548
99.167,0.153,5.342,3.540,1.466,0.318
99.200,0.140,5.333,3.539,1.463,0.329
99.328,0.128,5.325,3.538,1.468,0.306
99.334,0.079,5.265,3.532,0.924,1.181
99.367,0.072,5.245,3.529,0.633,1.360
99.400,0.068,5.225,3.527,-0.302,1.349
99.491,0.068,5.215,3.526,-0.793,0.820
99.500,0.074,5.190,3.523,-0.713,1.320
99.534,0.083,5.177,3.521,-1.238,0.847
99.567,0.095,5.167,3.520,-1.460,0.344
99.600,0.102,5.164,3.519,-1.490,0.170
99.743,0.110,5.161,3.519,-1.500,0.024
99.767,0.175,5.175,3.522,-1.474,-0.275
99.800,0.182,5.180,3.523,-1.470,-0.299
99.953,0.188,5.186,3.524,-1.468,-0.310
99.967,0.205,5.248,3.532,-0.737,-1.307
100.000,0.203,5.256,3.533,-0.828,-1.251
100.131,0.199,5.264,3.533,-0.944,-1.166
100.134,0.175,5.291,3.535,-0.005,-1.500
100.167,0.135,5.310,3.534,0.149,-1.493
100.200,0.123,5.312,3.534,-0.199,-1.487
100.329,0.110,5.314,3.533,-0.641,-1.356
100.334,0.025,5.305,3.529,1.491,0.161
100.367,-0.004,5.294,3.527,1.494,0.133
100.400,-0.018,5.287,3.526,1.427,0.088
100.519,-0.032,5.278,3.526,0.433,-0.093
100.534,-0.104,5.210,3.523,1.018,1.102
100.567,-0.122,5.183,3.523,0.799,1.269
100.600,-0.130,5.169,3.523,0.433,1.436
100.724,-0.137,5.155,3.523,-0.180,1.286
100.734,-0.157,5.076,3.527,-0.006,1.500
100.767,-0.156,5.053,3.528,-0.362,1.456
100.800,-0.154,5.044,3.528,-0.622,1.365
100.940,-0.151,5.034,3.529,-0.921,1.184
100.967,-0.109,4.999,3.528,-1.419,0.486
101.000,-0.102,4.999,3.527,-1.454,0.368
101.112,-0.096,5.001,3.527,-1.478,0.258
101.134,-0.063,5.032,3.525,-1.370,-0.611
101.167,-0.056,5.049,3.524,-1.392,-0.558
101.200,-0.054,5.059,3.524,-1.398,-0.544
101.305,-0.053,5.069,3.524,-1.417,-0.493
101.334,-0.066,5.137,3.523,-0.617,-1.367
101.367,-0.078,5.159,3.522,-0.897,-1.202
101.400,-0.086,5.169,3.522,-1.009,-1.109
101.525,-0.095,5.179,3.522,-1.152,-0.960
101.534,-0.167,5.224,3.517,1.131,-0.985
101.567,-0.196,5.231,3.515,0.874,-1.219
101.600,-0.212,5.234,3.514,0.603,-1.373
101.729,-0.245,5.235,3.512,-0.399,-1.223
101.734,-0.329,5.220,3.507,1.499,0.066
101.767,-0.361,5.206,3.506,1.499,0.054
101.800,-0.376,5.198,3.505,1.326,0.023
101.954,-0.391,5.189,3.504,0.371,-0.114
101.968,-0.477,5.092,3.498,0.786,1.278
102.000,-0.483,5.078,3.497,0.647,1.353
102.145,-0.489,5.065,3.497,0.448,1.432
102.167,-0.492,4.969,3.494,-0.386,1.449
102.200,-0.488,4.959,3.494,-0.584,1.381
102.340,-0.478,4.943,3.493,-1.050,1.072
102.367,-0.425,4.918,3.491,-1.450,0.386
102.400,-0.417,4.919,3.490,-1.474,0.278
102.545,-0.408,4.921,3.490,-1.488,0.187
102.567,-0.356,4.970,3.490,-1.348,-0.657
102.600,-0.352,4.979,3.490,-1.365,-0.622
102.752,-0.350,4.989,3.490,-1.392,-0.559
102.767,-0.365,5.078,3.491,-0.778,-1.282
102.800,-0.372,5.088,3.491,-0.899,-1.201
102.942,-0.379,5.098,3.491,-1.052,-1.069
102.968,-0.473,5.152,3.487,0.799,-1.269
103.001,-0.488,5.154,3.486,0.632,-1.361
103.159,-0.503,5.156,3.485,0.282,-1.473
103.167,-0.634,5.129,3.478,1.443,0.410
103.200,-0.650,5.120,3.477,1.432,0.446
103.346,-0.665,5.111,3.477,1.422,0.476
103.367,-0.758,5.011,3.473,0.910,1.193
103.400,-0.766,4.997,3.472,0.748,1.300
103.534,-0.777,4.968,3.472,0.064,1.499
103.567,-0.783,4.882,3.472,-0.535,1.401
103.600,-0.780,4.872,3.472,-0.769,1.288
103.756,-0.776,4.864,3.472,-1.014,1.105
103.767,-0.722,4.833,3.468,-1.448,0.393
103.800,-0.714,4.834,3.468,-1.465,0.324
103.956,-0.707,4.837,3.467,-1.477,0.260
103.967,-0.659,4.890,3.467,-1.102,-1.017
104.000,-0.656,4.901,3.466,-1.155,-0.957
104.141,-0.654,4.911,3.466,-1.223,-0.869
104.167,-0.676,5.004,3.469,-0.147,-1.493
104.200,-0.684,5.015,3.470,-0.319,-1.466
104.342,-0.692,5.025,3.470,-0.559,-1.392
104.367,-0.785,5.076,3.472,0.992,-1.125
104.400,-0.799,5.078,3.472,0.828,-1.251
104.545,-0.813,5.079,3.471,0.456,-1.429
104.567,-0.918,5.048,3.471,1.447,0.394
104.600,-0.929,5.039,3.471,1.419,0.486
104.750,-0.940,5.030,3.471,1.015,0.467
104.767,-0.991,4.929,3.468,0.394,1.447
104.800,-0.993,4.915,3.468,0.187,1.488
104.953,-0.993,4.901,3.468,-0.125,1.495
104.967,-0.963,4.803,3.469,-0.746,1.301
105.000,-0.956,4.794,3.469,-0.891,1.207
105.101,-0.948,4.786,3.469,-1.044,1.077
105.134,-0.893,4.759,3.472,-1.377,0.595
105.167,-0.875,4.759,3.473,-1.450,0.384
105.200,-0.866,4.760,3.473,-1.474,0.280
105.303,-0.858,4.763,3.474,-1.486,0.202
105.334,-0.823,4.797,3.476,-1.471,-0.295
105.367,-0.819,4.815,3.476,-1.468,-0.307
105.400,-0.818,4.824,3.476,-1.466,-0.320
105.499,-0.818,4.834,3.475,-1.473,-0.282
105.501,-0.820,4.845,3.475,-1.222,-0.871
105.534,-0.843,4.898,3.473,-0.337,-1.462
105.567,-0.860,4.918,3.472,-0.764,-1.291
105.600,-0.870,4.928,3.472,-0.950,-1.161
105.688,-0.881,4.937,3.471,-1.153,-0.959
105.700,-0.934,4.968,3.469,1.035,-1.086
105.734,-0.965,4.978,3.468,0.723,-1.314
105.767,-0.998,4.985,3.467,-0.072,-1.300
105.800,-1.015,4.987,3.467,-0.586,-1.029
105.908,-1.032,4.988,3.467,-1.001,-0.815
105.934,-1.135,4.973,3.468,1.482,0.232
105.967,-1.166,4.959,3.468,1.469,0.303
106.000,-1.181,4.951,3.469,1.013,0.346
106.127,-1.196,4.942,3.469,0.109,0.185
106.134,-1.269,4.872,3.473,0.866,1.224
106.167,-1.288,4.845,3.475,0.646,1.354
106.200,-1.296,4.832,3.477,0.425,1.439
106.305,-1.302,4.818,3.478,0.038,1.500
106.334,-1.325,4.746,3.489,-0.004,1.500
106.367,-1.325,4.728,3.493,-0.525,1.405
106.400,-1.324,4.720,3.494,-0.896,1.203
106.528,-1.322,4.713,3.496,-1.155,0.958
106.534,-1.301,4.691,3.502,-1.201,0.898
106.567,-1.292,4.693,3.503,-1.387,0.570
106.600,-1.287,4.695,3.504,-1.441,0.417
106.718,-1.282,4.699,3.505,-1.468,0.306
106.734,-1.263,4.741,3.508,-1.080,-1.041
106.767,-1.262,4.761,3.509,-1.240,-0.844
106.800,-1.263,4.772,3.509,-1.299,-0.751
106.931,-1.265,4.784,3.509,-1.367,-0.617
106.934,-1.296,4.858,3.512,0.101,-1.497
106.967,-1.314,4.882,3.512,-0.187,-1.488
107.000,-1.324,4.893,3.512,-0.413,-1.442
107.105,-1.348,4.913,3.513,-0.937,-1.171
107.134,-1.419,4.947,3.511,1.097,-1.023
107.167,-1.450,4.954,3.510,0.675,-1.339
107.200,-1.465,4.955,3.510,0.173,-1.246
107.326,-1.481,4.956,3.510,-0.439,-0.957
107.334,-1.570,4.936,3.507,1.435,0.435
107.367,-1.595,4.921,3.505,1.391,0.563
107.400,-1.607,4.912,3.505,1.279,0.784
107.526,-1.617,4.902,3.504,0.339,0.518
107.534,-1.662,4.828,3.499,0.557,1.393
107.567,-1.669,4.800,3.497,0.168,1.491
107.600,-1.671,4.787,3.496,-0.247,1.480
107.727,-1.671,4.773,3.496,-0.679,1.337
107.734,-1.655,4.704,3.495,-0.735,1.308
107.767,-1.644,4.687,3.495,-0.981,1.135
107.800,-1.638,4.680,3.495,-1.113,1.006
107.911,-1.631,4.674,3.495,-1.234,0.852
107.934,-1.588,4.661,3.497,-1.437,0.430
107.967,-1.575,4.666,3.498,-1.474,0.278
108.000,-1.570,4.669,3.498,-1.487,0.201
108.141,-1.565,4.674,3.498,-1.492,0.152
108.167,-1.557,4.740,3.495,-0.847,-1.238
108.200,-1.561,4.750,3.495,-0.981,-1.135
108.340,-1.566,4.761,3.494,-1.140,-0.975
108.367,-1.642,4.847,3.489,0.426,-1.438
108.400,-1.655,4.856,3.488,0.204,-1.486
108.527,-1.670,4.865,3.488,-0.187,-1.488
108.534,-1.766,4.898,3.487,1.351,-0.651
108.567,-1.799,4.901,3.487,1.288,-0.769
108.600,-1.815,4.901,3.487,1.167,-0.942
108.728,-1.847,4.897,3.487,0.045,-0.852
108.734,-1.914,4.872,3.488,1.375,0.600
108.767,-1.935,4.856,3.487,1.252,0.826
108.800,-1.944,4.847,3.486,0.943,1.007
108.936,-1.952,4.837,3.486,0.079,0.677
108.967,-1.977,4.749,3.483,-0.116,1.496
109.000,-1.975,4.738,3.483,-0.316,1.466
109.136,-1.973,4.728,3.483,-0.604,1.373
109.167,-1.920,4.674,3.483,-1.235,0.851
109.200,-1.911,4.672,3.483,-1.272,0.795
109.325,-1.902,4.670,3.483,-1.325,0.703
109.334,-1.849,4.684,3.484,-1.481,-0.236
109.367,-1.835,4.696,3.485,-1.487,-0.201
109.400,-1.829,4.704,3.485,-1.493,-0.148
109.546,-1.824,4.712,3.486,-1.497,-0.093
109.567,-1.817,4.797,3.486,-0.691,-1.332
109.600,-1.821,4.808,3.486,-0.828,-1.251
109.757,-1.826,4.819,3.486,-1.038,-1.083
109.767,-1.902,4.892,3.484,1.088,-1.033
109.800,-1.916,4.898,3.483,1.047,-1.074
109.952,-1.930,4.904,3.483,0.958,-1.154
109.967,-2.051,4.910,3.485,1.478,-0.255
110.000,-2.066,4.906,3.485,1.481,-0.239
110.154,-2.080,4.901,3.486,1.481,-0.236
110.167,-2.166,4.834,3.488,0.972,1.142
110.200,-2.172,4.823,3.488,0.808,1.264
110.355,-2.177,4.812,3.488,0.573,1.386
110.367,-2.180,4.724,3.489,-0.385,1.450
110.400,-2.176,4.714,3.489,-0.541,1.399
110.552,-2.170,4.706,3.489,-0.688,1.333
110.567,-2.102,4.666,3.489,-1.214,0.881
110.600,-2.081,4.667,3.489,-1.327,0.699
110.757,-2.071,4.668,3.489,-1.361,0.630
110.769,-2.011,4.710,3.489,-1.379,-0.590
110.800,-2.000,4.729,3.488,-1.428,-0.461
110.957,-1.996,4.740,3.488,-1.456,-0.360
110.967,-1.998,4.828,3.485,-0.665,-1.345
111.000,-2.002,4.841,3.484,-0.790,-1.275
111.153,-2.008,4.853,3.484,-0.966,-1.147
111.167,-2.088,4.932,3.479,1.034,-1.086
111.200,-2.101,4.939,3.478,0.961,-1.152
111.347,-2.115,4.944,3.477,0.806,-1.265
111.367,-2.236,4.946,3.473,1.497,-0.099
111.401,-2.250,4.941,3.473,1.498,-0.072
111.558,-2.278,4.929,3.473,0.626,0.066
111.567,-2.348,4.862,3.471,0.829,1.250
111.601,-2.359,4.839,3.470,0.022,1.500
111.745,-2.363,4.827,3.470,-0.566,1.389
111.767,-2.361,4.749,3.471,-0.787,1.277
111.800,-2.351,4.731,3.472,-1.192,0.911
111.958,-2.345,4.723,3.473,-1.304,0.741
111.967,-2.288,4.696,3.477,-1.346,0.662
112.000,-2.280,4.696,3.478,-1.384,0.578
112.139,-2.271,4.697,3.479,-1.409,0.514
112.167,-2.224,4.743,3.484,-1.452,-0.375
112.200,-2.221,4.762,3.484,-1.475,-0.273
112.341,-2.221,4.773,3.484,-1.488,-0.186
112.368,-2.251,4.854,3.481,-0.405,-1.444
112.400,-2.259,4.865,3.480,-0.656,-1.349
112.505,-2.280,4.887,3.479,-1.174,-0.934
112.534,-2.347,4.933,3.476,0.919,-1.186
112.567,-2.380,4.946,3.474,0.531,-1.403
112.600,-2.396,4.952,3.474,0.115,-1.426
112.696,-2.431,4.959,3.473,-0.779,-0.691
112.700,-2.484,4.963,3.473,1.425,-0.469
112.735,-2.518,4.961,3.473,1.450,-0.384
112.767,-2.550,4.954,3.474,0.084,-0.059
112.800,-2.566,4.949,3.474,-0.481,0.047
112.911,-2.581,4.944,3.474,-0.919,0.083
112.934,-2.650,4.892,3.478,-0.057,1.104
112.967,-2.666,4.870,3.480,-0.870,0.873
113.000,-2.673,4.858,3.482,-1.268,0.801
113.137,-2.679,4.847,3.484,-1.379,0.591
113.168,-2.703,4.762,3.511,-0.490,1.418
113.200,-2.705,4.753,3.515,-0.765,1.290
113.346,-2.707,4.746,3.520,-1.024,1.096
113.367,-2.732,4.717,3.550,-0.521,1.407
113.400,-2.737,4.718,3.552,-0.845,1.240
113.540,-2.742,4.720,3.555,-1.114,1.005
113.567,-2.801,4.770,3.563,0.406,-1.251
113.600,-2.810,4.781,3.564,-0.199,-0.932
113.733,-2.819,4.793,3.564,-0.713,-0.602
113.734,-2.829,4.806,3.564,0.513,-1.410
113.767,-2.902,4.914,3.572,0.450,-1.431
113.800,-2.912,4.931,3.575,0.181,-1.489
113.908,-2.922,4.948,3.577,-0.187,-1.488
113.934,-2.974,5.036,3.596,0.294,-1.471
113.967,-2.988,5.060,3.601,-0.229,-1.482
114.000,-2.994,5.070,3.604,-0.653,-1.350
114.131,-2.999,5.080,3.606,-1.011,-1.108
114.134,-3.019,5.114,3.613,-0.269,-1.476
114.167,-3.022,5.117,3.613,-0.984,-1.132
114.201,-3.023,5.115,3.612,-1.373,-0.603
114.336,-3.024,5.112,3.612,-1.438,-0.426
114.367,-3.028,5.064,3.606,-0.730,1.310
114.400,-3.029,5.053,3.605,-0.926,1.180
114.514,-3.031,5.041,3.604,-1.128,0.989
114.534,-3.055,4.958,3.602,0.064,1.499
114.567,-3.068,4.929,3.603,-0.254,1.478
114.600,-3.076,4.914,3.604,-0.455,1.429
114.735,-3.093,4.886,3.606,-0.934,1.174
114.767,-3.166,4.810,3.612,0.689,1.332
114.800,-3.177,4.803,3.612,0.449,1.431
114.948,-3.188,4.797,3.612,0.081,1.498
114.968,-3.274,4.788,3.611,1.282,0.779
115.000,-3.284,4.791,3.610,1.131,0.985
115.111,-3.292,4.796,3.609,0.273,0.793
115.134,-3.329,4.846,3.599,0.564,-1.390
115.167,-3.335,4.870,3.594,-0.507,-1.236
115.200,-3.336,4.883,3.592,-1.081,-0.998
115.307,-3.337,4.896,3.590,-1.339,-0.675
115.334,-3.320,4.984,3.585,-0.718,-1.317
115.367,-3.309,5.013,3.585,-1.028,-1.093
115.400,-3.303,5.026,3.586,-1.158,-0.954
115.500,-3.297,5.039,3.587,-1.279,-0.784
115.534,-3.262,5.102,3.596,-1.109,-1.010
115.567,-3.254,5.116,3.599,-1.267,-0.803
115.600,-3.251,5.121,3.600,-1.332,-0.690
115.736,-3.249,5.125,3.601,-1.389,-0.567
115.767,-3.264,5.125,3.596,-1.360,-0.016
115.800,-3.271,5.121,3.594,-1.500,0.006
115.923,-3.278,5.116,3.591,-1.500,-0.014
115.935,-3.343,5.072,3.573,1.025,1.095
115.967,-3.372,5.053,3.567,0.656,1.349
116.000,-3.388,5.044,3.564,0.258,1.478
116.132,-3.405,5.034,3.562,-0.392,1.052
116.134,-3.478,4.997,3.556,1.245,0.837
116.167,-3.554,4.965,3.556,1.159,0.953
116.201,-3.573,4.959,3.556,0.994,1.123
116.322,-3.609,4.949,3.558,-0.035,0.964
116.335,-3.686,4.938,3.561,1.484,0.216
116.367,-3.711,4.940,3.561,1.472,0.290
116.400,-3.722,4.943,3.561,0.811,0.251
116.545,-3.732,4.946,3.560,-0.020,0.181
116.567,-3.772,4.998,3.546,0.452,-1.430
116.600,-3.772,5.007,3.544,-0.107,-1.496
116.752,-3.771,5.017,3.542,-0.682,-1.336
116.767,-3.727,5.092,3.532,-1.079,-1.042
116.800,-3.718,5.100,3.531,-1.152,-0.961
116.921,-3.708,5.107,3.531,-1.227,-0.863
116.934,-3.647,5.135,3.535,-1.425,-0.469
116.967,-3.628,5.137,3.537,-1.448,-0.390
117.000,-3.619,5.136,3.538,-1.461,-0.342
117.109,-3.610,5.134,3.539,-1.470,-0.300
117.134,-3.576,5.107,3.541,-1.442,0.412
117.167,-3.572,5.092,3.541,-1.466,0.319
117.200,-3.571,5.084,3.540,-1.473,0.283
117.347,-3.572,5.076,3.539,-1.485,0.213
117.367,-3.618,5.001,3.531,0.197,1.487
117.400,-3.628,4.993,3.529,-0.093,1.497
117.554,-3.640,4.984,3.528,-0.533,1.402
117.567,-3.762,4.939,3.519,1.404,0.528
117.600,-3.779,4.937,3.518,1.388,0.568
117.754,-3.814,4.935,3.517,1.288,0.768
117.767,-3.923,4.958,3.518,1.454,-0.368
117.800,-3.936,4.964,3.518,1.431,-0.449
117.938,-3.948,4.971,3.518,1.387,-0.571
117.967,-4.008,5.042,3.516,0.707,-1.323
118.000,-4.013,5.061,3.515,-0.125,-1.495
118.150,-4.013,5.061,3.515,-0.125,-1.495
118.167,-3.988,5.119,3.512,-1.093,-1.028
118.200,-3.973,5.126,3.511,-1.309,-0.733
118.349,-3.964,5.128,3.510,-1.375,-0.599
118.367,-3.896,5.115,3.509,-1.500,-0.019
118.400,-3.886,5.109,3.509,-1.500,-0.005
118.542,-3.877,5.102,3.509,-1.500,-0.015
118.567,-3.831,5.022,3.510,-1.080,1.041
118.600,-3.829,5.011,3.510,-1.157,0.954
118.741,-3.829,4.998,3.510,-1.250,0.829
118.767,-3.864,4.909,3.508,0.001,1.500
118.800,-3.883,4.892,3.507,-0.437,1.435
118.949,-3.893,4.884,3.507,-0.765,1.290
118.967,-3.985,4.860,3.500,1.215,0.880
119.001,-4.000,4.860,3.498,1.060,1.062
119.149,-4.029,4.865,3.496,-0.287,0.640
119.167,-4.120,4.913,3.490,1.221,-0.871
119.200,-4.141,4.935,3.489,0.400,-1.181
119.324,-4.141,4.935,3.489,0.400,-1.181
119.334,-4.181,5.014,3.488,0.298,-1.470
119.367,-4.186,5.042,3.488,-0.177,-1.489
119.400,-4.188,5.055,3.489,-0.495,-1.416
119.542,-4.188,5.068,3.489,-0.840,-1.242
119.567,-4.160,5.148,3.495,-1.066,-1.055
119.600,-4.154,5.154,3.496,-1.173,-0.934
119.710,-4.148,5.159,3.497,-1.268,-0.801
119.735,-4.113,5.165,3.502,-1.448,-0.391
119.767,-4.104,5.158,3.503,-1.479,-0.252
119.800,-4.100,5.153,3.504,-1.488,-0.191
119.949,-4.097,5.148,3.504,-1.490,-0.169
119.967,-4.108,5.076,3.501,-1.269,0.800
120.000,-4.114,5.065,3.501,-1.336,0.681
120.152,-4.129,5.042,3.499,-1.437,0.429
120.167,-4.216,4.967,3.491,0.782,1.280
120.201,-4.248,4.949,3.489,0.275,1.475
120.344,-4.266,4.941,3.489,-0.293,1.471
120.367,-4.402,4.912,3.486,1.402,0.533
120.400,-4.421,4.912,3.486,1.384,0.579
120.526,-4.441,4.913,3.487,1.144,0.697
120.534,-4.544,4.938,3.487,1.462,-0.336
120.568,-4.572,4.954,3.487,1.425,-0.470
120.600,-4.585,4.962,3.486,1.390,-0.565
120.746,-4.596,4.972,3.486,1.016,-0.605
120.767,-4.650,5.056,3.481,0.368,-1.454
120.801,-4.651,5.066,3.481,0.090,-1.497
120.932,-4.652,5.086,3.480,-0.574,-1.386
120.934,-4.650,5.095,3.479,-0.672,-1.341
120.967,-4.622,5.133,3.477,-1.088,-1.032
121.000,-4.607,5.139,3.476,-1.330,-0.694
121.140,-4.607,5.139,3.476,-1.330,-0.694
121.167,-4.539,5.122,3.477,-1.469,0.302
121.201,-4.524,5.107,3.478,-1.483,0.227
121.349,-4.518,5.099,3.479,-1.490,0.171
121.367,-4.501,5.024,3.481,-0.853,1.234
121.401,-4.505,5.000,3.481,-1.085,1.036
121.547,-4.509,4.989,3.482,-1.221,0.872
121.567,-4.564,4.918,3.482,0.441,1.434
121.601,-4.587,4.905,3.482,-0.264,1.477
121.755,-4.600,4.899,3.481,-0.779,1.282
121.767,-4.701,4.889,3.479,1.473,0.283
121.801,-4.730,4.895,3.478,1.161,0.319
121.950,-4.744,4.900,3.478,0.203,0.216
121.967,-4.824,4.961,3.476,0.901,-1.200
122.000,-4.832,4.973,3.476,0.697,-1.328
122.150,-4.839,4.985,3.475,0.315,-1.467
122.168,-4.860,5.084,3.480,-0.400,-1.446
122.200,-4.858,5.095,3.480,-0.707,-1.323
122.350,-4.855,5.106,3.481,-0.991,-1.126
122.367,-4.806,5.159,3.487,-1.253,-0.825
122.400,-4.798,5.161,3.488,-1.304,-0.742
122.545,-4.790,5.162,3.489,-1.348,-0.658
122.567,-4.738,5.132,3.493,-1.415,0.496
122.600,-4.734,5.124,3.494,-1.435,0.437
122.736,-4.729,5.107,3.494,-1.471,0.294
122.767,-4.744,5.030,3.494,-0.613,1.369
122.800,-4.750,5.018,3.494,-0.801,1.268
122.932,-4.757,5.007,3.493,-1.041,1.080
122.934,-4.775,4.985,3.493,0.479,1.422
122.967,-4.851,4.935,3.490,0.776,1.283
123.000,-4.866,4.930,3.489,0.563,1.390
123.149,-4.882,4.925,3.489,0.060,1.499
123.167,-5.010,4.926,3.486,1.498,0.075
123.200,-5.025,4.931,3.486,1.499,0.054
123.340,-5.039,4.937,3.486,1.499,0.052
123.367,-5.120,5.015,3.480,0.909,-1.193
123.400,-5.126,5.027,3.479,0.701,-1.326
123.550,-5.130,5.040,3.478,0.393,-1.448
123.567,-5.127,5.139,3.473,-0.431,-1.437
123.600,-5.122,5.149,3.473,-0.586,-1.381
123.730,-5.116,5.159,3.473,-0.762,-1.292
123.734,-5.085,5.188,3.472,-1.191,-0.912
123.767,-5.046,5.202,3.471,-1.377,-0.594
123.800,-5.036,5.203,3.471,-1.402,-0.534
123.941,-5.026,5.203,3.471,-1.421,-0.482
123.967,-4.961,5.164,3.472,-1.452,0.375
124.000,-4.957,5.156,3.472,-1.464,0.328
124.133,-4.953,5.147,3.473,-1.478,0.254
124.135,-4.950,5.137,3.473,-1.388,0.569
124.167,-4.959,5.062,3.472,-0.700,1.327
124.200,-4.964,5.052,3.472,-0.889,1.208
124.339,-4.971,5.041,3.472,-1.111,1.008
124.367,-5.059,4.978,3.469,0.988,1.129
124.400,-5.074,4.974,3.469,0.831,1.249
124.550,-5.089,4.970,3.468,0.423,1.439
124.567,-5.218,4.980,3.468,1.500,0.001
124.600,-5.234,4.986,3.468,1.499,-0.063
124.735,-5.249,4.993,3.468,1.221,-0.125
124.767,-5.342,5.074,3.470,0.836,-1.245
124.800,-5.349,5.087,3.470,0.686,-1.334
124.927,-5.360,5.112,3.471,0.066,-1.499
124.934,-5.369,5.173,3.473,-0.203,-1.486
124.967,-5.366,5.194,3.474,-0.645,-1.354
125.000,-5.363,5.203,3.475,-0.868,-1.223
125.105,-5.358,5.212,3.476,-1.068,-1.053
125.134,-5.320,5.245,3.479,-1.288,-0.769
125.167,-5.304,5.247,3.480,-1.375,-0.599
125.200,-5.296,5.247,3.481,-1.410,-0.513
125.291,-5.289,5.246,3.482,-1.430,-0.452
125.300,-5.263,5.230,3.485,-1.469,0.305
125.334,-5.253,5.216,3.486,-1.482,0.233
125.367,-5.247,5.200,3.487,-1.493,0.146
125.400,-5.246,5.191,3.487,-1.495,0.125
125.514,-5.245,5.182,3.488,-1.499,0.053
125.534,-5.264,5.119,3.488,-0.287,1.472
125.567,-5.278,5.099,3.488,-0.780,1.282
125.600,-5.288,5.089,3.488,-1.010,1.109
125.731,-5.298,5.080,3.487,-1.252,0.827
125.734,-5.378,5.034,3.485,0.960,1.153
125.767,-5.410,5.025,3.484,0.762,1.292
125.800,-5.427,5.021,3.484,0.604,1.373
125.930,-5.444,5.019,3.484,-0.050,0.962
125.934,-5.532,5.022,3.484,1.498,-0.068
125.967,-5.583,5.036,3.485,1.476,-0.268
126.000,-5.598,5.043,3.485,1.464,-0.327
126.135,-5.614,5.050,3.485,1.437,-0.430
126.167,-5.702,5.137,3.485,0.869,-1.223
126.200,-5.708,5.150,3.485,0.712,-1.320
126.316,-5.714,5.162,3.484,0.358,-1.394
126.334,-5.723,5.230,3.484,0.039,-1.499
126.367,-5.718,5.247,3.484,-0.312,-1.467
126.400,-5.714,5.255,3.484,-0.441,-1.434
126.502,-5.704,5.268,3.483,-0.855,-1.232
126.534,-5.667,5.281,3.481,-1.376,-0.597
126.567,-5.650,5.279,3.479,-1.409,-0.514
126.600,-5.642,5.276,3.479,-1.418,-0.489
126.731,-5.633,5.272,3.479,-1.421,-0.481
126.734,-5.610,5.254,3.478,-1.319,0.715
126.767,-5.582,5.207,3.478,-1.206,0.892
126.800,-5.578,5.196,3.478,-1.218,0.876
126.911,-5.576,5.184,3.478,-1.278,0.785
126.934,-5.584,5.111,3.480,-0.559,1.392
126.967,-5.594,5.088,3.481,-0.715,1.319
127.000,-5.601,5.078,3.482,-0.619,1.260
127.140,-5.609,5.068,3.482,-0.606,0.870
127.167,-5.701,5.020,3.479,1.327,0.700
127.200,-5.715,5.019,3.478,1.340,0.673
127.341,-5.730,5.018,3.477,1.335,0.683
127.367,-5.850,5.056,3.474,1.408,-0.517
127.400,-5.864,5.065,3.475,1.405,-0.525
127.531,-5.891,5.085,3.475,1.385,-0.576
127.534,-5.925,5.119,3.477,1.118,-1.000
127.567,-5.957,5.167,3.481,0.985,-1.131
127.600,-5.963,5.179,3.482,1.004,-1.114
127.744,-5.967,5.190,3.483,1.002,-1.116
127.767,-5.966,5.261,3.490,0.049,-1.499
127.800,-5.962,5.266,3.490,0.120,-1.495
127.922,-5.957,5.270,3.489,0.171,-1.490
127.934,-5.908,5.272,3.483,-1.384,-0.579
127.967,-5.888,5.264,3.480,-1.288,-0.520
128.000,-5.877,5.258,3.479,-0.796,-0.358
128.153,-5.866,5.251,3.478,-0.454,-0.309
128.167,-5.785,5.162,3.472,-1.001,1.117
128.200,-5.777,5.148,3.472,-0.953,1.158
128.354,-5.770,5.133,3.472,-0.921,1.184
128.367,-5.747,5.012,3.480,-0.186,1.488
128.400,-5.749,4.998,3.482,-0.108,1.496
128.541,-5.755,4.973,3.484,0.052,1.499
128.568,-5.801,4.910,3.488,0.800,1.269
128.600,-5.810,4.905,3.488,0.903,1.197
128.733,-5.829,4.898,3.487,1.070,1.052
128.734,-5.869,4.899,3.487,1.465,0.320
128.767,-5.896,4.910,3.487,1.491,0.165
128.800,-5.904,4.917,3.486,1.496,0.112
128.922,-5.919,4.932,3.486,1.499,0.056
128.934,-5.941,4.983,3.484,0.785,-1.278
128.967,-5.944,5.008,3.483,0.896,-1.203
129.000,-5.944,5.020,3.482,1.002,-1.116
129.104,-5.942,5.033,3.482,1.110,-1.009
129.134,-5.912,5.107,3.482,-0.050,-1.499
129.167,-5.895,5.127,3.482,0.254,-1.478
129.200,-5.885,5.137,3.482,0.563,-1.390
129.351,-5.863,5.153,3.482,0.911,-0.954
129.368,-5.773,5.178,3.480,-1.437,-0.430
129.400,-5.759,5.178,3.480,-1.420,-0.484
129.545,-5.746,5.176,3.479,-1.376,-0.597
129.567,-5.647,5.125,3.480,-1.282,0.779
129.600,-5.636,5.115,3.480,-1.129,0.988
129.752,-5.627,5.104,3.481,-0.586,0.898
129.767,-5.584,5.011,3.488,-0.289,1.472
129.800,-5.583,5.000,3.490,-0.085,1.498
129.947,-5.584,4.979,3.492,0.426,1.438
129.967,-5.615,4.932,3.496,1.168,0.941
130.000,-5.623,4.929,3.496,1.248,0.833
130.129,-5.639,4.927,3.496,1.360,0.633
130.134,-5.683,4.941,3.496,1.467,-0.314
130.167,-5.699,4.953,3.496,1.475,-0.271
130.200,-5.707,4.961,3.496,1.482,-0.232
130.318,-5.714,4.970,3.497,1.489,-0.180
130.334,-5.740,5.035,3.498,0.837,-1.245
130.367,-5.741,5.059,3.499,1.017,-1.103
130.400,-5.740,5.071,3.499,1.111,-1.008
130.551,-5.734,5.095,3.500,1.299,-0.749
130.567,-5.684,5.160,3.501,-0.272,-1.475
130.600,-5.673,5.166,3.500,0.099,-1.497
130.746,-5.662,5.171,3.500,0.572,-1.387
130.767,-5.552,5.175,3.492,-1.500,-0.010
130.800,-5.537,5.170,3.491,-1.500,0.008
130.931,-5.509,5.158,3.489,-0.811,0.064
130.934,-5.468,5.132,3.487,-1.168,0.941
130.967,-5.423,5.087,3.485,-0.824,1.253
131.000,-5.413,5.074,3.485,-0.498,1.415
131.129,-5.405,5.061,3.485,0.004,1.500
131.134,-5.374,4.982,3.490,-0.290,1.472
131.167,-5.371,4.959,3.493,0.147,1.493
131.200,-5.371,4.949,3.494,0.414,1.442
131.328,-5.372,4.939,3.495,0.712,1.320
131.334,-5.394,4.901,3.498,1.093,1.027
131.367,-5.405,4.896,3.498,1.236,0.850
131.400,-5.411,4.896,3.498,1.297,0.754
131.545,-5.418,4.896,3.498,1.341,0.672
131.567,-5.461,4.938,3.499,1.348,-0.658
131.600,-5.464,4.948,3.499,1.391,-0.563
131.735,-5.467,4.969,3.499,1.463,-0.332
131.767,-5.449,5.055,3.499,0.623,-1.365
131.800,-5.442,5.068,3.499,0.830,-1.250
131.947,-5.435,5.080,3.499,1.095,-1.026
131.967,-5.339,5.155,3.496,-1.020,-1.099
132.000,-5.324,5.161,3.495,-0.964,-1.149
132.135,-5.292,5.169,3.493,-0.289,-1.116
132.167,-5.178,5.162,3.490,-1.493,0.140
132.200,-5.163,5.157,3.490,-1.455,0.365
132.346,-5.148,5.151,3.490,-1.151,0.580
132.367,-5.058,5.073,3.487,-0.922,1.183
132.400,-5.045,5.049,3.486,-0.552,1.395
132.548,-5.045,5.049,3.486,-0.552,1.395
132.567,-5.037,4.961,3.487,0.380,1.451
132.600,-5.041,4.952,3.487,0.479,1.421
132.746,-5.045,4.945,3.487,0.599,1.375
132.767,-5.104,4.919,3.485,1.272,0.795
132.800,-5.112,4.920,3.484,1.256,0.820
132.950,-5.121,4.923,3.484,1.249,0.831
132.967,-5.180,4.981,3.481,1.417,-0.493
133.000,-5.185,4.992,3.481,1.456,-0.361
133.149,-5.188,5.004,3.481,1.491,-0.168
133.167,-5.182,5.114,3.478,0.366,-1.455
133.200,-5.169,5.141,3.477,0.786,-1.278
133.354,-5.162,5.154,3.476,1.137,-0.978
133.367,-5.082,5.227,3.473,-1.076,-1.045
133.400,-5.053,5.241,3.472,-1.119,-0.999
133.553,-5.039,5.245,3.471,-0.599,-0.551
133.567,-4.935,5.250,3.471,-1.497,0.102
133.600,-4.922,5.246,3.471,-1.448,0.393
133.749,-4.897,5.236,3.472,-0.867,1.153
133.767,-4.837,5.177,3.472,-0.685,1.335
133.800,-4.832,5.167,3.471,-0.509,1.411
133.951,-4.829,5.157,3.471,-0.306,1.468
133.967,-4.839,5.080,3.474,0.410,1.443
134.000,-4.845,5.073,3.475,0.487,1.419
134.145,-4.851,5.067,3.475,0.557,1.393
134.168,-4.919,5.050,3.479,1.297,0.754
134.200,-4.937,5.056,3.479,1.248,0.832
134.344,-4.937,5.056,3.479,1.248,0.832
134.367,-4.993,5.122,3.480,1.496,-0.106
134.400,-4.996,5.134,3.480,1.498,0.084
134.528,-4.999,5.147,3.480,1.461,0.341
134.534,-4.995,5.233,3.477,1.026,-1.094
134.568,-4.986,5.263,3.476,1.388,-0.569
134.600,-4.972,5.292,3.475,1.285,0.153
134.732,-4.972,5.292,3.475,1.285,0.153
134.734,-4.931,5.346,3.473,-0.093,-0.753
134.767,-4.875,5.390,3.470,-1.162,-0.949
134.800,-4.859,5.398,3.470,-0.721,-0.601
134.895,-4.843,5.406,3.469,-0.158,-0.074
134.900,-4.770,5.428,3.469,-1.416,-0.494
134.934,-4.732,5.433,3.470,-1.494,-0.135
134.967,-4.694,5.435,3.471,-0.981,0.499
135.001,-4.657,5.432,3.474,-0.277,0.730
135.126,-4.640,5.429,3.475,0.095,0.833
135.134,-4.563,5.405,3.484,-1.366,0.620
135.167,-4.539,5.393,3.489,-1.238,0.847
135.200,-4.528,5.387,3.491,-1.144,0.970
135.316,-4.519,5.380,3.493,-0.935,1.173
135.334,-4.484,5.347,3.504,-0.756,1.295
135.367,-4.480,5.340,3.507,-0.390,1.448
135.400,-4.480,5.338,3.508,-0.135,1.494
135.519,-4.481,5.336,3.509,0.162,1.491
135.534,-4.506,5.344,3.510,1.455,0.364
135.567,-4.520,5.355,3.509,1.428,0.458
135.600,-4.528,5.362,3.508,1.461,0.341
135.704,-4.536,5.370,3.508,1.439,0.423
135.734,-4.589,5.437,3.507,1.225,-0.866
135.767,-4.605,5.466,3.508,1.328,-0.697
135.800,-4.613,5.481,3.509,1.338,-0.678
135.923,-4.625,5.512,3.511,1.425,-0.467
135.934,-4.640,5.590,3.518,0.516,-1.409
135.967,-4.640,5.619,3.521,0.650,-1.352
136.000,-4.638,5.632,3.522,0.717,-1.318
136.139,-4.635,5.645,3.523,0.851,-1.235
136.167,-4.579,5.715,3.521,-0.649,-1.352
136.200,-4.569,5.719,3.519,-0.523,-1.406
136.338,-4.558,5.722,3.518,-0.317,-1.466
136.367,-4.461,5.705,3.505,-1.485,0.210
136.400,-4.449,5.698,3.504,-1.491,0.161
136.540,-4.438,5.690,3.502,-1.495,0.120
136.567,-4.372,5.595,3.493,-0.819,1.257
136.600,-4.367,5.581,3.492,-0.751,1.299
136.732,-4.362,5.552,3.490,-0.346,1.337
136.734,-4.363,5.498,3.489,0.175,1.490
136.767,-4.374,5.462,3.489,0.430,1.437
136.800,-4.379,5.451,3.489,0.620,1.366
136.899,-4.386,5.441,3.488,0.833,1.247
136.901,-4.401,5.425,3.488,1.059,1.062
136.934,-4.436,5.403,3.487,1.285,0.773
136.967,-4.455,5.399,3.487,1.391,0.561
137.000,-4.464,5.399,3.487,1.424,0.470
137.087,-4.473,5.399,3.487,1.456,0.361
137.100,-4.506,5.412,3.487,1.453,-0.373
137.134,-4.518,5.424,3.488,1.447,-0.394
137.167,-4.527,5.439,3.488,1.438,-0.427
137.200,-4.530,5.448,3.488,1.455,-0.366
137.292,-4.532,5.457,3.487,1.463,-0.331
137.300,-4.530,5.495,3.487,0.323,-1.465
137.334,-4.523,5.515,3.487,0.488,-1.418
137.367,-4.511,5.534,3.486,0.755,-1.296
137.400,-4.503,5.543,3.486,0.984,-1.132
137.537,-4.495,5.552,3.486,1.170,-0.938
137.567,-4.398,5.595,3.484,-1.321,-0.710
137.600,-4.384,5.596,3.484,-1.302,-0.745
137.686,-4.369,5.596,3.483,-1.230,-0.858
137.700,-4.308,5.587,3.483,-1.485,-0.212
137.734,-4.277,5.576,3.484,-1.494,-0.129
137.767,-4.247,5.562,3.485,-0.617,0.097
137.800,-4.233,5.553,3.486,-0.116,0.298
137.945,-4.220,5.544,3.487,0.295,0.280
137.967,-4.139,5.455,3.500,-0.727,1.312
138.000,-4.133,5.444,3.503,-0.521,1.407
138.104,-4.129,5.432,3.505,-0.274,1.475
138.134,-4.118,5.371,3.520,0.147,1.493
138.168,-4.121,5.355,3.525,0.539,1.400
138.200,-4.124,5.348,3.527,0.766,1.290
138.310,-4.127,5.342,3.529,0.939,1.170
138.334,-4.156,5.327,3.539,1.302,0.744
138.367,-4.167,5.330,3.541,1.360,0.633
138.400,-4.173,5.333,3.543,1.369,0.612
138.519,-4.178,5.337,3.544,1.374,0.601
138.534,-4.200,5.382,3.548,1.251,-0.827
138.567,-4.202,5.403,3.549,1.398,-0.544
138.600,-4.201,5.415,3.549,1.462,-0.333
138.725,-4.200,5.427,3.549,1.495,-0.125
138.734,-4.169,5.504,3.548,-0.242,-1.480
138.767,-4.151,5.528,3.547,0.057,-1.499
138.800,-4.140,5.540,3.547,0.404,-1.445
138.886,-4.128,5.551,3.546,0.884,-1.212
138.900,-4.073,5.589,3.543,-1.132,-0.984
138.934,-4.042,5.603,3.541,-1.055,-1.066
138.967,-4.009,5.613,3.540,-0.338,-0.627
139.000,-3.993,5.617,3.539,0.172,-0.168
139.115,-3.976,5.619,3.539,0.614,0.111
139.134,-3.885,5.612,3.539,-1.454,0.369
139.167,-3.859,5.602,3.539,-1.342,0.670
139.200,-3.847,5.595,3.540,-1.079,1.042
139.316,-3.837,5.588,3.540,-0.497,1.255
139.334,-3.789,5.538,3.543,-0.609,1.371
139.367,-3.781,5.521,3.545,-0.167,1.491
139.400,-3.778,5.512,3.545,0.176,1.490
139.523,-3.777,5.504,3.546,0.472,1.424
139.534,-3.785,5.469,3.551,0.656,1.349
139.567,-3.793,5.463,3.552,0.873,1.220
139.600,-3.798,5.462,3.552,0.973,1.141
139.715,-3.803,5.462,3.553,1.048,1.073
139.734,-3.838,5.483,3.554,1.500,0.021
139.767,-3.848,5.499,3.553,1.485,0.213
139.800,-3.853,5.508,3.553,1.473,0.281
139.910,-3.856,5.518,3.553,1.448,0.390
139.934,-3.863,5.594,3.550,0.732,-1.310
139.967,-3.859,5.623,3.548,1.132,-0.984
140.000,-3.855,5.637,3.547,1.303,-0.743
140.121,-3.849,5.652,3.547,1.449,-0.387
140.134,-3.798,5.736,3.542,-0.601,-1.374
140.167,-3.773,5.760,3.540,-0.415,-1.441
140.200,-3.760,5.770,3.540,-0.177,-1.490
140.332,-3.746,5.780,3.539,0.335,-1.403
140.334,-3.731,5.790,3.538,-0.726,-1.312
140.367,-3.619,5.825,3.531,-1.427,-0.463
140.400,-3.603,5.826,3.531,-1.466,-0.316
140.505,-3.588,5.826,3.530,-1.020,-0.021
140.534,-3.510,5.803,3.524,-1.328,0.698
140.567,-3.491,5.789,3.521,-0.899,1.200
140.600,-3.483,5.780,3.520,-0.435,1.436
140.710,-3.476,5.772,3.519,0.148,1.493
140.734,-3.458,5.713,3.514,0.063,1.499
140.767,-3.461,5.695,3.513,0.438,1.435
140.800,-3.463,5.687,3.512,0.620,1.366
140.915,-3.467,5.679,3.512,0.779,1.282
140.934,-3.504,5.649,3.512,1.169,0.939
140.967,-3.520,5.647,3.512,1.214,0.881
141.000,-3.527,5.647,3.512,1.236,0.851
141.122,-3.535,5.649,3.512,1.241,0.842
141.134,-3.572,5.680,3.513,1.406,-0.523
141.167,-3.579,5.698,3.512,1.478,-0.258
141.200,-3.581,5.708,3.511,1.496,-0.111
141.322,-3.582,5.719,3.511,1.498,0.078
141.334,-3.568,5.793,3.506,0.205,-1.486
141.368,-3.555,5.818,3.505,0.607,-1.372
141.400,-3.546,5.831,3.504,0.892,-1.206
141.524,-3.537,5.843,3.503,1.258,-0.818
141.534,-3.461,5.906,3.497,-1.095,-1.025
141.567,-3.430,5.921,3.496,-1.063,-1.058
141.600,-3.414,5.927,3.495,-1.025,-1.095
141.728,-3.398,5.932,3.495,-0.375,-0.625
141.734,-3.298,5.940,3.495,-1.500,0.010
141.767,-3.268,5.935,3.496,-1.475,0.273
141.800,-3.253,5.931,3.496,-1.360,0.633
141.938,-3.240,5.926,3.496,-0.900,1.004
141.968,-3.162,5.861,3.496,-0.759,1.294
142.000,-3.157,5.851,3.496,-0.548,1.396
142.099,-3.153,5.842,3.496,-0.263,1.477
142.100,-3.150,5.832,3.496,-0.177,1.489
142.134,-3.152,5.790,3.497,0.274,1.475
142.167,-3.159,5.777,3.497,0.581,1.383
142.200,-3.164,5.772,3.497,0.725,1.313
142.319,-3.170,5.768,3.497,0.838,1.244
142.334,-3.215,5.763,3.497,1.467,0.313
142.367,-3.232,5.770,3.497,1.439,0.424
142.400,-3.240,5.775,3.497,1.423,0.475
142.557,-3.247,5.781,3.498,1.394,0.555
142.567,-3.288,5.862,3.497,0.923,-1.182
142.600,-3.289,5.875,3.497,1.039,-1.082
142.710,-3.289,5.888,3.497,1.196,-0.905
142.735,-3.269,5.968,3.497,0.241,-1.480
142.767,-3.254,5.994,3.498,0.746,-1.302
142.800,-3.236,6.016,3.498,1.196,-0.607
142.959,-3.236,6.016,3.498,1.196,-0.607
142.968,-3.136,6.074,3.497,-1.277,-0.786
143.000,-3.122,6.077,3.496,-1.308,-0.734
143.147,-3.107,6.079,3.496,-1.331,-0.691
143.167,-2.988,6.053,3.496,-1.335,0.684
143.200,-2.975,6.045,3.496,-1.203,0.896
143.309,-2.962,6.037,3.497,-0.981,1.134
143.335,-2.899,5.976,3.501,-0.640,1.356
143.367,-2.886,5.953,3.503,-0.166,1.491
143.400,-2.876,5.931,3.506,0.323,1.465
143.556,-2.876,5.931,3.506,0.323,1.465
143.567,-2.876,5.868,3.515,0.452,1.430
143.600,-2.880,5.864,3.516,0.560,1.391
143.753,-2.888,5.858,3.517,0.766,1.290
143.767,-2.926,5.874,3.518,1.488,0.188
143.800,-2.936,5.889,3.518,1.443,0.411
143.956,-2.936,5.889,3.518,1.443,0.411
143.967,-2.957,5.983,3.515,0.827,-1.252
144.000,-2.955,6.013,3.515,1.203,-0.896
144.148,-2.952,6.028,3.514,1.406,-0.524
144.167,-2.909,6.130,3.517,-0.389,-1.449
144.200,-2.899,6.143,3.517,-0.257,-1.478
144.352,-2.878,6.166,3.518,0.388,-1.449
144.367,-2.787,6.218,3.519,-1.342,-0.671
144.400,-2.760,6.224,3.519,-1.427,-0.463
144.560,-2.760,6.224,3.519,-1.427,-0.463
144.567,-2.670,6.204,3.518,-1.322,0.709
144.600,-2.662,6.198,3.517,-1.216,0.879
144.720,-2.655,6.190,3.517,-1.023,1.097
144.734,-2.634,6.137,3.514,-0.294,1.471
144.767,-2.635,6.117,3.513,0.060,1.499
144.800,-2.638,6.108,3.513,0.262,1.477
144.922,-2.645,6.090,3.512,0.615,1.368
144.934,-2.681,6.055,3.512,1.029,1.092
144.967,-2.699,6.048,3.512,1.077,1.044
145.000,-2.709,6.045,3.512,1.100,1.020
145.148,-2.719,6.043,3.512,1.106,1.014
145.167,-2.792,6.069,3.514,1.489,0.178
145.200,-2.799,6.077,3.514,1.478,0.254
145.353,-2.805,6.085,3.514,1.454,0.369
145.367,-2.817,6.176,3.507,0.531,-1.403
145.400,-2.814,6.189,3.506,0.688,-1.333
145.551,-2.810,6.203,3.505,0.932,-1.175
145.568,-2.737,6.302,3.497,-0.793,-1.273
145.600,-2.724,6.312,3.496,-0.744,-1.303
145.750,-2.711,6.322,3.496,-0.610,-1.371
145.767,-2.595,6.365,3.496,-1.457,-0.358
145.800,-2.568,6.365,3.497,-1.500,-0.006
145.943,-2.568,6.365,3.497,-1.500,-0.006
145.967,-2.489,6.329,3.495,-0.963,1.150
146.000,-2.480,6.312,3.493,-0.256,1.478
146.151,-2.480,6.312,3.493,-0.256,1.478
146.167,-2.485,6.237,3.489,0.483,1.420
146.200,-2.491,6.228,3.488,0.586,1.381
146.355,-2.497,6.220,3.488,0.682,1.336
146.367,-2.572,6.185,3.488,1.217,0.877
146.400,-2.582,6.185,3.489,1.218,0.875
146.533,-2.593,6.187,3.489,1.206,0.892
146.534,-2.603,6.189,3.489,1.436,0.433
146.567,-2.662,6.233,3.489,1.500,-0.025
146.602,-2.673,6.254,3.488,1.485,0.212
146.753,-2.676,6.265,3.488,1.453,0.372
146.768,-2.672,6.356,3.481,0.561,-1.391
146.800,-2.667,6.370,3.480,0.784,-1.279
146.943,-2.661,6.383,3.480,1.114,-1.004
146.967,-2.577,6.475,3.473,-0.704,-1.324
147.000,-2.563,6.484,3.473,-0.590,-1.379
147.128,-2.548,6.492,3.472,-0.169,-1.141
147.134,-2.455,6.518,3.471,-1.456,-0.362
147.167,-2.424,6.519,3.471,-1.495,-0.122
147.200,-2.409,6.518,3.471,-1.479,0.249
147.283,-2.394,6.516,3.472,-0.874,0.641
147.300,-2.333,6.490,3.473,-1.088,1.032
147.334,-2.324,6.483,3.473,-0.850,1.236
147.368,-2.307,6.466,3.473,-0.138,1.494
147.400,-2.301,6.457,3.474,0.185,1.489
147.493,-2.295,6.448,3.474,0.478,1.422
147.500,-2.285,6.412,3.479,0.057,1.499
147.534,-2.286,6.395,3.482,0.314,1.467
147.567,-2.289,6.381,3.485,0.588,1.380
147.600,-2.292,6.375,3.487,0.705,1.324
147.707,-2.300,6.366,3.490,0.876,1.218
147.734,-2.324,6.360,3.498,1.288,0.769
147.767,-2.334,6.364,3.500,1.248,0.831
147.800,-2.339,6.368,3.502,1.237,0.848
147.942,-2.347,6.380,3.504,1.205,0.894
147.967,-2.354,6.448,3.507,1.476,0.268
148.000,-2.352,6.461,3.507,1.443,0.408
148.106,-2.345,6.488,3.506,1.350,0.654
148.134,-2.309,6.563,3.502,-0.295,-1.471
148.167,-2.287,6.593,3.501,0.216,-1.356
148.200,-2.275,6.609,3.500,0.567,-0.647
148.332,-2.262,6.624,3.499,0.857,-0.075
148.334,-2.247,6.639,3.499,-0.600,-1.375
148.367,-2.130,6.731,3.499,-1.175,-0.932
148.400,-2.112,6.742,3.500,-1.195,-0.906
148.496,-2.093,6.752,3.501,-1.218,-0.875
148.500,-2.023,6.782,3.506,-1.378,-0.592
148.534,-1.990,6.792,3.509,-1.456,-0.359
148.567,-1.960,6.797,3.512,-0.839,0.305
148.600,-1.946,6.799,3.513,-0.223,0.704
148.711,-1.933,6.799,3.514,0.269,0.920
148.734,-1.875,6.784,3.520,-0.741,1.304
148.767,-1.865,6.774,3.522,0.035,1.500
148.800,-1.861,6.769,3.523,0.342,1.460
148.903,-1.859,6.763,3.524,0.582,1.382
148.934,-1.863,6.733,3.534,0.531,1.403
148.967,-1.870,6.726,3.538,0.749,1.299
149.000,-1.874,6.724,3.540,0.837,1.245
149.111,-1.879,6.723,3.543,0.896,1.203
149.134,-1.908,6.735,3.554,1.470,0.296
149.167,-1.915,6.747,3.557,1.400,0.538
149.200,-1.919,6.755,3.558,1.366,0.620
149.322,-1.921,6.763,3.559,1.310,0.731
149.334,-1.922,6.832,3.561,0.532,-1.402
149.367,-1.916,6.860,3.560,0.937,-1.171
149.400,-1.911,6.875,3.560,1.185,-0.919
149.526,-1.905,6.890,3.559,1.437,-0.431
149.534,-1.850,6.980,3.558,-0.658,-1.348
149.567,-1.825,7.007,3.557,-0.582,-1.382
149.600,-1.811,7.020,3.557,-0.463,-1.427
149.731,-1.797,7.031,3.557,-0.119,-1.293
149.734,-1.721,7.078,3.557,-1.298,-0.752
149.767,-1.675,7.094,3.557,-1.357,-0.639
149.800,-1.660,7.097,3.557,-1.424,-0.470
149.927,-1.646,7.099,3.557,-1.033,-0.073
149.934,-1.577,7.091,3.554,-1.324,0.705
149.967,-1.561,7.081,3.551,-0.954,1.158
150.000,-1.555,7.075,3.550,-0.490,1.418
150.117,-1.550,7.069,3.548,-0.037,1.500
150.134,-1.542,7.020,3.541,0.236,1.481
150.167,-1.549,7.004,3.539,0.464,1.427
150.200,-1.553,6.997,3.538,0.580,1.383
150.328,-1.559,6.990,3.538,0.679,1.338
150.334,-1.606,6.964,3.536,1.250,0.830
150.367,-1.624,6.963,3.536,1.234,0.852
150.400,-1.633,6.964,3.536,1.224,0.867
150.542,-1.642,6.966,3.536,1.199,0.901
150.567,-1.695,7.018,3.533,1.400,-0.540
150.600,-1.698,7.029,3.532,1.456,-0.360
150.726,-1.701,7.040,3.531,1.496,-0.112
150.734,-1.692,7.117,3.525,0.182,-1.489
150.767,-1.681,7.143,3.522,0.502,-1.414
150.800,-1.674,7.157,3.521,0.784,-1.279
150.935,-1.665,7.170,3.520,1.217,-0.877
150.967,-1.567,7.250,3.511,-1.214,-0.881
151.000,-1.552,7.257,3.509,-1.247,-0.833
151.141,-1.537,7.262,3.508,-1.293,-0.761
151.167,-1.415,7.265,3.505,-1.463,0.329
151.200,-1.401,7.261,3.505,-1.413,0.503
151.346,-1.388,7.256,3.505,-1.290,0.765
151.367,-1.311,7.190,3.505,-0.875,1.218
151.400,-1.306,7.181,3.505,-0.681,1.337
151.550,-1.301,7.171,3.505,-0.426,1.438
151.567,-1.306,7.105,3.506,0.422,1.440
151.600,-1.317,7.095,3.505,0.607,1.372
151.749,-1.323,7.091,3.505,0.684,1.335
151.767,-1.384,7.094,3.501,1.432,0.447
151.800,-1.394,7.099,3.500,1.406,0.523
151.948,-1.403,7.105,3.500,1.363,0.627
151.967,-1.465,7.188,3.495,1.257,-0.818
152.000,-1.470,7.201,3.495,1.348,-0.659
152.151,-1.473,7.215,3.494,1.443,-0.410
152.167,-1.467,7.333,3.493,0.136,-1.494
152.200,-1.461,7.347,3.493,0.269,-1.476
152.348,-1.455,7.360,3.493,0.517,-1.408
152.367,-1.371,7.434,3.488,-1.003,-1.115
152.400,-1.359,7.439,3.487,-1.010,-1.109
152.550,-1.332,7.446,3.485,0.014,-0.008
152.567,-1.241,7.433,3.481,-1.340,0.674
152.600,-1.220,7.420,3.480,-0.848,1.237
152.755,-1.210,7.413,3.479,-0.397,1.447
152.767,-1.169,7.340,3.478,-0.230,1.482
152.800,-1.167,7.329,3.478,-0.073,1.498
152.955,-1.166,7.317,3.478,0.106,1.496
152.967,-1.194,7.245,3.482,0.733,1.309
153.000,-1.201,7.240,3.482,0.769,1.288
153.155,-1.216,7.232,3.483,0.842,1.241
153.167,-1.272,7.238,3.486,1.496,0.108
153.200,-1.286,7.249,3.486,1.464,0.325
153.346,-1.292,7.257,3.486,1.426,0.467
153.367,-1.315,7.332,3.485,1.202,-0.898
153.400,-1.314,7.345,3.485,1.340,-0.675
153.547,-1.313,7.358,3.484,1.466,-0.319
153.567,-1.265,7.463,3.483,-0.420,-1.440
153.600,-1.243,7.485,3.482,-0.156,-1.492
153.748,-1.243,7.485,3.482,-0.156,-1.492
153.767,-1.129,7.537,3.479,-1.443,-0.409
153.800,-1.098,7.540,3.479,-1.500,-0.035
153.959,-1.083,7.540,3.479,-1.345,0.405
153.967,-0.992,7.512,3.479,-1.250,0.829
154.000,-0.982,7.504,3.479,-1.088,1.033
154.136,-0.973,7.496,3.479,-0.816,1.259
154.167,-0.939,7.423,3.479,-0.180,1.489
154.200,-0.940,7.414,3.479,-0.022,1.500
154.355,-0.942,7.406,3.480,0.145,1.493
154.367,-0.990,7.365,3.480,0.988,1.129
154.400,-0.999,7.364,3.480,1.001,1.117
154.516,-1.018,7.365,3.479,1.015,1.104
154.534,-1.066,7.388,3.478,1.481,-0.235
154.567,-1.083,7.404,3.478,1.500,0.023
154.600,-1.091,7.413,3.478,1.491,0.160
154.742,-1.099,7.424,3.478,1.459,0.349
154.767,-1.125,7.529,3.476,1.213,-0.882
154.801,-1.122,7.557,3.475,1.425,-0.467
154.957,-1.118,7.571,3.475,1.496,-0.108
154.967,-1.065,7.659,3.472,-0.757,-1.295
155.000,-1.053,7.669,3.472,-0.714,-1.319
155.154,-1.041,7.678,3.471,-0.610,-1.370
155.167,-0.920,7.717,3.467,-1.478,-0.255
155.200,-0.904,7.718,3.467,-1.493,-0.148
155.355,-0.889,7.717,3.467,-1.500,0.004
155.367,-0.785,7.677,3.468,-1.254,0.824
155.400,-0.776,7.668,3.468,-1.167,0.943
155.548,-0.768,7.660,3.468,-1.029,1.092
155.567,-0.745,7.584,3.468,-0.081,1.498
155.600,-0.747,7.575,3.468,0.052,1.499
155.752,-0.750,7.567,3.468,0.192,1.488
155.767,-0.808,7.531,3.466,1.274,0.792
155.800,-0.818,7.530,3.465,1.253,0.825
155.948,-0.828,7.531,3.465,1.220,0.873
155.967,-0.910,7.575,3.464,1.484,-0.216
156.000,-0.918,7.585,3.465,1.497,-0.091
156.117,-0.926,7.596,3.465,1.498,0.084
156.134,-0.954,7.670,3.466,1.037,-1.084
156.167,-0.955,7.697,3.467,1.285,-0.774
156.200,-0.954,7.710,3.467,1.403,-0.532
156.321,-0.952,7.723,3.467,1.490,-0.169
156.334,-0.917,7.794,3.469,-0.455,-1.429
156.367,-0.897,7.812,3.468,-0.199,-1.487
156.400,-0.886,7.820,3.468,0.119,-1.066
156.501,-0.874,7.827,3.468,0.495,-0.337
156.534,-0.790,7.847,3.464,-1.499,-0.058
156.567,-0.759,7.846,3.463,-1.207,0.675
156.600,-0.744,7.844,3.463,-0.520,1.040
156.742,-0.729,7.840,3.463,0.037,1.194
156.767,-0.627,7.785,3.471,-0.987,1.129
156.800,-0.618,7.777,3.473,-0.831,1.249
156.941,-0.609,7.768,3.475,-0.604,1.373
156.967,-0.574,7.715,3.494,-0.298,1.470
157.000,-0.574,7.712,3.496,-0.109,1.496
157.148,-0.575,7.709,3.497,0.091,1.497
157.167,-0.609,7.726,3.500,1.413,0.504
157.200,-0.616,7.733,3.499,1.370,0.610
157.354,-0.623,7.741,3.498,1.301,0.746
157.367,-0.685,7.843,3.495,0.935,-1.173
157.400,-0.692,7.859,3.495,1.015,-1.104
157.523,-0.698,7.875,3.495,1.129,-0.987
157.534,-0.717,7.980,3.502,0.706,-1.324
157.567,-0.717,8.013,3.505,0.914,-1.190
157.600,-0.715,8.029,3.507,1.109,-1.010
157.708,-0.712,8.045,3.508,1.316,-0.720
157.734,-0.678,8.121,3.513,-0.130,-1.494
157.767,-0.660,8.138,3.514,0.325,-1.464
157.800,-0.651,8.146,3.514,0.696,-0.767
157.922,-0.640,8.152,3.513,0.936,-0.118
157.934,-0.569,8.166,3.507,-1.500,-0.013
157.967,-0.543,8.162,3.505,-1.406,0.523
158.000,-0.530,8.158,3.504,-1.128,0.989
158.140,-0.517,8.153,3.503,-0.400,1.153
158.167,-0.425,8.085,3.505,-0.941,1.168
158.200,-0.415,8.074,3.506,-0.795,1.272
158.326,-0.407,8.064,3.508,-0.587,1.380
158.334,-0.375,8.008,3.520,-0.545,1.397
158.367,-0.371,7.994,3.523,-0.253,1.478
158.400,-0.371,7.988,3.525,-0.066,1.499
158.551,-0.371,7.984,3.526,0.132,1.494
158.567,-0.402,7.982,3.526,1.381,0.586
158.600,-0.408,7.987,3.525,1.340,0.674
158.747,-0.415,7.993,3.524,1.279,0.784
158.767,-0.473,8.077,3.519,1.194,-0.909
158.800,-0.479,8.092,3.518,1.286,-0.772
158.949,-0.485,8.107,3.518,1.396,-0.549
158.967,-0.498,8.233,3.523,0.842,-1.241
159.000,-0.496,8.248,3.523,1.060,-1.061
159.132,-0.487,8.276,3.525,1.440,-0.419
159.134,-0.468,8.313,3.525,-0.403,-1.445
159.167,-0.429,8.350,3.523,-0.562,-1.391
159.200,-0.418,8.356,3.522,-0.228,-1.136
159.352,-0.406,8.362,3.520,0.286,-0.368
159.367,-0.298,8.364,3.509,-1.489,0.184
159.400,-0.285,8.360,3.507,-1.445,0.403
159.535,-0.273,8.354,3.506,-1.306,0.738
159.567,-0.198,8.277,3.497,-0.672,1.341
159.600,-0.193,8.265,3.496,-0.501,1.414
159.725,-0.185,8.241,3.495,-0.061,1.499
159.734,-0.185,8.184,3.494,0.173,1.490
159.767,-0.192,8.164,3.494,0.355,1.457
159.800,-0.196,8.156,3.494,0.457,1.429
159.939,-0.208,8.142,3.493,0.642,1.355
159.968,-0.261,8.123,3.492,1.183,0.923
160.000,-0.270,8.125,3.492,1.171,0.937
160.127,-0.285,8.132,3.492,1.135,0.981
160.134,-0.317,8.167,3.490,1.373,-0.603
160.167,-0.325,8.187,3.489,1.481,-0.237
160.200,-0.328,8.198,3.489,1.500,-0.015
160.340,-0.329,8.211,3.488,1.476,0.268
160.367,-0.307,8.320,3.482,0.119,-1.495
160.400,-0.300,8.334,3.482,0.306,-1.468
160.538,-0.291,8.348,3.481,0.701,-1.326
160.567,-0.190,8.436,3.477,-1.156,-0.956
160.600,-0.175,8.444,3.476,-1.193,-0.909
160.729,-0.159,8.450,3.476,-1.246,-0.836
160.734,-0.065,8.470,3.478,-1.495,-0.128
160.767,-0.036,8.468,3.480,-1.493,0.145
160.800,-0.022,8.466,3.480,-1.422,0.477
160.935,-0.009,8.462,3.481,-1.188,0.916
160.968,0.061,8.412,3.484,-0.537,1.401
161.001,0.069,8.396,3.484,-0.036,1.500
161.146,0.071,8.387,3.485,0.209,1.485
161.167,0.055,8.338,3.488,0.631,1.361
161.200,0.050,8.333,3.489,0.687,1.334
161.354,0.043,8.329,3.490,0.731,1.310
161.368,-0.023,8.332,3.495,1.285,0.773
161.400,-0.032,8.337,3.495,1.260,0.813
161.547,-0.040,8.344,3.496,1.212,0.884
161.567,-0.084,8.427,3.496,1.233,-0.855
161.600,-0.086,8.441,3.495,1.357,-0.639
161.741,-0.086,8.470,3.494,1.500,-0.019
161.767,-0.055,8.580,3.491,0.140,-1.493
161.800,-0.046,8.595,3.490,0.323,-1.465
161.963,-0.026,8.623,3.489,0.908,-0.781
161.967,0.039,8.681,3.486,-1.009,-1.110
162.001,0.100,8.711,3.483,-0.479,-0.298
162.163,0.100,8.711,3.483,-0.479,-0.298
162.167,0.192,8.724,3.481,-1.490,0.172
162.200,0.232,8.715,3.481,-1.400,0.538
162.349,0.244,8.711,3.480,-1.262,0.810
162.368,0.306,8.646,3.476,-0.615,1.368
162.400,0.309,8.635,3.475,-0.479,1.422
162.567,0.312,8.615,3.474,-0.076,1.498
162.601,0.274,8.537,3.473,0.569,1.388
162.759,0.266,8.532,3.473,0.590,1.379
162.767,0.197,8.523,3.472,1.382,0.582
162.800,0.186,8.526,3.471,1.337,0.681
162.935,0.176,8.530,3.471,1.270,0.798
162.967,0.101,8.600,3.471,1.371,-0.610
163.000,0.095,8.613,3.471,1.422,-0.477
163.115,0.088,8.626,3.471,1.481,-0.236
163.134,0.071,8.711,3.474,0.596,-1.377
163.167,0.073,8.740,3.475,0.878,-1.216
163.200,0.076,8.753,3.476,1.035,-1.086
163.307,0.079,8.767,3.476,0.897,-0.329
163.334,0.121,8.832,3.478,-0.379,-1.451
163.367,0.141,8.847,3.478,-0.162,-0.201
163.400,0.153,8.853,3.478,-0.261,0.249
163.504,0.165,8.858,3.478,-0.110,0.611
163.534,0.245,8.865,3.478,-1.486,0.206
163.567,0.272,8.860,3.480,-1.325,0.703
163.600,0.286,8.857,3.482,-1.197,0.904
163.746,0.299,8.852,3.483,-0.989,1.127
163.767,0.386,8.808,3.504,-1.116,1.002
163.800,0.400,8.798,3.510,-0.964,1.149
163.950,0.400,8.798,3.510,-0.964,1.149
163.967,0.418,8.781,3.529,-0.739,1.305
164.000,0.415,8.782,3.530,-0.705,1.324
164.166,0.412,8.784,3.531,-0.627,1.363
164.167,0.408,8.787,3.531,0.203,1.231
164.200,0.344,8.844,3.524,1.310,-0.731
164.349,0.333,8.855,3.522,1.393,-0.557
164.367,0.231,8.973,3.511,1.068,-1.053
164.400,0.218,8.991,3.510,1.086,-1.035
164.561,0.205,9.009,3.510,1.145,-0.970
164.567,0.120,9.166,3.519,0.779,-1.282
164.600,0.107,9.204,3.523,0.766,-1.290
164.756,0.101,9.222,3.525,0.782,-1.280
164.767,0.088,9.327,3.535,0.187,-1.488
164.800,0.090,9.339,3.535,0.073,-1.498
164.921,0.096,9.358,3.535,-0.278,-1.474
164.935,0.124,9.387,3.530,-1.265,-0.805
164.967,0.139,9.391,3.526,-1.485,-0.208
165.000,0.147,9.392,3.525,-1.492,0.154
165.161,0.155,9.391,3.523,-1.432,0.446
165.167,0.219,9.348,3.518,-1.127,0.990
165.200,0.225,9.339,3.518,-1.123,0.995
165.357,0.231,9.330,3.518,-1.112,1.007
165.367,0.241,9.253,3.524,-0.238,1.481
165.400,0.237,9.245,3.525,-0.324,1.465
165.565,0.233,9.238,3.526,-0.410,1.443
165.567,0.222,9.225,3.526,0.267,1.476
165.600,0.147,9.210,3.523,0.595,1.377
165.750,0.147,9.210,3.523,0.595,1.377
165.767,0.055,9.264,3.512,1.421,-0.481
165.800,0.044,9.276,3.510,1.444,-0.406
165.967,0.034,9.288,3.509,1.172,-0.073
166.000,-0.028,9.435,3.500,0.364,-1.455
166.132,-0.031,9.452,3.500,0.235,-1.481
166.134,-0.033,9.503,3.500,-0.036,-1.500
166.167,-0.017,9.577,3.501,-0.470,-1.424
166.200,-0.012,9.589,3.501,-0.749,-1.300
166.364,-0.005,9.601,3.501,-1.034,-1.087
166.367,0.021,9.630,3.501,-1.204,-0.895
166.400,0.084,9.663,3.500,-1.436,-0.432
166.555,0.095,9.665,3.500,-1.466,-0.319
166.567,0.168,9.646,3.501,-1.440,0.420
166.600,0.174,9.640,3.501,-1.427,0.462
166.764,0.179,9.633,3.501,-1.415,0.497
166.767,0.189,9.608,3.500,-0.911,1.191
166.800,0.178,9.547,3.497,-0.721,1.316
166.965,0.172,9.537,3.496,-0.819,1.257
166.967,0.166,9.527,3.496,-0.480,1.421
167.000,0.078,9.467,3.490,0.553,1.394
167.164,0.064,9.463,3.489,0.302,1.469
167.167,0.001,9.457,3.485,1.342,0.671
167.200,-0.083,9.473,3.479,1.472,0.289
167.347,-0.100,9.479,3.478,1.411,0.508
167.368,-0.226,9.567,3.471,1.360,-0.632
167.400,-0.239,9.581,3.471,1.355,-0.643
167.564,-0.252,9.596,3.470,1.379,-0.591
167.567,-0.264,9.612,3.470,1.122,-0.996
167.600,-0.324,9.740,3.472,0.415,-1.441
167.743,-0.327,9.754,3.473,0.291,-1.472
167.767,-0.315,9.843,3.474,-0.730,-1.310
167.801,-0.309,9.850,3.473,-1.013,-1.107
167.966,-0.295,9.860,3.471,-1.404,-0.528
167.968,-0.278,9.866,3.469,-1.475,-0.273
168.000,-0.216,9.856,3.461,-1.475,0.274
168.135,-0.195,9.843,3.459,-1.445,0.403
168.168,-0.138,9.773,3.455,-1.062,1.059
168.200,-0.133,9.760,3.455,-1.087,1.033
168.349,-0.130,9.747,3.454,-1.125,0.992
168.367,-0.137,9.645,3.456,-0.353,1.458
168.400,-0.143,9.635,3.456,-0.463,1.427
168.555,-0.157,9.615,3.457,-0.727,1.312
168.567,-0.229,9.576,3.454,0.828,1.251
168.600,-0.242,9.575,3.454,0.605,1.373
168.755,-0.255,9.574,3.453,0.222,1.484
168.767,-0.357,9.612,3.448,1.423,-0.474
168.800,-0.368,9.622,3.448,1.432,-0.447
168.958,-0.379,9.632,3.447,1.458,-0.352
168.967,-0.433,9.741,3.445,0.642,-1.355
169.000,-0.436,9.756,3.445,0.434,-1.436
169.162,-0.437,9.771,3.445,0.117,-1.495
169.167,-0.424,9.853,3.448,-0.632,-1.360
169.200,-0.405,9.884,3.449,-0.791,-1.275
169.359,-0.397,9.893,3.449,-0.977,-1.138
169.367,-0.320,9.922,3.449,-1.480,-0.247
169.400,-0.310,9.921,3.449,-1.491,-0.160
169.560,-0.301,9.919,3.449,-1.498,-0.071
169.568,-0.244,9.865,3.451,-1.162,0.948
169.600,-0.238,9.844,3.451,-1.193,0.909
169.761,-0.238,9.844,3.451,-1.193,0.909
169.767,-0.256,9.757,3.455,-0.203,1.486
169.800,-0.263,9.747,3.455,-0.325,1.464
169.960,-0.271,9.738,3.456,-0.507,1.412
169.968,-0.362,9.696,3.456,1.288,0.769
170.000,-0.375,9.695,3.456,1.208,0.889
170.158,-0.389,9.695,3.456,1.026,1.095
170.168,-0.496,9.737,3.456,1.488,-0.186
170.200,-0.507,9.746,3.456,1.493,-0.141
170.358,-0.518,9.757,3.456,1.500,0.015
170.368,-0.572,9.857,3.459,0.421,-1.440
170.400,-0.575,9.883,3.459,0.023,-1.500
170.552,-0.575,9.883,3.459,0.023,-1.500
170.567,-0.548,9.972,3.463,-0.987,-1.129
170.600,-0.540,9.980,3.464,-1.143,-0.971
170.752,-0.532,9.987,3.464,-1.294,-0.758
170.767,-0.458,10.007,3.471,-1.492,-0.150
170.801,-0.441,10.002,3.473,-1.500,0.027
170.962,-0.434,9.997,3.474,-1.496,0.112
170.967,-0.402,9.945,3.478,-0.923,1.183
171.000,-0.401,9.935,3.478,-0.975,1.140
171.161,-0.403,9.915,3.478,-1.103,1.017
171.167,-0.444,9.844,3.480,0.261,1.477
171.200,-0.454,9.835,3.480,0.106,1.496
171.359,-0.465,9.827,3.480,-0.137,1.494
171.367,-0.568,9.796,3.482,1.365,0.623
171.400,-0.582,9.797,3.482,1.312,0.726
171.557,-0.596,9.799,3.482,1.183,0.922
171.567,-0.690,9.849,3.482,1.419,-0.486
171.600,-0.698,9.859,3.482,1.415,-0.497
171.757,-0.706,9.870,3.482,1.410,-0.436
171.767,-0.730,9.970,3.479,-0.036,-1.500
171.800,-0.728,9.982,3.479,-0.143,-1.493
171.953,-0.725,9.995,3.479,-0.340,-1.461
171.967,-0.668,10.069,3.478,-1.167,-0.942
172.001,-0.647,10.079,3.478,-1.325,-0.703
172.162,-0.647,10.079,3.478,-1.325,-0.703
172.168,-0.565,10.077,3.481,-1.499,0.044
172.200,-0.556,10.073,3.482,-1.497,0.100
172.328,-0.548,10.067,3.482,-1.492,0.152
172.334,-0.520,10.017,3.482,-1.313,0.726
172.367,-0.518,9.997,3.482,-1.273,0.794
172.400,-0.519,9.986,3.481,-1.240,0.844
172.519,-0.525,9.965,3.481,-1.230,0.859
172.534,-0.557,9.914,3.479,0.005,1.500
172.567,-0.577,9.898,3.478,-0.250,1.479
172.600,-0.588,9.890,3.478,-0.265,1.476
172.691,-0.613,9.878,3.476,-0.553,1.394
172.700,-0.656,9.867,3.473,1.172,0.936
172.734,-0.687,9.865,3.471,0.994,1.123
172.767,-0.719,9.867,3.470,0.489,1.123
172.800,-0.735,9.869,3.469,0.413,0.966
172.943,-0.751,9.873,3.468,0.084,0.896
172.967,-0.865,9.938,3.466,1.370,-0.610
173.000,-0.877,9.950,3.466,1.380,-0.589
173.157,-0.897,9.977,3.466,1.414,-0.501
173.167,-0.936,10.083,3.467,0.388,-1.449
173.200,-0.938,10.098,3.468,0.394,-1.447
173.358,-0.939,10.113,3.468,0.373,-1.453
173.367,-0.912,10.210,3.472,-0.349,-1.459
173.400,-0.898,10.226,3.473,-0.413,-1.442
173.554,-0.898,10.226,3.473,-0.413,-1.442
173.567,-0.829,10.244,3.471,-1.496,-0.105
173.600,-0.821,10.241,3.471,-1.499,-0.054
173.751,-0.813,10.237,3.471,-1.500,0.010
173.767,-0.765,10.171,3.470,-0.877,1.217
173.800,-0.762,10.160,3.470,-0.817,1.258
173.938,-0.760,10.148,3.470,-0.787,1.277
173.967,-0.779,10.053,3.477,0.010,1.500
174.000,-0.786,10.043,3.478,0.126,1.495
174.118,-0.793,10.033,3.479,0.165,1.491
174.134,-0.850,9.993,3.484,1.151,0.961
174.167,-0.873,9.988,3.485,1.151,0.962
174.200,-0.884,9.986,3.485,1.197,0.904
174.356,-0.896,9.986,3.486,1.188,0.916
174.367,-0.977,10.024,3.489,1.349,-0.656
174.400,-0.984,10.033,3.490,1.369,-0.613
174.552,-0.991,10.043,3.490,1.396,-0.549
174.567,-1.007,10.140,3.489,0.326,-1.464
174.600,-1.004,10.152,3.489,0.418,-1.441
174.753,-1.000,10.165,3.489,0.526,-1.405
174.767,-0.935,10.245,3.487,-0.901,-1.199
174.800,-0.923,10.251,3.486,-0.840,-1.243
174.945,-0.911,10.256,3.486,-0.759,-1.294
174.967,-0.812,10.259,3.484,-1.500,0.018
175.000,-0.801,10.254,3.484,-1.499,0.064
175.156,-0.781,10.242,3.483,-1.113,0.207
175.167,-0.738,10.173,3.478,-0.556,1.393
175.200,-0.736,10.162,3.477,-0.439,1.434
175.354,-0.735,10.149,3.477,-0.312,1.467
175.367,-0.765,10.057,3.474,0.638,1.358
175.400,-0.773,10.047,3.474,0.728,1.311
175.554,-0.782,10.039,3.474,0.805,1.266
175.567,-0.863,10.003,3.478,1.402,0.535
175.600,-0.874,10.003,3.479,1.414,0.502
175.753,-0.883,10.004,3.479,1.420,0.484
175.767,-0.939,10.049,3.481,1.303,-0.743
175.800,-0.942,10.058,3.481,1.346,-0.661
175.954,-0.944,10.068,3.481,1.393,-0.556
175.967,-0.922,10.158,3.477,-0.249,-1.479
176.000,-0.914,10.169,3.477,-0.092,-1.497
176.155,-0.906,10.179,3.477,0.118,-1.495
176.167,-0.807,10.238,3.474,-1.152,-0.960
176.200,-0.792,10.241,3.474,-1.089,-1.031
176.355,-0.778,10.243,3.474,-0.978,-1.138
176.367,-0.673,10.223,3.475,-1.459,0.350
176.400,-0.663,10.216,3.475,-1.438,0.426
176.543,-0.653,10.209,3.475,-1.398,0.543
176.567,-0.614,10.124,3.470,-0.071,1.498
176.600,-0.614,10.112,3.470,0.206,1.486
176.753,-0.615,10.100,3.469,0.502,1.413
176.767,-0.661,10.020,3.468,1.092,1.028
176.800,-0.670,10.012,3.469,1.181,0.924
176.934,-0.680,10.006,3.469,1.263,0.810
176.967,-0.757,9.993,3.476,1.477,0.260
177.000,-0.765,9.996,3.477,1.482,0.229
177.138,-0.773,10.000,3.478,1.485,0.212
177.167,-0.801,10.060,3.480,1.134,-0.982
177.200,-0.798,10.080,3.480,1.297,-0.754
177.354,-0.795,10.091,3.479,1.378,-0.593
177.367,-0.742,10.163,3.476,-0.373,-1.453
177.400,-0.730,10.172,3.476,-0.134,-1.494
177.552,-0.718,10.181,3.475,0.279,-1.474
177.567,-0.597,10.217,3.473,-1.438,-0.426
177.600,-0.581,10.217,3.473,-1.427,-0.461
177.753,-0.565,10.216,3.473,-1.396,-0.548
177.767,-0.455,10.172,3.473,-1.257,0.819
177.800,-0.436,10.153,3.472,-0.813,1.260
177.953,-0.428,10.142,3.472,-0.039,0.997
177.967,-0.400,10.065,3.472,0.165,1.491
178.000,-0.401,10.055,3.473,0.328,1.464
178.142,-0.402,10.045,3.473,0.586,1.381
178.169,-0.447,9.992,3.475,1.230,0.859
178.200,-0.455,9.990,3.475,1.263,0.809
178.288,-0.463,9.989,3.475,1.308,0.734
178.301,-0.505,9.999,3.477,1.474,0.281
178.334,-0.513,10.004,3.477,1.481,0.235
178.367,-0.526,10.017,3.478,1.493,0.140
178.400,-0.537,10.033,3.479,1.499,0.056
178.515,-0.537,10.033,3.479,1.499,0.056
178.534,-0.548,10.096,3.480,0.967,-1.147
178.567,-0.543,10.119,3.480,1.193,-0.909
178.600,-0.539,10.131,3.480,1.241,-0.842
178.740,-0.534,10.143,3.480,1.358,-0.637
178.767,-0.456,10.225,3.478,-0.738,-1.306
178.800,-0.442,10.232,3.478,-0.700,-1.326
178.934,-0.428,10.239,3.478,-0.521,-1.407
178.967,-0.294,10.256,3.476,-1.492,-0.156
179.000,-0.277,10.254,3.476,-1.494,-0.134
179.148,-0.260,10.250,3.476,-1.495,-0.128
179.167,-0.149,10.189,3.476,-1.242,0.841
179.200,-0.139,10.178,3.475,-1.221,0.872
179.343,-0.130,10.167,3.475,-1.184,0.921
179.367,-0.100,10.077,3.474,-0.284,1.473
179.400,-0.104,10.058,3.474,-0.179,1.489
179.535,-0.107,10.050,3.473,-0.092,1.497
179.567,-0.155,10.016,3.468,1.000,1.118
179.600,-0.164,10.015,3.467,0.989,1.128
179.748,-0.174,10.016,3.466,0.992,1.125
179.767,-0.256,10.058,3.459,1.391,-0.560
179.800,-0.273,10.079,3.458,1.405,-0.526
179.930,-0.281,10.090,3.458,1.435,-0.435
179.934,-0.306,10.157,3.457,0.526,-1.405
179.967,-0.309,10.186,3.457,0.541,-1.399
