t,x,y,z,cmd_vx,cmd_vy
0.000,4.091,1.087,4.340,-0.682,1.336
0.152,4.091,1.087,4.303,-0.682,1.336
0.167,4.091,1.087,3.863,-0.682,1.336
0.200,4.091,1.087,3.791,-0.682,1.336
0.345,4.091,1.087,3.719,-0.682,1.336
0.367,4.089,1.092,3.164,-0.683,1.336
0.400,4.088,1.094,3.100,-0.683,1.336
0.539,4.086,1.096,3.036,-0.683,1.336
0.567,4.063,1.143,2.563,-0.359,0.696
0.600,4.058,1.153,2.509,-0.684,1.335
0.717,4.052,1.163,2.455,-0.683,1.335
0.734,4.011,1.244,2.150,0.682,-1.336
0.767,3.995,1.276,2.056,0.495,-0.973
0.800,3.986,1.293,2.010,-0.073,0.141
0.924,3.977,1.310,1.965,-0.557,1.089
0.934,3.923,1.418,1.713,0.674,-1.340
0.967,3.906,1.452,1.637,0.664,-1.345
1.000,3.898,1.468,1.601,0.339,-0.727
1.123,3.891,1.484,1.565,-0.246,0.434
1.134,3.858,1.560,1.375,0.530,-1.403
1.167,3.853,1.577,1.319,0.047,-0.745
1.200,3.851,1.585,1.293,-0.436,0.336
1.309,3.850,1.591,1.267,-0.792,1.167
1.334,3.858,1.606,1.132,-1.114,1.005
1.367,3.865,1.604,1.094,-0.899,1.201
1.400,3.869,1.601,1.076,-0.844,1.240
1.536,3.873,1.598,1.058,-0.800,1.269
1.567,3.906,1.559,0.948,-0.819,1.257
1.600,3.909,1.554,0.938,-0.797,1.271
1.725,3.911,1.550,0.930,-0.777,1.283
1.734,3.908,1.542,0.897,-0.545,1.397
1.767,3.901,1.546,0.890,-0.595,1.377
1.800,3.897,1.550,0.887,-0.613,1.369
1.919,3.891,1.555,0.885,-0.635,1.359
1.934,3.848,1.604,0.874,1.256,-0.821
1.967,3.829,1.629,0.872,0.723,0.440
2.000,3.819,1.642,0.872,0.152,1.067
2.148,3.809,1.657,0.872,-0.311,1.467
2.167,3.725,1.795,0.887,0.821,-1.256
2.200,3.716,1.814,0.890,0.846,-1.238
2.350,3.707,1.832,0.895,0.933,-1.174
2.367,3.661,1.975,0.938,0.302,-1.469
2.400,3.659,1.990,0.944,0.183,-1.489
2.552,3.658,2.006,0.950,-0.133,-1.494
2.567,3.676,2.095,0.990,-0.908,-1.194
2.601,3.687,2.108,0.999,-1.491,-0.167
2.747,3.694,2.113,1.003,-1.419,0.487
2.767,3.742,2.115,1.033,-1.365,0.621
2.800,3.748,2.111,1.037,-1.274,0.792
2.945,3.754,2.106,1.041,-1.175,0.932
2.967,3.775,2.039,1.078,-0.547,1.397
3.000,3.774,2.029,1.083,-0.564,1.390
3.108,3.771,2.018,1.088,-0.593,1.378
3.134,3.736,1.965,1.117,0.187,1.488
3.167,3.717,1.952,1.126,-0.047,1.499
3.200,3.706,1.947,1.130,-0.144,1.493
3.324,3.695,1.943,1.134,-0.270,1.476
3.334,3.621,1.940,1.157,1.407,0.519
3.367,3.596,1.948,1.164,1.154,0.958
3.400,3.583,1.954,1.168,0.900,1.200
3.550,3.571,1.960,1.171,0.523,1.406
3.567,3.490,2.049,1.198,1.140,-0.975
3.600,3.483,2.064,1.201,1.220,-0.873
3.745,3.477,2.079,1.204,1.404,-0.528
3.767,3.466,2.212,1.234,-0.075,-1.498
3.800,3.470,2.229,1.238,-0.272,-1.475
3.931,3.474,2.245,1.242,-0.678,-1.338
3.934,3.500,2.302,1.258,-0.881,-1.214
3.967,3.539,2.347,1.274,-1.277,-0.787
4.000,3.550,2.355,1.277,-1.421,-0.480
4.140,3.561,2.363,1.281,-1.499,-0.052
4.167,3.644,2.383,1.315,-1.473,0.281
4.200,3.652,2.381,1.320,-1.429,0.455
4.350,3.659,2.378,1.324,-1.360,0.633
4.367,3.684,2.331,1.355,-0.832,1.248
4.400,3.682,2.323,1.358,-0.806,1.265
4.501,3.679,2.316,1.362,-0.794,1.273
4.534,3.639,2.275,1.383,0.337,1.462
4.567,3.618,2.265,1.390,0.060,1.499
4.600,3.607,2.262,1.394,-0.061,1.499
4.703,3.594,2.259,1.397,-0.214,1.485
4.734,3.510,2.261,1.418,1.260,0.813
4.767,3.481,2.270,1.425,0.815,1.259
4.800,3.467,2.276,1.428,0.527,1.404
4.953,3.453,2.283,1.432,0.171,1.490
4.967,3.359,2.376,1.458,1.158,-0.953
5.000,3.350,2.392,1.461,1.211,-0.886
5.121,3.337,2.425,1.467,1.189,-0.227
5.134,3.320,2.516,1.483,0.165,-1.491
5.167,3.321,2.554,1.490,-0.018,-1.500
5.200,3.323,2.573,1.494,-0.239,-1.481
5.315,3.326,2.591,1.498,-0.612,-1.087
5.334,3.362,2.688,1.522,-0.900,-1.200
5.367,3.380,2.714,1.530,-1.232,-0.856
5.400,3.389,2.725,1.535,-1.405,-0.525
5.537,3.398,2.735,1.539,-1.499,-0.042
5.567,3.467,2.778,1.576,-1.499,0.044
5.600,3.474,2.778,1.581,-1.470,0.301
5.714,3.479,2.778,1.585,-1.394,0.553
5.734,3.493,2.758,1.609,-0.849,1.237
5.767,3.489,2.747,1.616,-0.794,1.273
5.800,3.485,2.741,1.620,-0.762,1.292
5.930,3.481,2.734,1.623,-0.763,1.291
5.934,3.451,2.709,1.638,0.559,1.392
5.967,3.407,2.689,1.653,0.608,1.371
6.000,3.394,2.686,1.657,0.425,1.439
6.140,3.380,2.684,1.661,0.186,1.488
6.167,3.261,2.698,1.693,1.473,0.282
6.200,3.247,2.704,1.697,1.426,0.467
6.339,3.234,2.712,1.701,1.293,0.761
6.367,3.152,2.805,1.728,1.123,-0.995
6.400,3.146,2.820,1.731,1.163,-0.947
6.517,3.141,2.835,1.734,1.272,-0.795
6.534,3.135,2.927,1.752,-0.001,-1.500
6.567,3.142,2.957,1.758,-0.234,-1.482
6.600,3.153,2.984,1.765,-0.886,-0.938
6.725,3.153,2.984,1.765,-0.886,-0.938
6.734,3.206,3.045,1.785,-1.354,-0.645
6.767,3.228,3.058,1.791,-1.491,-0.164
6.800,3.239,3.063,1.794,-1.494,0.139
6.919,3.250,3.066,1.798,-1.427,0.464
6.934,3.312,3.066,1.823,-1.434,0.440
6.967,3.328,3.058,1.832,-1.343,0.668
7.000,3.334,3.054,1.836,-1.276,0.789
7.138,3.340,3.049,1.841,-1.201,0.898
7.167,3.351,3.001,1.878,-0.782,1.280
7.200,3.347,2.996,1.883,-0.754,1.297
7.312,3.343,2.991,1.887,-0.751,1.299
7.334,3.295,2.974,1.911,0.051,1.499
7.367,3.272,2.975,1.918,-0.147,1.493
7.400,3.259,2.977,1.921,-0.213,1.485
7.527,3.246,2.980,1.924,-0.344,1.460
7.534,3.159,3.019,1.940,1.465,-0.320
7.567,3.128,3.040,1.946,1.499,-0.040
7.600,3.114,3.052,1.948,1.483,0.222
7.749,3.099,3.066,1.951,1.305,0.740
7.767,2.998,3.198,1.979,0.970,-1.144
7.800,2.989,3.216,1.984,1.005,-1.113
7.946,2.980,3.235,1.988,1.059,-1.062
7.967,2.947,3.366,2.026,0.342,-1.461
8.000,2.947,3.380,2.030,0.296,-1.471
8.151,2.948,3.392,2.034,0.215,-1.484
8.167,2.989,3.459,2.061,-1.175,-0.932
8.200,2.997,3.462,2.063,-1.372,-0.605
8.327,3.006,3.464,2.066,-1.490,-0.175
8.334,3.064,3.455,2.083,-1.440,0.421
8.367,3.083,3.444,2.089,-1.307,0.736
8.400,3.092,3.437,2.093,-1.215,0.879
8.499,3.100,3.429,2.096,-1.119,0.999
8.501,3.114,3.410,2.104,-0.977,1.138
8.534,3.133,3.368,2.121,-0.701,1.326
8.567,3.137,3.346,2.131,-0.667,1.344
8.600,3.137,3.336,2.136,-0.645,1.354
8.702,3.136,3.325,2.140,-0.641,1.356
8.734,3.112,3.276,2.168,0.103,1.496
8.767,3.097,3.266,2.176,-0.054,1.499
8.800,3.089,3.262,2.180,-0.120,1.495
8.928,3.070,3.259,2.187,-0.265,1.476
8.934,3.016,3.269,2.202,1.387,0.571
8.967,2.993,3.280,2.207,1.089,1.031
9.000,2.982,3.288,2.210,0.822,1.255
9.081,2.971,3.297,2.213,0.452,1.430
9.100,2.929,3.342,2.225,1.209,-0.888
9.134,2.911,3.370,2.231,1.386,-0.574
9.167,2.896,3.401,2.237,0.652,0.320
9.200,2.889,3.417,2.240,0.317,0.595
9.330,2.884,3.434,2.244,0.012,0.963
9.334,2.871,3.504,2.259,0.113,-1.496
9.367,2.873,3.574,2.278,-0.299,-1.470
9.400,2.876,3.591,2.283,-0.622,-1.218
9.514,2.880,3.607,2.288,-0.672,-0.313
9.534,2.916,3.694,2.321,-0.827,-1.251
9.567,2.931,3.717,2.333,-1.106,-1.014
9.600,2.939,3.728,2.339,-1.339,-0.676
9.734,2.947,3.737,2.345,-1.490,-0.171
9.768,2.997,3.779,2.395,-1.495,-0.121
9.800,3.001,3.780,2.400,-1.488,0.191
9.938,3.006,3.779,2.411,-1.275,0.790
9.967,2.991,3.751,2.441,0.019,1.500
10.000,2.985,3.744,2.445,-0.068,1.498
10.113,2.977,3.738,2.449,-0.178,1.489
10.134,2.910,3.696,2.472,0.790,1.275
10.167,2.881,3.684,2.482,0.541,1.399
10.200,2.866,3.679,2.486,0.418,1.441
10.294,2.851,3.674,2.492,0.237,1.481
10.300,2.788,3.664,2.513,1.259,0.816
10.334,2.758,3.665,2.524,1.152,0.961
10.367,2.730,3.669,2.534,0.831,1.249
10.400,2.717,3.673,2.539,0.652,1.351
10.494,2.705,3.677,2.544,0.400,1.446
10.500,2.665,3.706,2.562,1.465,-0.321
10.534,2.650,3.725,2.569,1.500,0.028
10.567,2.640,3.748,2.575,0.883,0.766
10.600,2.637,3.761,2.578,0.502,0.958
10.723,2.634,3.774,2.581,0.198,1.217
10.734,2.643,3.864,2.595,-0.370,-1.454
10.767,2.655,3.896,2.600,-0.609,-1.371
10.800,2.662,3.913,2.603,-0.908,-1.194
10.937,2.670,3.929,2.607,-1.028,-0.553
10.967,2.755,4.051,2.645,-1.099,-1.021
11.000,2.766,4.064,2.651,-1.211,-0.886
11.123,2.777,4.077,2.657,-1.335,-0.685
11.134,2.833,4.134,2.695,-1.248,-0.832
11.167,2.846,4.146,2.707,-1.409,-0.515
11.200,2.851,4.151,2.713,-1.480,-0.243
11.327,2.858,4.157,2.723,-1.419,0.487
11.334,2.858,4.156,2.743,-0.990,1.127
11.367,2.850,4.150,2.749,-0.698,1.328
11.400,2.845,4.145,2.752,-0.599,1.375
11.498,2.830,4.135,2.757,-0.513,1.409
11.500,2.800,4.115,2.766,0.588,1.380
11.534,2.776,4.102,2.772,0.814,1.260
11.567,2.748,4.089,2.780,0.548,1.396
11.600,2.733,4.083,2.784,0.422,1.439
11.735,2.717,4.077,2.788,0.238,1.481
11.767,2.592,4.062,2.828,1.351,0.652
11.800,2.578,4.064,2.833,1.278,0.785
11.902,2.564,4.068,2.838,1.144,0.970
11.934,2.500,4.109,2.862,1.484,0.222
11.968,2.487,4.130,2.868,1.273,0.793
12.000,2.481,4.141,2.871,0.952,1.159
12.132,2.477,4.153,2.874,0.573,1.386
12.134,2.474,4.166,2.876,0.667,0.088
12.168,2.484,4.266,2.891,-0.396,-1.343
12.200,2.489,4.282,2.893,-0.500,-0.397
12.319,2.496,4.297,2.895,-0.508,0.297
12.334,2.557,4.387,2.916,-1.046,-1.075
12.367,2.582,4.415,2.925,-1.228,-0.862
12.401,2.596,4.428,2.930,-1.376,-0.596
12.534,2.622,4.452,2.941,-1.488,0.193
12.567,2.702,4.511,2.984,-1.496,-0.104
12.600,2.711,4.516,2.990,-1.487,0.197
12.736,2.719,4.520,2.995,-1.397,0.545
12.767,2.747,4.524,3.034,-1.235,0.851
12.800,2.746,4.521,3.037,-1.092,1.028
12.928,2.743,4.519,3.041,-0.962,1.151
12.934,2.705,4.497,3.063,0.912,1.191
12.968,2.684,4.490,3.070,0.641,1.356
13.000,2.672,4.488,3.074,0.483,1.420
13.122,2.659,4.485,3.078,0.282,1.473
13.134,2.570,4.485,3.104,1.468,0.310
13.167,2.538,4.492,3.114,1.385,0.576
13.200,2.523,4.497,3.119,1.297,0.753
13.322,2.507,4.502,3.123,1.121,0.996
13.334,2.430,4.554,3.152,1.363,-0.626
13.367,2.411,4.577,3.160,1.446,-0.400
13.400,2.403,4.590,3.164,1.497,-0.093
13.469,2.390,4.616,3.172,1.185,0.788
13.500,2.379,4.657,3.183,0.976,-1.139
13.534,2.378,4.684,3.190,0.330,0.112
13.567,2.381,4.710,3.197,-0.075,0.764
13.600,2.384,4.722,3.201,-0.232,1.114
13.725,2.388,4.735,3.204,-0.299,1.375
13.734,2.434,4.796,3.232,-1.252,-0.827
13.767,2.454,4.813,3.243,-1.463,-0.332
13.800,2.465,4.821,3.249,-1.499,0.057
13.934,2.476,4.828,3.256,-1.402,0.534
13.967,2.558,4.877,3.316,-1.471,-0.294
14.000,2.566,4.882,3.324,-1.497,-0.101
14.115,2.574,4.886,3.332,-1.491,0.168
14.134,2.598,4.908,3.376,-1.495,-0.123
14.167,2.598,4.912,3.388,-1.346,0.662
14.200,2.596,4.914,3.394,-1.147,0.966
14.289,2.593,4.916,3.399,-0.953,1.159
14.300,2.572,4.920,3.418,1.084,1.036
14.334,2.554,4.921,3.427,0.528,1.404
14.367,2.533,4.922,3.434,0.190,1.488
14.400,2.521,4.923,3.438,0.102,1.497
14.482,2.507,4.924,3.442,-0.028,1.500
14.500,2.449,4.930,3.459,1.463,0.329
14.534,2.418,4.936,3.467,1.318,0.716
14.567,2.386,4.945,3.476,1.000,1.118
14.600,2.371,4.950,3.480,0.825,1.253
14.736,2.356,4.956,3.485,0.551,1.395
14.767,2.259,5.033,3.514,1.331,-0.692
14.800,2.250,5.045,3.516,1.411,-0.509
14.937,2.243,5.058,3.519,1.487,-0.195
14.967,2.223,5.179,3.531,0.364,-1.455
15.000,2.226,5.194,3.532,0.363,-1.455
15.106,2.229,5.209,3.532,0.372,-1.329
15.134,2.271,5.288,3.535,-0.869,-1.223
15.167,2.291,5.308,3.534,-1.120,-0.195
15.200,2.302,5.317,3.534,-1.049,0.343
15.327,2.314,5.324,3.534,-0.882,0.813
15.334,2.386,5.346,3.536,-1.498,-0.077
15.367,2.408,5.345,3.538,-1.469,0.304
15.400,2.418,5.343,3.539,-1.400,0.538
15.518,2.428,5.341,3.540,-1.282,0.779
15.534,2.468,5.317,3.546,-1.076,1.045
15.567,2.473,5.307,3.547,-0.915,1.188
15.600,2.474,5.302,3.548,-0.823,1.254
15.697,2.474,5.298,3.549,-0.740,1.305
15.700,2.463,5.282,3.550,0.054,1.499
15.734,2.452,5.278,3.551,0.324,1.465
15.767,2.437,5.276,3.550,0.145,1.493
15.800,2.428,5.276,3.550,0.084,1.498
15.901,2.419,5.277,3.550,-0.019,1.500
15.934,2.352,5.305,3.545,0.635,1.359
15.967,2.329,5.323,3.543,0.387,1.449
16.000,2.318,5.333,3.542,0.297,1.470
16.112,2.306,5.345,3.541,0.124,1.495
16.134,2.248,5.433,3.533,1.080,-1.041
16.167,2.233,5.469,3.530,1.202,-0.631
16.200,2.227,5.489,3.529,0.807,0.013
16.321,2.221,5.509,3.528,0.478,0.543
16.334,2.205,5.637,3.525,0.148,-1.493
16.367,2.206,5.680,3.525,0.103,-1.496
16.400,2.208,5.701,3.526,0.042,-1.499
16.518,2.211,5.722,3.526,-0.055,-1.407
16.534,2.243,5.830,3.529,-0.483,-1.420
16.567,2.258,5.859,3.530,-0.940,-1.169
16.600,2.266,5.872,3.530,-0.926,-0.340
16.710,2.275,5.884,3.530,-0.797,0.297
16.734,2.324,5.933,3.531,-1.351,-0.653
16.767,2.338,5.940,3.532,-1.500,0.025
16.800,2.344,5.942,3.532,-1.387,0.572
16.938,2.349,5.943,3.532,-1.173,0.934
16.967,2.361,5.922,3.530,-0.632,1.360
17.000,2.358,5.917,3.529,-0.549,1.396
17.138,2.354,5.912,3.528,-0.503,1.413
17.167,2.285,5.871,3.526,0.951,1.160
17.200,2.273,5.868,3.526,0.836,1.245
17.348,2.260,5.866,3.526,0.676,1.339
17.367,2.150,5.880,3.530,1.469,0.306
17.400,2.136,5.886,3.530,1.428,0.459
17.539,2.124,5.893,3.530,1.332,0.691
17.567,2.051,5.979,3.528,1.234,-0.853
17.600,2.046,5.993,3.527,1.348,-0.659
17.754,2.040,6.020,3.525,1.262,0.241
17.767,2.054,6.117,3.519,-0.345,-1.460
17.800,2.060,6.129,3.518,-0.479,-1.421
17.958,2.068,6.140,3.517,-0.703,-1.325
17.967,2.155,6.203,3.508,-1.416,-0.496
18.000,2.180,6.208,3.506,-1.492,-0.159
18.156,2.180,6.208,3.506,-1.492,-0.159
18.167,2.272,6.190,3.502,-1.348,0.657
18.200,2.280,6.184,3.501,-1.290,0.765
18.353,2.288,6.177,3.501,-1.212,0.884
18.367,2.311,6.109,3.499,-0.697,1.328
18.400,2.310,6.100,3.498,-0.622,1.365
18.556,2.307,6.092,3.498,-0.568,1.388
18.567,2.247,6.047,3.494,0.961,1.151
18.600,2.236,6.045,3.493,0.871,1.221
18.757,2.225,6.044,3.492,0.737,1.306
18.767,2.121,6.075,3.487,1.484,-0.217
18.800,2.109,6.084,3.486,1.497,-0.094
18.942,2.097,6.093,3.486,1.496,0.116
18.967,2.029,6.195,3.483,1.185,-0.920
19.001,2.025,6.210,3.482,1.279,-0.783
19.158,2.020,6.239,3.482,1.143,0.113
19.167,2.037,6.328,3.480,-0.601,-1.374
19.200,2.043,6.339,3.479,-0.752,-1.298
19.346,2.051,6.348,3.479,-0.979,-1.137
19.367,2.137,6.387,3.473,-1.498,-0.083
19.400,2.149,6.388,3.472,-1.493,0.147
19.547,2.162,6.387,3.471,-1.437,0.431
19.567,2.244,6.345,3.471,-1.109,1.010
19.600,2.250,6.336,3.471,-1.042,1.079
19.726,2.256,6.328,3.472,-0.963,1.150
19.734,2.269,6.271,3.475,-0.482,1.421
19.767,2.265,6.254,3.476,-0.409,1.443
19.800,2.261,6.247,3.477,-0.372,1.453
19.913,2.257,6.240,3.477,-0.357,1.457
19.934,2.210,6.215,3.477,0.143,1.493
19.967,2.190,6.214,3.476,0.093,1.497
20.000,2.179,6.216,3.476,0.076,1.498
20.114,2.168,6.218,3.475,0.000,1.500
20.134,2.099,6.256,3.470,1.497,-0.093
20.167,2.077,6.277,3.468,1.395,0.552
20.200,2.066,6.290,3.468,1.208,0.889
20.305,2.056,6.303,3.467,0.851,1.235
20.334,2.007,6.399,3.463,1.167,-0.019
20.367,1.997,6.435,3.463,0.572,0.588
20.400,1.993,6.454,3.463,0.363,0.930
20.528,1.990,6.473,3.463,0.190,1.234
20.534,1.992,6.585,3.468,-0.162,-1.491
20.567,1.999,6.621,3.472,-0.272,-1.475
20.600,2.010,6.656,3.476,-0.627,-1.188
20.710,2.017,6.673,3.478,-0.543,-0.266
20.734,2.056,6.750,3.491,-1.024,-1.096
20.767,2.073,6.777,3.498,-1.339,-0.341
20.800,2.082,6.789,3.501,-1.176,0.337
20.935,2.091,6.800,3.505,-0.955,0.833
20.967,2.142,6.861,3.533,-1.399,-0.541
21.000,2.145,6.865,3.537,-1.488,-0.192
21.136,2.148,6.868,3.540,-1.469,0.304
21.167,2.132,6.873,3.555,0.296,1.471
21.200,2.125,6.871,3.556,0.156,1.492
21.334,2.117,6.869,3.557,0.018,1.500
21.367,2.022,6.846,3.566,1.254,0.822
21.400,2.007,6.844,3.568,1.162,0.949
21.528,1.992,6.842,3.570,1.017,1.103
21.534,1.905,6.845,3.584,1.483,0.225
21.567,1.879,6.852,3.589,1.429,0.457
21.600,1.867,6.856,3.591,1.364,0.624
21.731,1.846,6.867,3.594,1.083,1.038
21.734,1.822,6.889,3.597,1.385,-0.575
21.767,1.803,6.926,3.597,1.467,-0.313
21.800,1.801,6.936,3.596,1.452,0.299
21.898,1.800,6.946,3.596,0.986,0.808
21.900,1.809,6.989,3.591,-0.364,-1.455
21.934,1.820,7.010,3.588,-0.552,-1.395
21.967,1.835,7.030,3.585,-0.548,0.023
22.000,1.844,7.040,3.584,-0.546,0.496
22.133,1.854,7.049,3.583,-0.453,0.924
22.135,1.865,7.057,3.582,-1.486,0.205
22.167,1.956,7.097,3.582,-1.491,-0.164
22.200,1.969,7.100,3.583,-1.499,0.054
22.296,1.982,7.102,3.584,-1.469,0.302
22.300,2.029,7.108,3.591,-1.461,0.341
22.334,2.048,7.108,3.594,-1.328,0.697
22.367,2.063,7.108,3.597,-1.051,1.071
22.400,2.070,7.107,3.598,-0.905,1.196
22.546,2.075,7.106,3.600,-0.753,1.297
22.567,2.078,7.103,3.607,-0.505,1.412
22.600,2.074,7.104,3.607,-0.416,1.441
22.750,2.069,7.105,3.607,-0.371,1.453
22.767,1.998,7.142,3.602,1.490,-0.177
22.800,1.986,7.150,3.601,1.497,0.090
22.953,1.974,7.160,3.599,1.410,0.513
22.967,1.877,7.265,3.595,1.123,-0.994
23.000,1.866,7.281,3.595,1.197,-0.903
23.154,1.856,7.297,3.596,1.299,-0.750
23.167,1.801,7.417,3.603,0.691,-1.331
23.200,1.798,7.430,3.603,0.757,-1.295
23.330,1.797,7.442,3.604,0.875,-1.218
23.334,1.808,7.495,3.600,0.167,-1.491
23.367,1.819,7.505,3.596,-0.037,-1.221
23.400,1.825,7.508,3.594,-0.166,-0.293
23.507,1.832,7.510,3.591,-0.194,0.391
23.534,1.887,7.499,3.574,-1.253,0.824
23.567,1.908,7.486,3.569,-1.002,1.116
23.600,1.918,7.478,3.566,-0.871,1.221
23.738,1.928,7.469,3.564,-0.734,1.308
23.767,1.994,7.379,3.561,-0.709,1.322
23.800,2.000,7.368,3.562,-0.664,1.345
23.954,2.004,7.357,3.563,-0.613,1.369
23.967,2.011,7.294,3.568,-0.114,1.496
24.000,2.008,7.291,3.567,-0.120,1.495
24.087,2.005,7.288,3.567,-0.134,1.494
24.100,1.984,7.289,3.562,0.286,1.473
24.134,1.970,7.296,3.558,0.196,1.487
24.167,1.955,7.308,3.554,0.119,1.495
24.200,1.947,7.316,3.552,0.095,1.497
24.296,1.939,7.324,3.549,0.023,1.500
24.300,1.907,7.369,3.540,1.467,-0.311
24.334,1.892,7.398,3.535,1.333,-0.076
24.367,1.878,7.430,3.531,0.678,0.682
24.400,1.871,7.448,3.529,0.489,0.866
24.513,1.866,7.466,3.528,0.288,1.175
24.534,1.842,7.583,3.523,0.369,-1.454
24.567,1.840,7.624,3.523,0.420,-1.439
24.600,1.840,7.644,3.524,0.214,-0.545
24.733,1.841,7.665,3.524,0.081,0.175
24.735,1.842,7.685,3.526,-0.159,-1.492
24.767,1.869,7.813,3.537,-0.455,-1.429
24.800,1.875,7.828,3.539,-0.747,-1.301
24.897,1.881,7.843,3.540,-0.627,-0.359
24.900,1.908,7.894,3.547,-0.830,-1.249
24.934,1.922,7.914,3.551,-1.019,-1.101
24.967,1.935,7.930,3.553,-1.375,-0.600
25.000,1.942,7.936,3.555,-1.449,0.104
25.104,1.948,7.941,3.556,-1.141,0.674
25.134,1.973,7.951,3.561,-1.415,0.498
25.167,1.975,7.947,3.562,-0.983,1.133
25.200,1.975,7.943,3.562,-0.769,1.288
25.320,1.974,7.939,3.562,-0.620,1.366
25.334,1.946,7.906,3.563,0.568,1.388
25.367,1.928,7.894,3.563,0.403,1.445
25.400,1.919,7.889,3.563,0.331,1.463
25.504,1.908,7.885,3.564,0.226,1.483
25.534,1.832,7.872,3.566,1.224,0.866
25.567,1.805,7.875,3.566,1.007,1.112
25.600,1.792,7.878,3.566,0.876,1.218
25.709,1.779,7.882,3.567,0.683,1.335
25.734,1.713,7.928,3.565,1.473,-0.285
25.767,1.697,7.951,3.562,1.483,0.225
25.800,1.691,7.963,3.561,1.388,0.570
25.899,1.685,7.977,3.560,1.115,1.003
25.900,1.681,7.990,3.558,1.022,-1.098
25.934,1.674,8.067,3.547,0.219,-1.484
25.967,1.679,8.100,3.543,0.208,-1.486
26.000,1.683,8.116,3.541,0.096,-0.951
26.107,1.689,8.132,3.539,0.015,-0.102
26.134,1.740,8.219,3.530,-0.936,-1.172
26.167,1.763,8.243,3.529,-1.101,-0.227
26.200,1.774,8.253,3.528,-0.994,0.345
26.315,1.787,8.263,3.528,-0.796,0.804
26.334,1.858,8.300,3.531,-1.500,-0.004
26.367,1.878,8.306,3.534,-1.363,0.626
26.400,1.887,8.307,3.535,-1.237,0.848
26.531,1.896,8.308,3.537,-1.054,1.067
26.534,1.916,8.307,3.541,-1.364,0.624
26.567,1.930,8.300,3.547,-1.065,1.057
26.600,1.930,8.299,3.548,-0.931,1.176
26.751,1.928,8.297,3.549,-0.809,1.263
26.767,1.880,8.300,3.552,1.214,0.881
26.800,1.870,8.303,3.551,0.964,1.149
26.956,1.859,8.307,3.551,0.647,1.354
26.967,1.751,8.365,3.551,1.377,-0.596
27.000,1.736,8.376,3.552,1.405,-0.526
27.158,1.723,8.387,3.553,1.449,-0.387
27.167,1.636,8.493,3.562,1.106,-1.013
27.200,1.629,8.506,3.564,1.133,-0.983
27.353,1.623,8.519,3.565,1.235,-0.851
27.367,1.614,8.604,3.569,-0.071,-1.498
27.400,1.617,8.611,3.568,-0.426,-1.438
27.551,1.622,8.617,3.567,-0.633,-0.730
27.567,1.688,8.626,3.551,-1.452,0.377
27.601,1.709,8.617,3.545,-1.347,0.660
27.733,1.720,8.611,3.543,-1.272,0.794
27.735,1.731,8.603,3.541,-1.212,0.884
27.767,1.789,8.542,3.534,-1.021,1.099
27.800,1.797,8.530,3.533,-0.989,1.128
27.955,1.804,8.518,3.533,-0.962,1.151
27.967,1.828,8.428,3.536,-0.374,1.453
28.000,1.826,8.420,3.537,-0.409,1.443
28.145,1.824,8.412,3.537,-0.457,1.429
28.167,1.775,8.388,3.528,0.434,1.436
28.200,1.766,8.389,3.526,0.263,1.477
28.328,1.756,8.392,3.524,0.042,1.499
28.334,1.694,8.434,3.511,1.406,-0.522
28.367,1.674,8.456,3.506,1.490,-0.176
28.400,1.664,8.469,3.504,1.276,0.228
28.551,1.655,8.482,3.503,0.595,0.689
28.567,1.605,8.613,3.494,0.435,-1.436
28.600,1.602,8.631,3.493,0.306,-1.469
28.758,1.600,8.665,3.493,-0.219,-1.037
28.767,1.621,8.767,3.494,-0.612,-1.369
28.800,1.627,8.779,3.494,-0.814,-1.260
28.956,1.634,8.789,3.494,-1.047,-1.074
28.968,1.701,8.838,3.496,-1.410,-0.511
29.000,1.709,8.839,3.496,-1.459,-0.348
29.148,1.717,8.840,3.496,-1.493,-0.148
29.168,1.760,8.806,3.496,-1.214,0.880
29.200,1.761,8.798,3.496,-1.170,0.939
29.350,1.762,8.790,3.496,-1.140,0.975
29.367,1.730,8.713,3.493,0.100,1.497
29.400,1.722,8.704,3.493,-0.012,1.500
29.553,1.701,8.687,3.493,-0.277,1.474
29.567,1.608,8.651,3.491,0.948,1.162
29.600,1.593,8.650,3.490,0.772,1.286
29.717,1.563,8.651,3.490,0.259,1.477
29.734,1.493,8.672,3.488,1.500,0.033
29.767,1.468,8.687,3.488,1.414,0.500
29.800,1.457,8.696,3.487,1.224,0.867
29.947,1.447,8.706,3.486,0.574,1.121
29.967,1.399,8.811,3.478,0.548,-1.396
30.000,1.398,8.825,3.476,0.384,-1.450
30.145,1.397,8.840,3.475,0.139,-1.494
30.167,1.433,8.957,3.472,-0.749,-1.299
30.200,1.442,8.970,3.472,-0.941,-1.168
30.293,1.451,8.982,3.473,-1.144,-0.971
30.300,1.491,9.024,3.476,-1.231,-0.856
30.334,1.512,9.039,3.478,-1.387,-0.570
30.367,1.534,9.051,3.481,-1.494,-0.139
30.400,1.544,9.055,3.483,-1.498,0.083
30.508,1.554,9.058,3.484,-1.469,0.305
30.534,1.598,9.057,3.493,-1.444,0.405
30.567,1.606,9.051,3.495,-1.380,0.588
30.600,1.608,9.047,3.496,-1.338,0.679
30.715,1.610,9.042,3.496,-1.301,0.747
30.734,1.596,9.011,3.500,-0.216,1.484
30.767,1.582,9.001,3.500,-0.490,1.418
30.800,1.574,8.996,3.500,-0.594,1.377
30.910,1.565,8.992,3.500,-0.728,1.311
30.934,1.491,8.981,3.500,1.230,0.859
30.967,1.462,8.983,3.500,0.825,1.253
31.000,1.431,8.990,3.500,0.180,1.489
31.097,1.431,8.990,3.500,0.180,1.489
31.100,1.368,9.014,3.500,1.461,-0.341
31.134,1.338,9.032,3.501,1.433,-0.444
31.167,1.310,9.054,3.501,1.487,-0.194
31.200,1.297,9.066,3.502,0.971,0.099
31.299,1.285,9.078,3.502,0.269,0.446
31.300,1.273,9.092,3.502,1.063,-1.058
31.334,1.230,9.164,3.503,0.805,-1.265
31.367,1.220,9.194,3.504,0.569,-1.388
31.400,1.216,9.208,3.504,-0.023,-1.039
31.518,1.214,9.222,3.505,-0.480,-0.387
31.534,1.220,9.293,3.506,-0.434,-1.436
31.567,1.230,9.311,3.506,-0.980,-1.135
31.600,1.235,9.318,3.505,-1.312,-0.727
31.721,1.242,9.324,3.505,-1.470,-0.299
31.734,1.289,9.338,3.504,-1.500,0.008
31.767,1.304,9.333,3.505,-1.483,0.224
31.800,1.311,9.330,3.505,-1.461,0.339
31.945,1.318,9.325,3.505,-1.435,0.437
31.967,1.344,9.263,3.507,-0.904,1.197
32.000,1.343,9.253,3.507,-0.942,1.168
32.111,1.341,9.244,3.507,-0.998,1.120
32.134,1.307,9.192,3.508,0.216,1.484
32.167,1.287,9.179,3.507,-0.132,1.494
32.200,1.276,9.173,3.507,-0.308,1.468
32.346,1.265,9.169,3.507,-0.535,1.401
32.367,1.155,9.168,3.501,1.394,0.553
32.400,1.140,9.173,3.500,1.295,0.756
32.552,1.126,9.179,3.499,1.008,1.111
32.567,1.024,9.262,3.493,1.165,-0.945
32.600,1.014,9.276,3.493,1.135,-0.981
32.750,1.005,9.290,3.492,1.112,-1.007
32.767,0.966,9.412,3.494,0.161,-1.491
32.800,0.966,9.426,3.494,-0.034,-1.500
32.944,0.967,9.440,3.495,-0.296,-1.470
32.967,1.004,9.522,3.495,-0.888,-1.209
33.000,1.012,9.528,3.495,-1.064,-1.058
33.140,1.021,9.533,3.494,-1.243,-0.840
33.167,1.091,9.530,3.491,-1.498,0.069
33.200,1.098,9.525,3.491,-1.489,0.179
33.322,1.105,9.519,3.490,-1.475,0.275
33.334,1.131,9.464,3.487,-0.772,1.286
33.367,1.132,9.441,3.485,-0.869,1.223
33.400,1.131,9.429,3.485,-0.918,1.186
33.562,1.129,9.417,3.484,-0.989,1.127
33.568,1.075,9.331,3.483,0.278,1.474
33.600,1.064,9.323,3.483,0.161,1.491
33.732,1.053,9.315,3.483,-0.034,1.500
33.734,1.041,9.309,3.483,0.279,1.474
33.767,0.948,9.293,3.480,1.122,0.995
33.800,0.934,9.295,3.480,0.918,1.186
33.933,0.920,9.298,3.479,0.502,1.414
33.934,0.907,9.303,3.479,1.470,0.296
33.967,0.830,9.361,3.474,1.399,-0.541
34.000,0.822,9.373,3.474,1.310,-0.467
34.154,0.808,9.399,3.472,-0.114,0.205
34.167,0.795,9.502,3.466,-0.124,-1.495
34.200,0.797,9.516,3.465,-0.469,-1.425
34.344,0.800,9.530,3.465,-0.866,-1.225
34.367,0.860,9.620,3.463,-1.130,-0.987
34.400,0.870,9.627,3.463,-1.225,-0.866
34.555,0.881,9.633,3.463,-1.324,-0.706
34.567,0.959,9.644,3.468,-1.493,0.148
34.600,0.967,9.641,3.468,-1.486,0.206
34.733,0.974,9.637,3.468,-1.477,0.263
34.734,0.980,9.631,3.469,-1.401,0.536
34.767,0.994,9.577,3.468,-0.940,1.169
34.800,0.992,9.567,3.468,-0.986,1.130
34.935,0.989,9.557,3.468,-1.054,1.067
34.967,0.924,9.489,3.466,0.477,1.422
35.000,0.912,9.483,3.466,0.303,1.469
35.123,0.899,9.478,3.465,0.032,1.500
35.134,0.812,9.466,3.464,1.037,1.084
35.167,0.781,9.471,3.464,0.624,1.364
35.200,0.765,9.475,3.464,0.301,1.470
35.320,0.751,9.480,3.463,-0.234,1.482
35.334,0.673,9.532,3.462,1.277,-0.787
35.367,0.653,9.557,3.461,1.236,-0.850
35.400,0.644,9.570,3.460,0.970,-0.897
35.544,0.637,9.585,3.460,0.160,-0.362
35.567,0.614,9.717,3.457,-0.070,-1.498
35.600,0.616,9.734,3.457,-0.294,-1.471
35.726,0.619,9.750,3.458,-0.564,-1.390
35.734,0.654,9.832,3.461,-0.865,-1.225
35.767,0.671,9.852,3.461,-1.101,-1.019
35.800,0.679,9.861,3.462,-1.231,-0.858
35.939,0.688,9.868,3.463,-1.350,-0.653
35.967,0.755,9.888,3.469,-1.491,-0.165
36.000,0.761,9.885,3.469,-1.499,-0.063
36.140,0.766,9.882,3.470,-1.500,0.032
36.167,0.774,9.827,3.468,-1.218,0.875
36.200,0.770,9.818,3.467,-1.230,0.858
36.313,0.765,9.808,3.466,-1.266,0.805
36.334,0.712,9.751,3.462,0.445,1.432
36.367,0.687,9.734,3.461,0.009,1.500
36.400,0.673,9.726,3.460,-0.244,1.480
36.495,0.658,9.720,3.460,-0.571,1.387
36.500,0.592,9.700,3.458,1.215,0.880
36.534,0.557,9.696,3.457,1.125,0.992
36.567,0.522,9.696,3.457,0.659,1.348
36.600,0.504,9.698,3.457,0.247,1.413
36.725,0.487,9.700,3.457,-0.324,1.251
36.734,0.395,9.738,3.459,1.419,-0.486
36.767,0.370,9.757,3.459,1.415,-0.499
36.800,0.359,9.769,3.459,1.163,-0.466
36.933,0.349,9.781,3.458,0.293,-0.102
36.934,0.340,9.794,3.458,0.799,-1.269
36.967,0.307,9.895,3.455,0.188,-1.488
37.000,0.306,9.910,3.455,-0.195,-1.487
37.095,0.307,9.924,3.455,-0.661,-1.346
37.100,0.320,9.977,3.455,-0.693,-1.330
37.134,0.331,9.998,3.455,-0.988,-1.128
37.167,0.345,10.017,3.456,-1.301,-0.746
37.200,0.353,10.024,3.456,-1.403,-0.529
37.318,0.361,10.031,3.457,-1.469,-0.304
37.334,0.410,10.047,3.462,-1.480,-0.244
37.367,0.424,10.044,3.465,-1.499,-0.043
37.400,0.430,10.041,3.466,-1.499,0.061
37.549,0.435,10.037,3.467,-1.493,0.141
37.567,0.443,9.985,3.471,-0.793,1.273
37.600,0.439,9.976,3.472,-0.904,1.197
37.743,0.434,9.968,3.472,-1.036,1.085
37.767,0.357,9.909,3.473,0.384,1.450
37.800,0.343,9.904,3.474,0.126,1.495
37.922,0.329,9.899,3.474,-0.269,1.476
37.934,0.235,9.891,3.476,1.457,0.357
37.967,0.203,9.896,3.477,1.393,0.557
38.000,0.187,9.900,3.477,1.255,0.821
38.123,0.172,9.905,3.478,0.523,0.915
38.134,0.091,9.956,3.479,1.193,-0.909
38.167,0.071,9.980,3.480,1.075,-1.046
38.200,0.062,9.992,3.480,0.828,-1.251
38.366,0.054,10.005,3.480,0.095,-0.845
38.368,0.042,10.031,3.480,0.112,-1.496
38.400,0.033,10.122,3.485,-0.333,-1.462
38.561,0.036,10.133,3.485,-0.591,-1.379
38.567,0.089,10.191,3.486,-1.209,-0.888
38.600,0.098,10.193,3.485,-1.284,-0.775
38.698,0.107,10.195,3.485,-1.354,-0.645
38.700,0.136,10.192,3.484,-1.500,-0.027
38.734,0.163,10.180,3.483,-1.483,0.227
38.767,0.180,10.167,3.483,-1.470,0.298
38.800,0.187,10.159,3.483,-1.462,0.337
38.923,0.194,10.151,3.483,-1.459,0.349
38.934,0.215,10.088,3.485,-0.976,1.139
38.967,0.214,10.065,3.485,-1.086,1.034
39.000,0.212,10.054,3.485,-1.137,0.978
39.137,0.208,10.043,3.486,-1.209,0.887
39.167,0.147,9.977,3.486,0.320,1.466
39.200,0.136,9.972,3.485,0.098,1.497
39.297,0.124,9.968,3.485,-0.230,1.482
39.300,0.053,9.965,3.480,1.456,0.359
39.334,0.038,9.967,3.479,1.428,0.458
39.367,0.007,9.976,3.477,1.220,0.872
39.400,-0.008,9.982,3.477,0.480,0.743
39.508,-0.023,9.989,3.476,-0.200,0.710
39.534,-0.104,10.048,3.474,1.113,-1.006
39.567,-0.125,10.074,3.474,0.336,-0.903
39.600,-0.134,10.087,3.475,-0.350,-0.604
39.696,-0.142,10.101,3.475,-0.809,-0.281
39.700,-0.164,10.159,3.478,0.260,-1.477
39.734,-0.170,10.188,3.481,-0.074,-1.498
39.767,-0.171,10.215,3.485,-0.704,-1.324
39.800,-0.171,10.228,3.487,-1.096,-1.024
39.973,-0.170,10.241,3.489,-1.336,-0.682
40.000,-0.142,10.313,3.509,-1.145,-0.969
40.106,-0.139,10.317,3.511,-1.246,-0.836
40.134,-0.128,10.313,3.521,-1.456,-0.359
40.167,-0.130,10.304,3.523,-1.499,-0.044
40.200,-0.132,10.299,3.524,-1.497,0.090
40.284,-0.139,10.285,3.525,-1.479,0.248
40.300,-0.156,10.261,3.526,-0.322,1.465
40.334,-0.173,10.242,3.525,-0.830,1.249
40.367,-0.194,10.223,3.524,-1.091,1.030
40.400,-0.206,10.213,3.524,-1.152,0.960
40.506,-0.233,10.193,3.524,-1.279,0.784
40.534,-0.314,10.151,3.523,0.918,1.186
40.567,-0.350,10.138,3.523,0.404,1.445
40.600,-0.369,10.133,3.523,-0.121,1.495
40.691,-0.408,10.126,3.523,-0.852,1.118
40.700,-0.468,10.122,3.524,1.480,0.245
40.734,-0.507,10.125,3.524,1.447,0.395
40.767,-0.545,10.132,3.524,0.922,0.635
40.800,-0.563,10.137,3.525,0.141,0.589
40.960,-0.597,10.150,3.525,-0.733,0.529
40.967,-0.691,10.220,3.524,1.060,-1.061
41.000,-0.700,10.232,3.523,0.982,-1.134
41.114,-0.709,10.245,3.523,0.864,-1.226
41.134,-0.736,10.324,3.524,0.167,-1.491
41.167,-0.736,10.349,3.525,-0.333,-1.463
41.200,-0.735,10.361,3.525,-0.686,-1.334
41.352,-0.733,10.372,3.526,-1.053,-1.068
41.367,-0.689,10.435,3.528,-1.219,-0.874
41.400,-0.682,10.438,3.529,-1.294,-0.758
41.566,-0.674,10.441,3.529,-1.364,-0.625
41.568,-0.660,10.442,3.530,-1.447,-0.394
41.600,-0.623,10.416,3.531,-1.375,0.600
41.764,-0.620,10.408,3.531,-1.393,0.555
41.767,-0.618,10.382,3.529,-0.924,1.182
41.800,-0.642,10.315,3.522,-0.115,1.496
41.968,-0.650,10.303,3.520,-0.310,1.468
42.000,-0.765,10.198,3.508,0.869,1.223
42.167,-0.782,10.188,3.507,0.741,1.304
42.200,-0.947,10.142,3.501,1.370,0.611
42.342,-0.966,10.142,3.500,1.317,0.717
42.367,-1.097,10.179,3.495,1.450,-0.383
42.400,-1.110,10.189,3.494,1.445,-0.403
42.562,-1.122,10.199,3.493,1.448,-0.391
42.567,-1.178,10.275,3.485,0.695,-1.329
42.600,-1.191,10.319,3.481,0.305,-1.469
42.765,-1.193,10.333,3.480,0.117,-1.495
42.768,-1.195,10.362,3.478,-0.155,-1.492
42.800,-1.169,10.444,3.473,-0.798,-1.270
42.952,-1.162,10.452,3.473,-0.960,-1.153
42.967,-1.090,10.483,3.466,-1.448,-0.392
43.000,-1.081,10.481,3.465,-1.467,-0.313
43.169,-1.071,10.479,3.464,-1.481,-0.236
43.200,-1.003,10.415,3.461,-1.250,0.830
43.342,-0.999,10.404,3.461,-1.285,0.774
43.367,-1.002,10.308,3.461,-0.437,1.435
43.400,-1.007,10.296,3.461,-0.567,1.389
43.548,-1.013,10.284,3.461,-0.742,1.304
43.567,-1.096,10.203,3.463,0.730,1.310
43.600,-1.110,10.196,3.464,0.556,1.393
43.750,-1.124,10.189,3.464,0.252,1.479
43.767,-1.242,10.171,3.471,1.394,0.555
43.800,-1.256,10.173,3.472,1.338,0.678
43.945,-1.269,10.176,3.473,1.168,0.941
43.967,-1.345,10.235,3.475,1.009,-1.110
44.000,-1.350,10.246,3.474,0.735,-1.308
44.165,-1.354,10.257,3.474,0.075,-1.033
44.167,-1.358,10.282,3.473,-0.026,-1.500
44.200,-1.339,10.370,3.471,-0.681,-1.337
44.334,-1.333,10.382,3.471,-0.836,-1.245
44.367,-1.252,10.448,3.472,-1.347,-0.660
44.400,-1.240,10.452,3.472,-1.401,-0.536
44.546,-1.228,10.455,3.472,-1.444,-0.406
44.567,-1.143,10.441,3.476,-1.470,0.300
44.600,-1.135,10.435,3.477,-1.467,0.313
44.730,-1.121,10.420,3.477,-1.463,0.329
44.734,-1.105,10.376,3.478,-0.930,1.177
44.767,-1.106,10.356,3.478,-1.060,1.061
44.800,-1.108,10.346,3.478,-1.132,0.984
44.945,-1.111,10.336,3.478,-1.219,0.874
44.967,-1.173,10.275,3.478,0.621,1.365
45.000,-1.185,10.270,3.477,0.375,1.452
45.141,-1.197,10.266,3.477,-0.037,1.500
45.167,-1.313,10.274,3.473,1.500,0.037
45.200,-1.328,10.280,3.473,1.497,0.090
45.364,-1.357,10.294,3.473,0.744,0.311
45.367,-1.419,10.347,3.471,1.085,-1.036
45.400,-1.446,10.386,3.471,0.981,-1.135
45.529,-1.453,10.400,3.470,0.826,-1.252
45.534,-1.472,10.482,3.472,0.129,-1.494
45.567,-1.470,10.507,3.472,-0.235,-1.481
45.600,-1.468,10.518,3.473,-0.511,-1.410
45.728,-1.464,10.529,3.473,-0.835,-1.246
45.734,-1.426,10.573,3.473,-1.239,-0.845
45.767,-1.408,10.580,3.472,-1.357,-0.638
45.800,-1.400,10.581,3.472,-1.410,-0.512
45.940,-1.391,10.582,3.472,-1.449,-0.388
45.967,-1.330,10.549,3.474,-1.436,0.434
46.000,-1.325,10.541,3.475,-1.437,0.432
46.110,-1.321,10.533,3.475,-1.443,0.408
46.134,-1.319,10.473,3.477,-0.765,1.290
46.167,-1.326,10.451,3.477,-0.987,1.130
46.200,-1.332,10.441,3.477,-1.082,1.039
46.345,-1.338,10.431,3.477,-1.197,0.904
46.367,-1.425,10.371,3.476,0.922,1.183
46.400,-1.439,10.367,3.476,0.764,1.291
46.548,-1.454,10.364,3.475,0.436,1.435
46.567,-1.586,10.378,3.473,1.495,0.118
46.600,-1.602,10.384,3.473,1.489,0.181
46.734,-1.618,10.392,3.474,1.454,0.370
46.767,-1.718,10.480,3.473,1.024,-1.096
46.801,-1.734,10.507,3.473,0.343,-1.460
46.960,-1.740,10.520,3.473,-0.372,-0.951
46.967,-1.753,10.611,3.475,-0.027,-1.500
47.000,-1.750,10.622,3.475,-0.201,-1.487
47.164,-1.747,10.632,3.475,-0.430,-1.437
47.167,-1.724,10.665,3.475,-1.007,-1.112
47.200,-1.681,10.684,3.473,-1.402,-0.532
47.362,-1.672,10.685,3.472,-1.432,-0.446
47.367,-1.624,10.671,3.470,-1.469,0.304
47.400,-1.593,10.642,3.469,-1.336,0.682
47.554,-1.587,10.632,3.469,-1.360,0.633
47.567,-1.572,10.534,3.466,-0.672,1.341
47.600,-1.575,10.520,3.466,-0.770,1.287
47.754,-1.584,10.493,3.465,-1.005,1.114
47.767,-1.646,10.415,3.464,0.660,1.347
47.800,-1.658,10.406,3.463,0.497,1.415
47.964,-1.671,10.399,3.463,0.220,1.484
47.967,-1.712,10.383,3.462,1.229,0.860
48.000,-1.798,10.380,3.461,1.464,0.327
48.161,-1.824,10.387,3.461,1.369,0.614
48.167,-1.891,10.444,3.458,0.919,-1.185
48.200,-1.897,10.456,3.457,0.812,-1.262
48.363,-1.901,10.467,3.456,0.623,-1.364
48.367,-1.908,10.534,3.452,-0.141,-1.493
48.400,-1.887,10.602,3.451,-0.648,-1.353
48.553,-1.887,10.602,3.451,-0.648,-1.353
48.567,-1.813,10.678,3.454,-1.238,-0.848
48.600,-1.802,10.683,3.455,-1.292,-0.763
48.750,-1.790,10.687,3.455,-1.346,-0.663
48.767,-1.711,10.683,3.461,-1.500,0.033
48.800,-1.703,10.678,3.462,-1.498,0.068
48.907,-1.697,10.672,3.462,-1.497,0.090
48.934,-1.678,10.622,3.463,-1.082,1.038
48.967,-1.679,10.602,3.463,-1.207,0.891
49.000,-1.682,10.592,3.463,-1.258,0.817
49.154,-1.686,10.582,3.463,-1.323,0.707
49.168,-1.752,10.509,3.462,0.665,1.344
49.200,-1.765,10.503,3.462,0.511,1.410
49.338,-1.778,10.497,3.461,0.240,1.481
49.367,-1.904,10.486,3.460,1.370,0.611
49.400,-1.921,10.490,3.460,1.315,0.721
49.548,-1.937,10.494,3.460,1.119,0.999
49.567,-2.044,10.564,3.459,1.153,-0.960
49.600,-2.053,10.576,3.459,1.010,-1.109
49.694,-2.069,10.602,3.458,0.024,-1.052
49.700,-2.085,10.643,3.457,0.198,-1.487
49.734,-2.089,10.671,3.457,-0.216,-1.484
49.767,-2.090,10.698,3.458,-0.853,-1.234
49.800,-2.088,10.711,3.458,-1.112,-1.007
49.911,-2.082,10.735,3.460,-1.401,-0.537
49.934,-2.054,10.782,3.465,-1.274,-0.792
49.967,-2.040,10.794,3.468,-1.414,-0.500
50.000,-2.033,10.799,3.470,-1.452,-0.375
50.122,-2.020,10.805,3.473,-1.490,-0.172
50.134,-1.995,10.803,3.482,-1.496,0.112
50.167,-1.991,10.796,3.485,-1.492,0.151
50.200,-1.990,10.792,3.486,-1.490,0.173
50.283,-1.990,10.787,3.487,-1.490,0.171
50.300,-2.001,10.762,3.490,-0.614,1.369
50.334,-2.014,10.748,3.490,-1.026,1.094
50.367,-2.030,10.734,3.490,-1.254,0.823
50.400,-2.040,10.726,3.490,-1.311,0.728
50.516,-2.051,10.720,3.491,-1.383,0.580
50.534,-2.136,10.687,3.490,1.191,0.912
50.567,-2.170,10.681,3.490,0.873,1.220
50.600,-2.189,10.679,3.490,0.253,1.226
50.735,-2.226,10.679,3.490,-0.726,0.771
50.767,-2.363,10.703,3.495,1.487,-0.195
50.800,-2.382,10.710,3.496,1.484,-0.221
50.937,-2.400,10.718,3.497,1.353,-0.216
50.967,-2.517,10.806,3.506,1.022,-1.098
51.000,-2.527,10.818,3.507,0.896,-1.203
51.148,-2.537,10.831,3.508,0.687,-1.333
51.167,-2.576,10.921,3.516,0.038,-1.500
51.200,-2.577,10.929,3.517,-0.219,-1.484
51.355,-2.576,10.937,3.517,-0.554,-1.394
51.367,-2.541,10.964,3.514,-1.388,-0.568
51.400,-2.526,10.960,3.512,-1.457,-0.355
51.560,-2.526,10.960,3.512,-1.457,-0.355
51.567,-2.466,10.902,3.506,-1.164,0.946
51.600,-2.461,10.891,3.506,-1.202,0.897
51.726,-2.451,10.867,3.506,-1.296,0.755
51.734,-2.442,10.801,3.509,-0.830,1.249
51.768,-2.445,10.775,3.510,-0.984,1.132
51.800,-2.448,10.763,3.511,-1.068,1.053
51.932,-2.452,10.751,3.512,-1.178,0.929
51.934,-2.470,10.719,3.513,0.033,1.500
51.967,-2.517,10.683,3.512,0.485,1.419
52.000,-2.529,10.679,3.511,0.214,1.485
52.148,-2.554,10.674,3.509,-0.641,1.356
52.168,-2.652,10.692,3.499,1.471,-0.292
52.200,-2.666,10.700,3.498,1.456,-0.362
52.353,-2.679,10.708,3.496,0.525,-0.193
52.367,-2.765,10.805,3.488,0.554,-1.394
52.400,-2.772,10.819,3.487,0.332,-1.463
52.553,-2.778,10.834,3.487,-0.044,-1.499
52.567,-2.792,10.939,3.490,-0.204,-1.486
52.600,-2.789,10.950,3.491,-0.362,-1.456
52.757,-2.787,10.959,3.491,-0.565,-1.390
52.767,-2.744,11.000,3.493,-1.374,-0.602
52.800,-2.738,11.000,3.493,-1.406,-0.524
52.950,-2.732,10.999,3.492,-1.432,-0.445
52.967,-2.690,10.954,3.493,-1.312,0.727
53.000,-2.687,10.945,3.493,-1.341,0.672
53.144,-2.685,10.935,3.493,-1.380,0.589
53.167,-2.702,10.842,3.497,-0.660,1.347
53.200,-2.709,10.831,3.497,-0.798,1.270
53.296,-2.717,10.820,3.497,-0.979,1.137
53.300,-2.756,10.782,3.498,0.576,1.385
53.334,-2.781,10.768,3.498,0.500,1.414
53.367,-2.809,10.758,3.497,-0.109,1.496
53.400,-2.824,10.755,3.496,-0.602,1.374
53.517,-2.839,10.752,3.496,-1.015,1.105
53.534,-2.931,10.760,3.491,1.489,-0.180
53.567,-2.960,10.772,3.490,1.486,-0.203
53.600,-2.975,10.779,3.489,1.479,-0.247
53.753,-2.988,10.788,3.488,0.818,-0.160
53.767,-3.076,10.883,3.486,0.784,-1.279
53.800,-3.084,10.897,3.486,0.672,-1.341
53.957,-3.090,10.911,3.487,0.513,-1.409
53.967,-3.109,11.008,3.494,-0.069,-1.498
54.000,-3.107,11.017,3.495,-0.340,-1.461
54.142,-3.105,11.026,3.496,-0.666,-1.344
54.167,-3.061,11.057,3.496,-1.407,-0.520
54.200,-3.054,11.056,3.496,-1.442,-0.414
54.286,-3.039,11.051,3.495,-1.483,-0.225
54.300,-3.016,11.035,3.495,-1.385,0.575
54.334,-3.003,11.019,3.495,-1.417,0.491
54.367,-2.991,11.000,3.495,-1.439,0.423
54.400,-2.987,10.989,3.496,-1.443,0.408
54.493,-2.983,10.978,3.496,-1.459,0.350
54.500,-2.975,10.931,3.499,-0.840,1.242
54.534,-2.977,10.907,3.501,-0.985,1.132
54.567,-2.983,10.884,3.503,-1.168,0.941
54.600,-2.987,10.874,3.503,-1.233,0.854
54.717,-2.993,10.863,3.504,-1.320,0.712
54.734,-3.045,10.818,3.505,0.375,1.452
54.767,-3.070,10.810,3.504,-0.282,1.473
54.800,-3.083,10.808,3.503,-0.657,1.348
54.951,-3.097,10.806,3.502,-1.049,1.072
54.967,-3.222,10.833,3.492,1.436,-0.434
55.000,-3.239,10.841,3.490,1.421,-0.480
55.134,-3.255,10.850,3.489,1.398,-0.543
55.168,-3.373,10.954,3.486,1.019,-1.101
55.200,-3.397,10.984,3.487,0.610,-1.371
55.358,-3.397,10.984,3.487,0.610,-1.371
55.368,-3.459,11.093,3.499,0.409,-1.443
55.400,-3.462,11.104,3.500,0.222,-1.484
55.557,-3.464,11.114,3.501,-0.022,-1.500
55.568,-3.452,11.155,3.500,-0.862,-1.227
55.600,-3.447,11.155,3.498,-1.050,-1.072
55.755,-3.441,11.154,3.497,-1.204,-0.894
55.768,-3.384,11.107,3.486,-1.275,0.790
55.800,-3.377,11.096,3.485,-1.309,0.733
55.956,-3.370,11.084,3.484,-1.351,0.651
55.967,-3.340,10.969,3.483,-0.664,1.345
56.000,-3.340,10.954,3.483,-0.740,1.305
56.143,-3.341,10.938,3.484,-0.846,1.239
56.167,-3.384,10.838,3.488,0.015,1.500
56.200,-3.393,10.830,3.487,-0.154,1.492
56.330,-3.403,10.822,3.487,-0.404,1.445
56.334,-3.459,10.800,3.483,1.225,0.866
56.367,-3.495,10.801,3.480,1.038,1.083
56.400,-3.508,10.803,3.479,0.755,1.296
56.522,-3.520,10.807,3.478,-0.015,1.088
56.534,-3.586,10.850,3.473,1.087,-1.034
56.567,-3.604,10.872,3.471,0.707,-1.323
56.600,-3.611,10.884,3.471,0.012,-1.301
56.716,-3.618,10.897,3.470,-0.614,-0.855
56.734,-3.637,10.983,3.473,-0.082,-1.498
56.767,-3.635,11.012,3.476,-0.489,-1.418
56.800,-3.633,11.026,3.477,-0.742,-1.304
56.881,-3.631,11.039,3.479,-1.007,-1.112
56.900,-3.613,11.087,3.486,-0.805,-1.266
56.934,-3.601,11.105,3.490,-1.064,-1.057
56.967,-3.589,11.120,3.494,-1.293,-0.760
57.000,-3.583,11.125,3.496,-1.370,-0.611
57.133,-3.577,11.130,3.498,-1.426,-0.464
57.134,-3.566,11.136,3.502,-1.430,-0.453
57.167,-3.547,11.130,3.511,-1.498,-0.077
57.200,-3.547,11.126,3.512,-1.500,-0.021
57.318,-3.547,11.120,3.512,-1.500,0.002
57.334,-3.572,11.076,3.511,0.162,1.491
57.367,-3.589,11.058,3.509,-0.371,1.453
57.400,-3.599,11.048,3.509,-0.667,1.343
57.534,-3.610,11.039,3.508,-1.003,1.115
57.567,-3.729,10.973,3.506,1.103,1.017
57.600,-3.747,10.967,3.507,0.997,1.120
57.744,-3.764,10.962,3.507,0.745,1.302
57.767,-3.900,10.956,3.515,1.489,0.184
57.800,-3.915,10.959,3.516,1.484,0.219
57.895,-3.929,10.964,3.517,1.469,0.303
57.900,-3.979,10.991,3.518,1.349,-0.655
57.934,-3.998,11.009,3.518,1.188,-0.915
57.967,-4.013,11.029,3.517,0.222,-0.918
58.000,-4.019,11.040,3.516,-0.494,-0.709
58.152,-4.023,11.051,3.516,-0.948,-0.466
58.167,-4.023,11.135,3.519,-0.724,-1.313
58.200,-4.019,11.143,3.519,-0.887,-1.210
58.340,-4.015,11.151,3.520,-1.060,-1.062
58.367,-3.968,11.176,3.530,-1.448,-0.391
58.400,-3.962,11.175,3.531,-1.467,-0.313
58.543,-3.957,11.172,3.532,-1.480,-0.247
58.567,-3.938,11.119,3.534,-0.966,1.147
58.600,-3.940,11.109,3.534,-1.072,1.049
58.732,-3.946,11.087,3.533,-1.271,0.797
58.734,-3.971,11.042,3.532,0.112,1.496
58.767,-4.000,11.008,3.531,-0.202,1.486
58.800,-4.011,10.998,3.531,-0.449,1.431
58.933,-4.024,10.988,3.531,-0.786,1.278
58.934,-4.050,10.970,3.531,0.728,1.312
58.967,-4.139,10.939,3.529,0.923,1.183
59.000,-4.155,10.937,3.529,0.576,1.385
59.107,-4.170,10.936,3.529,-0.067,1.322
59.134,-4.253,10.955,3.526,1.492,-0.159
59.167,-4.276,10.970,3.525,1.241,-0.231
59.200,-4.286,10.979,3.524,0.577,-0.213
59.328,-4.296,10.988,3.523,-0.105,-0.100
59.334,-4.332,11.061,3.516,0.440,-1.434
59.367,-4.336,11.089,3.514,0.015,-1.500
59.400,-4.337,11.102,3.514,-0.210,-1.485
59.554,-4.336,11.116,3.513,-0.590,-1.379
59.567,-4.300,11.209,3.514,-0.892,-1.206
59.600,-4.292,11.217,3.514,-0.948,-1.162
59.754,-4.285,11.224,3.515,-1.039,-1.082
59.767,-4.226,11.247,3.520,-1.479,-0.252
59.800,-4.220,11.245,3.520,-1.481,-0.237
59.958,-4.215,11.242,3.520,-1.484,-0.218
59.967,-4.203,11.185,3.517,-0.655,1.350
60.000,-4.206,11.175,3.516,-0.707,1.323
60.130,-4.210,11.165,3.515,-0.849,1.236
60.134,-4.256,11.098,3.510,0.328,1.464
60.167,-4.279,11.077,3.509,0.189,1.488
60.200,-4.292,11.067,3.509,0.167,1.491
60.351,-4.305,11.058,3.509,-0.100,1.483
60.367,-4.421,11.016,3.511,1.391,0.562
60.400,-4.435,11.015,3.511,1.392,0.559
60.534,-4.462,11.016,3.512,1.359,0.635
60.567,-4.537,11.052,3.511,1.342,-0.671
60.600,-4.544,11.061,3.510,1.323,-0.706
60.734,-4.551,11.070,3.509,1.295,-0.757
60.767,-4.565,11.157,3.504,0.167,-1.491
60.800,-4.562,11.168,3.504,0.156,-1.492
60.925,-4.558,11.179,3.503,0.093,-1.497
60.934,-4.514,11.230,3.500,-0.970,-1.144
60.967,-4.493,11.240,3.499,-1.032,-1.089
61.000,-4.482,11.244,3.499,-1.018,-1.102
61.151,-4.470,11.246,3.498,-1.023,-1.097
61.167,-4.381,11.230,3.497,-1.487,0.197
61.200,-4.372,11.223,3.497,-1.487,0.198
61.321,-4.363,11.215,3.496,-1.490,0.172
61.334,-4.332,11.154,3.493,-0.857,1.231
61.368,-4.329,11.129,3.491,-0.827,1.251
61.400,-4.330,11.117,3.490,-0.706,1.323
61.530,-4.334,11.092,3.488,-0.366,0.839
61.534,-4.364,11.034,3.486,0.682,1.336
61.567,-4.382,11.015,3.485,0.749,1.300
61.600,-4.393,11.007,3.484,0.859,1.229
61.718,-4.404,11.000,3.484,0.908,1.194
61.734,-4.477,10.977,3.483,1.435,0.437
61.767,-4.501,10.978,3.483,1.449,0.387
61.800,-4.513,10.980,3.483,1.466,0.317
61.896,-4.524,10.983,3.483,1.473,0.283
61.900,-4.562,11.005,3.483,1.355,-0.642
61.934,-4.576,11.021,3.482,1.312,-0.726
61.967,-4.586,11.040,3.481,1.306,-0.738
62.000,-4.589,11.050,3.481,1.317,-0.718
62.149,-4.592,11.071,3.480,1.329,-0.696
62.167,-4.568,11.143,3.476,-0.323,-1.465
62.200,-4.560,11.152,3.476,-0.210,-1.485
62.309,-4.551,11.159,3.475,-0.081,-1.498
62.334,-4.481,11.189,3.470,-1.244,-0.838
62.367,-4.454,11.191,3.469,-1.168,-0.941
62.400,-4.440,11.191,3.468,-1.008,-1.076
62.517,-4.412,11.186,3.467,-0.210,-0.655
62.534,-4.347,11.158,3.466,-1.376,0.596
62.567,-4.326,11.140,3.466,-1.352,0.651
62.600,-4.316,11.130,3.466,-1.300,0.749
62.749,-4.300,11.108,3.466,-0.484,0.501
62.767,-4.276,11.021,3.466,-0.138,1.494
62.800,-4.277,11.009,3.466,0.075,1.498
62.955,-4.279,10.997,3.467,0.291,1.472
62.967,-4.329,10.928,3.468,0.992,1.125
63.000,-4.338,10.924,3.468,1.094,1.026
63.115,-4.357,10.918,3.468,1.264,0.807
63.134,-4.406,10.922,3.469,1.493,0.143
63.167,-4.424,10.931,3.470,1.500,0.038
63.200,-4.432,10.937,3.470,1.500,-0.034
63.322,-4.439,10.944,3.470,1.499,-0.061
63.334,-4.465,11.002,3.470,0.844,-1.240
63.367,-4.466,11.025,3.470,0.971,-1.143
63.400,-4.465,11.037,3.470,1.071,-1.051
63.552,-4.459,11.060,3.470,1.222,-0.870
63.567,-4.407,11.134,3.470,-0.568,-1.388
63.600,-4.396,11.142,3.470,-0.350,-1.459
63.701,-4.384,11.149,3.470,-0.052,-1.499
63.734,-4.303,11.172,3.470,-1.216,-0.878
63.767,-4.274,11.171,3.470,-0.894,-1.205
63.800,-4.259,11.169,3.470,-0.169,-1.007
63.956,-4.232,11.161,3.470,0.685,-0.668
63.967,-4.155,11.104,3.468,-1.058,1.064
64.000,-4.148,11.092,3.468,-0.932,1.175
64.157,-4.141,11.080,3.467,-0.726,1.313
64.167,-4.127,10.962,3.466,0.115,1.496
64.200,-4.134,10.931,3.467,0.476,1.423
64.357,-4.139,10.917,3.467,0.706,1.323
64.367,-4.195,10.835,3.471,1.068,1.054
64.400,-4.205,10.827,3.472,1.128,0.989
64.556,-4.225,10.814,3.473,1.267,0.803
64.567,-4.289,10.803,3.479,1.453,0.372
64.601,-4.296,10.806,3.480,1.467,0.312
64.757,-4.307,10.814,3.480,1.488,0.188
64.767,-4.318,10.869,3.477,0.748,-1.300
64.800,-4.315,10.879,3.476,0.884,-1.212
64.958,-4.311,10.889,3.475,1.048,-1.073
64.968,-4.242,10.977,3.469,-0.428,-1.438
65.000,-4.229,10.986,3.469,-0.269,-1.476
65.155,-4.216,10.996,3.469,0.011,-1.500
65.167,-4.094,11.039,3.472,-1.341,-0.672
65.200,-4.079,11.040,3.472,-1.299,-0.749
65.354,-4.064,11.040,3.473,-1.194,-0.908
65.367,-3.967,11.003,3.475,-1.382,0.584
65.400,-3.959,10.995,3.475,-1.327,0.700
65.556,-3.952,10.986,3.474,-1.132,0.835
65.567,-3.932,10.898,3.470,0.143,1.493
65.600,-3.935,10.886,3.469,0.464,1.427
65.754,-3.943,10.865,3.469,1.111,1.008
65.767,-4.001,10.808,3.468,1.322,0.709
65.800,-4.011,10.803,3.468,1.359,0.634
65.955,-4.022,10.799,3.468,1.396,0.549
65.967,-4.106,10.806,3.475,1.495,-0.124
66.000,-4.114,10.811,3.475,1.494,-0.134
66.156,-4.122,10.817,3.476,1.494,-0.132
66.167,-4.148,10.883,3.481,0.931,-1.176
66.200,-4.147,10.893,3.481,1.024,-1.096
66.349,-4.144,10.902,3.481,1.139,-0.976
66.368,-4.086,10.968,3.482,0.142,-1.493
66.400,-4.075,10.974,3.482,0.432,-1.436
66.524,-4.062,10.979,3.481,0.804,-1.267
66.534,-3.977,10.990,3.479,-1.379,-0.590
66.567,-3.946,10.985,3.478,-1.235,-0.852
66.600,-3.931,10.981,3.478,-0.543,-0.698
66.733,-3.900,10.970,3.477,0.553,-0.429
66.734,-3.885,10.963,3.477,-1.344,0.666
66.767,-3.804,10.901,3.476,-1.024,1.096
66.800,-3.793,10.889,3.476,-0.839,1.243
66.941,-3.783,10.875,3.477,-0.500,1.414
66.967,-3.737,10.760,3.483,-0.094,1.497
67.000,-3.736,10.747,3.484,0.195,1.487
67.140,-3.736,10.734,3.485,0.519,1.407
67.167,-3.767,10.661,3.490,1.107,1.012
67.200,-3.774,10.656,3.490,1.206,0.892
67.331,-3.781,10.653,3.490,1.296,0.756
67.334,-3.804,10.649,3.490,1.476,0.266
67.367,-3.839,10.664,3.491,1.500,0.007
67.400,-3.844,10.670,3.491,1.500,-0.027
67.544,-3.849,10.677,3.491,1.500,-0.033
67.567,-3.858,10.756,3.490,0.647,-1.354
67.600,-3.855,10.768,3.490,0.795,-1.272
67.733,-3.844,10.790,3.489,1.108,-1.011
67.735,-3.830,10.813,3.489,0.615,-1.368
67.767,-3.776,10.861,3.488,-0.266,-1.476
67.800,-3.763,10.868,3.488,0.067,-1.499
67.897,-3.735,10.881,3.487,0.880,-1.215
67.900,-3.690,10.894,3.487,-1.295,-0.757
67.934,-3.660,10.897,3.487,-1.199,-0.901
67.967,-3.629,10.896,3.487,-0.272,-0.847
68.000,-3.614,10.894,3.487,0.216,-0.643
68.136,-3.599,10.891,3.487,0.712,-0.519
68.167,-3.505,10.832,3.490,-0.976,1.139
68.200,-3.497,10.822,3.491,-0.742,1.304
68.335,-3.490,10.810,3.492,-0.307,1.468
68.367,-3.460,10.706,3.505,-0.023,1.500
68.400,-3.460,10.694,3.507,0.222,1.483
68.532,-3.460,10.681,3.509,0.497,1.415
68.534,-3.477,10.622,3.523,0.737,1.307
68.567,-3.487,10.609,3.527,1.042,1.079
68.600,-3.492,10.604,3.529,1.184,0.921
68.726,-3.498,10.600,3.531,1.300,0.748
68.734,-3.531,10.600,3.539,1.495,0.120
68.767,-3.539,10.609,3.541,1.500,0.034
68.800,-3.543,10.615,3.542,1.500,-0.004
68.933,-3.546,10.622,3.542,1.500,-0.014
68.935,-3.549,10.637,3.543,1.418,-0.489
68.967,-3.537,10.700,3.542,0.804,-1.266
69.000,-3.532,10.711,3.542,0.965,-1.148
69.118,-3.525,10.723,3.541,1.147,-0.966
69.134,-3.464,10.787,3.538,-0.857,-1.231
69.167,-3.437,10.804,3.536,-0.609,-1.371
69.200,-3.422,10.812,3.536,-0.389,-1.449
69.323,-3.406,10.819,3.535,0.032,-1.500
69.334,-3.307,10.839,3.532,-1.376,-0.596
69.367,-3.275,10.837,3.531,-1.284,-0.775
69.400,-3.259,10.835,3.531,-0.911,-0.941
69.487,-3.244,10.832,3.530,-0.053,-0.725
69.500,-3.191,10.808,3.527,-1.364,0.624
69.534,-3.170,10.791,3.524,-1.177,0.929
69.567,-3.153,10.771,3.521,0.158,0.658
69.600,-3.147,10.760,3.520,0.623,0.545
69.685,-3.141,10.748,3.518,1.017,0.364
69.700,-3.129,10.700,3.515,0.124,1.495
69.734,-3.129,10.676,3.515,0.522,1.406
69.767,-3.133,10.653,3.516,0.994,1.124
69.800,-3.136,10.642,3.517,1.216,0.878
69.931,-3.139,10.632,3.518,1.347,0.659
69.935,-3.159,10.594,3.526,1.253,0.825
69.967,-3.169,10.581,3.532,1.388,0.568
70.000,-3.172,10.579,3.534,1.434,0.441
70.110,-3.174,10.578,3.535,1.464,0.327
70.134,-3.172,10.592,3.542,1.463,-0.333
70.167,-3.164,10.603,3.542,1.474,-0.276
70.200,-3.159,10.609,3.541,1.475,-0.270
70.311,-3.153,10.617,3.541,1.485,-0.215
70.334,-3.092,10.668,3.535,-0.508,-1.411
70.367,-3.064,10.686,3.532,0.214,-1.485
70.400,-3.048,10.694,3.531,0.596,-1.316
70.508,-3.031,10.703,3.530,0.987,-0.987
70.534,-2.918,10.742,3.526,-1.346,-0.662
70.567,-2.878,10.750,3.526,-1.257,-0.818
70.600,-2.858,10.753,3.526,-1.101,-1.019
70.673,-2.838,10.754,3.526,-0.517,-1.046
70.700,-2.760,10.752,3.528,-1.498,-0.086
70.734,-2.724,10.745,3.529,-1.493,-0.149
70.767,-2.691,10.734,3.530,-0.139,-0.065
70.800,-2.676,10.728,3.531,0.421,-0.045
70.917,-2.662,10.721,3.531,0.856,-0.077
70.934,-2.596,10.668,3.536,-1.018,1.102
70.967,-2.582,10.648,3.539,-0.777,1.283
71.000,-2.577,10.637,3.540,-0.411,1.443
71.120,-2.572,10.627,3.542,0.165,1.491
71.134,-2.559,10.572,3.555,0.058,1.499
71.167,-2.560,10.557,3.559,0.535,1.401
71.200,-2.562,10.551,3.561,0.825,1.253
71.293,-2.564,10.546,3.563,1.092,1.029
71.300,-2.577,10.534,3.570,1.308,0.735
71.334,-2.585,10.534,3.573,1.433,0.442
71.367,-2.594,10.538,3.575,1.485,0.211
71.400,-2.599,10.541,3.576,1.495,0.117
71.525,-2.603,10.546,3.577,1.498,0.069
71.534,-2.619,10.593,3.583,0.841,-1.242
71.567,-2.619,10.614,3.584,1.051,-1.070
71.600,-2.617,10.625,3.585,1.151,-0.962
71.725,-2.615,10.636,3.585,1.261,-0.813
71.734,-2.581,10.703,3.588,-0.322,-1.465
71.767,-2.562,10.722,3.588,-0.003,-1.500
71.800,-2.551,10.731,3.588,0.238,-1.481
71.939,-2.540,10.739,3.588,0.585,-1.381
71.967,-2.431,10.768,3.582,-1.340,-0.674
72.000,-2.416,10.767,3.581,-1.256,-0.820
72.134,-2.402,10.764,3.580,-1.030,-1.091
72.167,-2.302,10.709,3.569,-1.169,0.940
72.200,-2.292,10.698,3.567,-1.050,1.071
72.317,-2.283,10.686,3.566,-0.826,1.252
72.334,-2.249,10.608,3.559,-0.326,1.464
72.367,-2.246,10.581,3.558,0.120,1.495
72.400,-2.246,10.568,3.557,0.451,1.431
72.533,-2.247,10.555,3.557,0.824,1.253
72.535,-2.253,10.532,3.556,0.855,1.232
72.567,-2.286,10.482,3.552,1.099,1.021
72.600,-2.301,10.473,3.551,1.309,0.732
72.727,-2.309,10.470,3.550,1.382,0.584
72.734,-2.345,10.472,3.548,1.499,-0.056
72.767,-2.357,10.480,3.546,1.497,-0.096
72.800,-2.366,10.492,3.545,1.494,-0.134
72.941,-2.366,10.492,3.545,1.494,-0.134
72.967,-2.364,10.567,3.536,0.535,-1.401
73.000,-2.359,10.578,3.534,0.702,-1.326
73.130,-2.353,10.588,3.533,0.911,-1.192
73.134,-2.318,10.629,3.528,-0.442,-1.433
73.167,-2.269,10.662,3.523,-0.498,-1.415
73.200,-2.255,10.669,3.522,-0.212,-1.485
73.326,-2.240,10.674,3.521,0.282,-1.473
73.334,-2.148,10.688,3.516,-1.463,-0.329
73.367,-2.118,10.685,3.515,-1.443,-0.409
73.400,-2.104,10.681,3.515,-1.393,-0.555
73.539,-2.090,10.677,3.514,-0.652,-0.558
73.567,-2.010,10.610,3.506,-0.972,1.142
73.600,-2.004,10.599,3.505,-0.753,1.297
73.734,-2.000,10.588,3.504,-0.371,1.453
73.767,-2.002,10.492,3.499,0.668,1.343
73.800,-2.012,10.471,3.499,1.037,1.084
73.940,-2.012,10.471,3.499,1.037,1.084
73.967,-2.079,10.420,3.500,1.347,0.660
74.000,-2.089,10.418,3.501,1.395,0.552
74.133,-2.098,10.418,3.501,1.431,0.451
74.135,-2.107,10.418,3.502,1.478,0.257
74.167,-2.155,10.447,3.504,1.437,-0.431
74.200,-2.158,10.454,3.504,1.447,-0.396
74.332,-2.161,10.462,3.504,1.462,-0.336
74.334,-2.163,10.471,3.503,1.346,-0.663
74.367,-2.144,10.542,3.499,0.508,-1.411
74.400,-2.137,10.552,3.499,0.710,-1.321
74.535,-2.128,10.562,3.498,0.953,-1.158
74.567,-2.030,10.622,3.491,-0.662,-1.346
74.600,-2.014,10.626,3.490,-0.308,-1.468
74.732,-1.999,10.629,3.489,0.343,-1.297
74.734,-1.950,10.631,3.487,-1.483,-0.224
74.767,-1.869,10.614,3.484,-1.498,-0.078
74.800,-1.839,10.599,3.483,-0.291,-0.019
74.934,-1.826,10.591,3.483,0.394,-0.053
74.967,-1.754,10.510,3.478,0.241,1.184
75.000,-1.747,10.496,3.477,0.701,0.958
75.148,-1.742,10.483,3.477,1.087,0.671
75.168,-1.736,10.381,3.483,0.677,1.339
75.200,-1.738,10.371,3.485,0.866,1.225
75.351,-1.741,10.361,3.487,1.063,1.059
75.367,-1.764,10.316,3.505,1.164,0.946
75.400,-1.766,10.315,3.507,1.251,0.828
75.543,-1.767,10.315,3.509,1.327,0.699
75.567,-1.756,10.348,3.517,0.690,-1.332
75.600,-1.751,10.357,3.517,0.951,-1.160
75.750,-1.746,10.366,3.517,1.196,-0.906
75.767,-1.670,10.458,3.521,-0.719,-1.316
75.800,-1.657,10.470,3.522,-0.555,-1.393
75.943,-1.644,10.481,3.523,-0.310,-1.468
75.967,-1.528,10.552,3.538,-1.077,-1.044
76.000,-1.513,10.557,3.540,-0.938,-1.170
76.152,-1.500,10.561,3.542,-0.678,-1.338
76.167,-1.415,10.555,3.549,-1.499,0.045
76.200,-1.409,10.550,3.549,-1.229,0.058
76.346,-1.399,10.536,3.547,0.357,0.001
76.367,-1.398,10.467,3.533,1.074,1.048
76.400,-1.402,10.455,3.531,1.248,0.832
76.544,-1.407,10.444,3.529,1.375,0.599
76.567,-1.483,10.356,3.524,1.236,0.850
76.600,-1.494,10.347,3.525,1.293,0.760
76.749,-1.505,10.339,3.526,1.349,0.655
76.767,-1.578,10.304,3.537,1.439,0.422
76.800,-1.583,10.304,3.538,1.454,0.368
76.952,-1.588,10.304,3.539,1.467,0.315
76.967,-1.585,10.336,3.533,0.606,-1.372
77.000,-1.580,10.343,3.531,0.873,-1.220
77.143,-1.565,10.358,3.528,1.271,-0.797
77.167,-1.483,10.415,3.518,-0.854,-1.233
77.200,-1.468,10.422,3.517,-0.662,-1.346
77.340,-1.453,10.429,3.516,-0.243,-1.480
77.367,-1.321,10.457,3.519,-1.375,-0.600
77.400,-1.305,10.456,3.520,-1.316,-0.720
77.519,-1.290,10.454,3.521,-1.145,-0.969
77.534,-1.214,10.424,3.522,-1.402,0.533
77.567,-1.195,10.407,3.521,-1.263,0.810
77.600,-1.188,10.397,3.520,-0.564,0.852
77.738,-1.181,10.387,3.519,0.219,0.594
77.767,-1.169,10.295,3.512,0.406,1.444
77.800,-1.172,10.284,3.511,0.604,1.373
77.944,-1.177,10.273,3.510,0.828,1.251
77.967,-1.241,10.218,3.507,1.208,0.889
78.000,-1.251,10.215,3.507,1.272,0.795
78.141,-1.261,10.214,3.507,1.328,0.697
78.167,-1.326,10.239,3.506,1.487,-0.194
78.200,-1.331,10.246,3.506,1.488,-0.189
78.351,-1.336,10.255,3.505,1.492,-0.159
78.367,-1.333,10.340,3.497,0.499,-1.415
78.400,-1.328,10.352,3.496,0.672,-1.341
78.526,-1.322,10.364,3.495,0.895,-1.204
78.534,-1.261,10.428,3.489,-0.475,-1.423
78.567,-1.235,10.445,3.487,-0.100,-1.497
78.600,-1.220,10.452,3.486,0.191,-1.488
78.723,-1.206,10.459,3.486,0.644,-1.355
78.734,-1.113,10.477,3.483,-1.436,-0.433
78.767,-1.084,10.475,3.482,-1.401,-0.537
78.800,-1.069,10.472,3.482,-1.321,-0.711
78.933,-1.055,10.468,3.482,-0.524,-0.656
78.934,-1.042,10.463,3.482,-1.465,0.321
78.967,-0.969,10.405,3.479,-0.935,1.173
79.000,-0.962,10.394,3.479,-0.671,1.342
79.132,-0.956,10.383,3.478,-0.117,1.420
79.134,-0.946,10.359,3.478,-0.223,1.483
79.167,-0.944,10.286,3.480,0.378,1.452
79.200,-0.947,10.275,3.481,0.616,1.368
79.315,-0.952,10.264,3.481,0.873,1.220
79.334,-0.991,10.219,3.486,1.137,0.979
79.367,-1.007,10.211,3.487,1.304,0.742
79.400,-1.016,10.209,3.488,1.369,0.613
79.531,-1.024,10.208,3.489,1.415,0.497
79.534,-1.048,10.211,3.491,1.500,0.001
79.567,-1.077,10.236,3.495,1.461,-0.340
79.600,-1.081,10.244,3.495,1.467,-0.312
79.752,-1.084,10.252,3.495,1.478,-0.256
79.767,-1.068,10.334,3.494,0.062,-1.499
79.800,-1.061,10.344,3.494,0.245,-1.480
79.939,-1.053,10.355,3.494,0.509,-1.411
79.967,-0.955,10.420,3.491,-0.936,-1.172
80.000,-0.940,10.425,3.491,-0.799,-1.269
80.138,-0.925,10.429,3.491,-0.490,-1.418
80.167,-0.805,10.425,3.493,-1.482,-0.230
80.200,-0.792,10.420,3.493,-1.470,-0.297
80.356,-0.780,10.414,3.493,-0.741,-0.300
80.367,-0.716,10.336,3.489,-0.652,1.351
80.400,-0.712,10.324,3.488,-0.434,1.436
80.547,-0.709,10.298,3.486,0.289,1.472
80.567,-0.730,10.210,3.483,0.757,1.295
80.600,-0.737,10.199,3.483,0.905,1.196
80.748,-0.744,10.188,3.483,1.059,1.062
80.767,-0.818,10.137,3.489,1.373,0.603
80.800,-0.828,10.135,3.490,1.398,0.543
80.935,-0.837,10.134,3.491,1.421,0.480
80.967,-0.885,10.161,3.495,1.459,-0.349
81.000,-0.887,10.169,3.495,1.466,-0.316
81.143,-0.888,10.177,3.495,1.478,-0.257
81.167,-0.857,10.254,3.489,-0.008,-1.500
81.200,-0.848,10.265,3.488,0.231,-1.482
81.323,-0.838,10.275,3.487,0.576,-1.385
81.334,-0.759,10.325,3.482,-0.840,-1.243
81.367,-0.727,10.337,3.482,-0.514,-1.409
81.400,-0.711,10.341,3.481,-0.194,-1.487
81.521,-0.694,10.345,3.481,0.409,-1.398
81.534,-0.598,10.347,3.483,-1.468,-0.310
81.567,-0.569,10.339,3.484,-1.450,-0.383
81.600,-0.556,10.334,3.484,-0.828,-0.354
81.736,-0.544,10.328,3.485,0.021,-0.266
81.767,-0.479,10.248,3.479,0.061,1.499
81.800,-0.476,10.236,3.478,0.557,1.393
81.936,-0.474,10.223,3.477,1.022,1.098
81.967,-0.490,10.118,3.480,0.647,1.353
82.000,-0.496,10.106,3.482,0.775,1.284
82.139,-0.507,10.085,3.485,1.061,1.060
82.167,-0.548,10.036,3.501,1.240,0.843
82.200,-0.553,10.033,3.503,1.296,0.756
82.324,-0.557,10.031,3.505,1.347,0.660
82.334,-0.567,10.039,3.513,1.499,-0.051
82.367,-0.563,10.050,3.513,1.499,-0.058
82.400,-0.560,10.056,3.513,1.499,-0.064
82.532,-0.556,10.064,3.513,1.500,-0.028
82.534,-0.545,10.080,3.512,1.245,-0.837
82.567,-0.488,10.141,3.505,-0.075,-1.498
82.600,-0.475,10.152,3.504,0.260,-1.477
82.733,-0.461,10.163,3.503,0.765,-1.290
82.735,-0.430,10.184,3.501,-0.491,-1.417
82.767,-0.322,10.236,3.500,-1.195,-0.907
82.800,-0.302,10.242,3.500,-1.089,-1.032
82.939,-0.283,10.248,3.500,-0.885,-1.211
82.967,-0.143,10.257,3.507,-1.496,-0.111
83.000,-0.129,10.254,3.507,-1.489,-0.181
83.115,-0.115,10.250,3.507,-1.475,-0.271
83.134,-0.055,10.209,3.505,-1.180,0.926
83.167,-0.043,10.191,3.502,-0.787,1.225
83.200,-0.039,10.181,3.501,-0.092,0.733
83.324,-0.035,10.161,3.499,0.762,0.263
83.334,-0.043,10.112,3.495,0.672,1.341
83.367,-0.053,10.095,3.495,1.020,1.100
83.400,-0.059,10.087,3.494,1.238,0.847
83.534,-0.074,10.074,3.495,1.451,0.382
83.567,-0.138,10.058,3.499,1.492,0.153
83.600,-0.146,10.060,3.500,1.500,0.004
83.742,-0.155,10.063,3.501,1.498,-0.086
83.767,-0.192,10.114,3.506,1.049,-1.072
83.800,-0.193,10.123,3.506,1.067,-1.054
83.944,-0.192,10.132,3.506,1.121,-0.997
83.967,-0.147,10.205,3.505,-0.138,-1.494
84.000,-0.137,10.213,3.505,0.032,-1.500
84.118,-0.125,10.220,3.505,0.274,-1.475
84.134,-0.045,10.243,3.502,-1.292,-0.762
84.167,-0.015,10.243,3.500,-1.127,-0.990
84.200,0.001,10.242,3.500,-0.901,-1.199
84.340,0.016,10.239,3.499,-0.507,-1.412
84.367,0.121,10.180,3.495,-1.365,0.623
84.400,0.131,10.169,3.495,-1.391,0.561
84.543,0.140,10.157,3.494,-1.430,0.454
84.567,0.176,10.045,3.488,-0.367,1.454
84.600,0.176,10.031,3.488,-0.171,1.490
84.732,0.175,10.017,3.487,0.194,1.487
84.734,0.172,10.003,3.487,0.515,1.409
84.767,0.129,9.925,3.483,1.198,0.902
84.800,0.119,9.917,3.483,1.383,0.581
84.941,0.110,9.910,3.482,1.479,0.249
84.967,0.028,9.897,3.483,1.496,-0.103
85.000,0.019,9.900,3.483,1.486,-0.206
85.142,0.010,9.903,3.483,1.467,-0.312
85.167,-0.027,9.960,3.485,0.929,-1.178
85.200,-0.027,9.968,3.485,0.951,-1.160
85.335,-0.026,9.977,3.485,0.989,-1.128
85.367,0.021,10.041,3.485,0.138,-1.494
85.400,0.031,10.046,3.485,0.288,-1.472
85.530,0.042,10.051,3.485,0.485,-1.419
85.534,0.120,10.061,3.482,-0.942,-1.168
85.567,0.150,10.056,3.481,-0.501,-1.414
85.600,0.164,10.052,3.481,-0.161,-1.491
85.718,0.179,10.047,3.480,0.272,-1.475
85.734,0.261,9.994,3.476,-1.428,0.458
85.767,0.284,9.969,3.475,-1.473,0.282
85.800,0.294,9.955,3.474,-1.018,-0.120
85.929,0.304,9.940,3.474,-0.297,-0.490
85.934,0.343,9.838,3.470,-0.525,1.405
85.967,0.349,9.802,3.469,-0.246,1.480
86.000,0.350,9.784,3.469,0.088,1.497
86.141,0.350,9.767,3.469,0.497,0.760
86.167,0.321,9.648,3.471,0.733,1.309
86.200,0.314,9.637,3.472,0.939,1.170
86.303,0.299,9.618,3.473,1.370,0.610
86.334,0.259,9.589,3.476,1.439,0.423
86.367,0.245,9.585,3.477,1.499,-0.046
86.400,0.232,9.586,3.479,1.427,-0.463
86.521,0.232,9.586,3.479,1.427,-0.463
86.534,0.209,9.608,3.483,1.028,-1.092
86.567,0.209,9.621,3.484,1.022,-1.098
86.600,0.210,9.628,3.485,1.013,-1.106
86.726,0.213,9.635,3.485,1.027,-1.093
86.734,0.249,9.677,3.489,-0.196,-1.487
86.767,0.268,9.687,3.490,0.100,-1.497
86.800,0.279,9.692,3.490,0.250,-1.479
86.923,0.291,9.695,3.491,0.447,-1.432
86.934,0.373,9.697,3.491,-1.453,-0.371
86.967,0.403,9.689,3.491,-1.294,-0.758
87.000,0.418,9.684,3.491,-1.079,-1.042
87.084,0.432,9.677,3.491,-0.606,-1.372
87.100,0.487,9.641,3.490,-1.469,0.303
87.134,0.511,9.617,3.490,-1.314,-0.112
87.167,0.533,9.590,3.490,-0.219,-0.509
87.200,0.542,9.576,3.489,0.124,-0.762
87.327,0.551,9.561,3.490,0.448,-0.969
87.334,0.582,9.468,3.493,-0.350,1.459
87.367,0.585,9.437,3.496,-0.110,1.496
87.400,0.585,9.421,3.498,0.188,1.488
87.501,0.584,9.406,3.500,0.538,0.832
87.534,0.569,9.323,3.514,0.715,1.319
87.567,0.560,9.299,3.520,1.217,0.877
87.600,0.556,9.289,3.524,1.461,0.341
87.738,0.551,9.279,3.527,1.488,-0.186
87.767,0.519,9.234,3.552,1.459,0.348
87.801,0.518,9.232,3.555,1.500,0.019
87.937,0.516,9.232,3.559,1.387,-0.570
87.967,0.539,9.256,3.567,0.128,-1.495
88.000,0.546,9.262,3.567,0.285,-1.473
88.135,0.555,9.268,3.567,0.459,-1.428
88.167,0.657,9.320,3.568,-0.752,-1.298
88.200,0.673,9.325,3.569,-0.576,-1.385
88.328,0.706,9.334,3.570,-0.127,-1.495
88.334,0.789,9.342,3.575,-1.418,-0.488
88.368,0.820,9.338,3.577,-1.300,-0.748
88.400,0.835,9.335,3.578,-1.124,-0.993
88.548,0.862,9.325,3.579,-0.565,-1.389
88.567,0.928,9.265,3.573,-1.276,0.789
88.600,0.934,9.253,3.571,-1.387,0.571
88.739,0.938,9.241,3.569,-1.011,-0.007
88.767,0.932,9.134,3.553,0.492,1.417
88.800,0.926,9.121,3.551,0.725,1.313
88.950,0.919,9.109,3.549,1.084,1.037
88.967,0.838,9.033,3.539,1.316,0.719
89.000,0.825,9.027,3.538,1.405,0.526
89.131,0.813,9.023,3.537,1.471,0.294
89.134,0.767,9.015,3.535,1.500,0.020
89.167,0.730,9.023,3.534,1.408,-0.517
89.200,0.723,9.027,3.533,1.338,-0.678
89.325,0.717,9.032,3.532,1.257,-0.818
89.334,0.700,9.074,3.527,0.799,-1.269
89.367,0.703,9.089,3.525,0.750,-1.299
89.400,0.707,9.097,3.524,0.730,-1.311
89.534,0.711,9.105,3.524,0.739,-1.305
89.567,0.781,9.148,3.516,-0.350,-1.458
89.600,0.806,9.151,3.514,-0.055,-1.499
89.738,0.806,9.151,3.514,-0.055,-1.499
89.767,0.918,9.121,3.504,-1.435,-0.438
89.800,0.932,9.113,3.503,-1.308,-0.734
89.939,0.945,9.103,3.502,-0.952,-1.159
89.967,1.032,8.994,3.492,-1.201,0.899
90.000,1.040,8.977,3.490,-1.296,0.755
90.143,1.046,8.960,3.489,-1.172,0.292
90.167,1.059,8.823,3.485,-0.005,1.500
90.200,1.056,8.807,3.485,0.169,1.490
90.350,1.047,8.778,3.484,0.666,0.563
90.367,0.988,8.701,3.481,1.341,0.671
90.400,0.978,8.694,3.480,1.443,0.408
90.522,0.967,8.689,3.479,1.499,0.049
90.534,0.902,8.676,3.479,1.481,-0.235
90.567,0.883,8.680,3.480,1.358,-0.637
90.600,0.874,8.683,3.481,1.269,-0.800
90.744,0.866,8.687,3.481,1.172,-0.936
90.767,0.836,8.736,3.488,0.827,-1.251
90.800,0.837,8.743,3.489,0.796,-1.271
90.941,0.839,8.749,3.490,0.786,-1.277
90.967,0.891,8.781,3.494,-0.437,-1.435
91.000,0.901,8.782,3.494,-0.248,-1.479
91.144,0.912,8.781,3.494,-0.015,-1.500
91.167,1.015,8.740,3.489,-1.498,0.085
91.200,1.029,8.730,3.488,-1.496,-0.113
91.344,1.042,8.719,3.487,-1.416,-0.495
91.368,1.126,8.600,3.483,-1.166,0.944
91.400,1.133,8.583,3.483,-1.241,0.696
91.542,1.140,8.566,3.483,-0.630,-0.028
91.567,1.152,8.437,3.485,-0.127,1.495
91.600,1.149,8.424,3.485,0.025,1.500
91.728,1.140,8.399,3.485,0.509,0.482
91.734,1.102,8.354,3.483,1.146,0.968
91.767,1.082,8.344,3.481,1.417,0.491
91.801,1.061,8.337,3.479,1.477,-0.260
91.944,1.061,8.337,3.479,1.477,-0.260
91.967,0.979,8.353,3.480,1.324,-0.706
92.000,0.971,8.359,3.481,1.268,-0.801
92.138,0.963,8.366,3.482,1.203,-0.895
92.167,0.937,8.430,3.489,0.669,-1.343
92.200,0.938,8.437,3.490,0.661,-1.347
92.343,0.940,8.445,3.491,0.669,-1.342
92.367,0.994,8.481,3.495,0.185,-1.489
92.400,1.005,8.481,3.494,0.230,-1.482
92.538,1.016,8.481,3.494,0.327,-1.464
92.567,1.118,8.439,3.486,-1.499,0.058
92.600,1.132,8.429,3.485,-1.492,-0.159
92.743,1.145,8.418,3.484,-1.388,-0.569
92.767,1.241,8.297,3.479,-1.128,0.989
92.800,1.259,8.262,3.480,-1.284,0.775
92.926,1.259,8.262,3.480,-1.284,0.775
92.934,1.293,8.158,3.486,-0.850,1.236
92.968,1.297,8.127,3.489,-0.291,0.446
93.000,1.297,8.113,3.490,0.027,-0.192
93.137,1.295,8.087,3.492,0.401,-0.870
93.167,1.259,8.026,3.497,1.498,0.081
93.201,1.242,8.017,3.499,1.268,-0.801
93.320,1.242,8.017,3.499,1.268,-0.801
93.335,1.186,8.013,3.511,1.453,-0.374
93.368,1.168,8.017,3.517,1.344,-0.667
93.400,1.160,8.019,3.520,1.262,-0.811
93.540,1.145,8.025,3.526,1.071,-1.051
93.567,1.119,8.045,3.549,0.977,-1.139
93.600,1.119,8.047,3.551,0.909,-1.193
93.734,1.120,8.049,3.554,0.852,-1.234
93.767,1.166,8.040,3.564,-0.985,-1.131
93.800,1.175,8.036,3.564,-0.665,-1.345
93.941,1.186,8.031,3.563,-0.279,-1.474
93.967,1.289,7.959,3.560,-1.350,0.654
94.000,1.303,7.946,3.560,-1.399,0.541
94.140,1.316,7.932,3.560,-1.470,0.297
94.167,1.397,7.807,3.563,-0.906,1.195
94.200,1.404,7.790,3.564,-0.962,1.151
94.337,1.409,7.774,3.565,-1.064,1.057
94.367,1.413,7.668,3.565,0.206,1.486
94.400,1.409,7.658,3.564,0.395,1.447
94.538,1.405,7.650,3.563,0.708,1.253
94.567,1.342,7.621,3.547,1.493,-0.149
94.600,1.332,7.622,3.544,1.452,-0.377
94.737,1.322,7.625,3.542,1.368,-0.615
94.767,1.252,7.682,3.530,0.987,-1.130
94.800,1.246,7.692,3.529,0.943,-1.167
94.941,1.241,7.702,3.528,0.899,-1.201
94.967,1.232,7.783,3.530,0.282,-1.473
95.000,1.235,7.791,3.530,0.305,-1.469
95.136,1.239,7.799,3.530,0.343,-1.460
95.167,1.300,7.823,3.524,-0.864,-1.226
95.200,1.310,7.821,3.523,-0.710,-1.322
95.323,1.320,7.818,3.521,-0.491,-1.417
95.334,1.384,7.778,3.512,-1.500,0.019
95.367,1.404,7.756,3.509,-1.417,-0.491
95.400,1.413,7.743,3.508,-1.238,-0.847
95.526,1.421,7.730,3.507,-0.783,-1.217
95.534,1.456,7.637,3.499,-0.465,1.426
95.567,1.460,7.603,3.496,-0.419,1.440
95.600,1.461,7.586,3.495,-0.376,1.452
95.738,1.460,7.568,3.495,-0.163,0.845
95.767,1.420,7.440,3.494,0.709,1.322
95.800,1.411,7.426,3.494,0.854,1.233
95.902,1.402,7.414,3.495,1.046,1.075
95.934,1.343,7.357,3.499,1.301,0.746
95.967,1.323,7.346,3.501,1.477,0.260
96.000,1.314,7.342,3.502,1.498,-0.086
96.108,1.305,7.339,3.503,1.426,-0.466
96.134,1.266,7.343,3.507,1.376,-0.597
96.167,1.261,7.351,3.507,1.163,-0.948
96.201,1.259,7.356,3.507,1.040,-1.081
96.328,1.260,7.367,3.507,0.845,-1.239
96.334,1.279,7.398,3.508,-0.353,-1.458
96.367,1.295,7.409,3.508,-0.191,-1.488
96.400,1.304,7.414,3.508,-0.096,-1.497
96.532,1.314,7.418,3.508,0.036,-1.500
96.534,1.336,7.425,3.508,-1.107,-1.012
96.567,1.414,7.424,3.508,-1.320,-0.712
96.600,1.428,7.420,3.509,-1.204,-0.894
96.733,1.441,7.416,3.509,-0.988,-1.129
96.734,1.454,7.410,3.509,-1.484,-0.218
96.767,1.532,7.343,3.508,-1.408,0.517
96.800,1.540,7.330,3.507,-1.486,0.208
96.945,1.547,7.317,3.507,-1.454,-0.352
96.967,1.565,7.201,3.502,-0.201,1.487
97.000,1.562,7.187,3.501,-0.121,1.495
97.142,1.554,7.161,3.500,0.244,0.532
97.168,1.495,7.091,3.494,1.292,0.762
97.200,1.484,7.085,3.493,1.421,0.481
97.328,1.472,7.080,3.492,1.499,0.067
97.334,1.400,7.070,3.491,1.480,-0.241
97.367,1.378,7.074,3.492,1.372,-0.607
97.400,1.368,7.078,3.493,1.279,-0.784
97.513,1.358,7.082,3.493,1.165,-0.945
97.535,1.319,7.121,3.497,0.933,-1.174
97.567,1.314,7.136,3.499,0.788,-1.276
97.600,1.313,7.151,3.501,0.671,-1.342
97.749,1.313,7.151,3.501,0.671,-1.342
97.767,1.349,7.191,3.505,-0.497,-1.415
97.800,1.358,7.192,3.505,-0.359,-1.456
97.951,1.367,7.192,3.505,-0.184,-1.489
97.967,1.455,7.157,3.501,-1.424,-0.471
98.000,1.466,7.148,3.500,-1.267,-0.803
98.148,1.478,7.138,3.499,-0.899,-1.200
98.167,1.547,7.023,3.492,-0.821,1.256
98.200,1.552,7.006,3.491,-0.868,1.223
98.348,1.557,6.989,3.490,-0.957,1.155
98.367,1.554,6.848,3.490,0.121,1.495
98.401,1.543,6.816,3.491,0.380,1.451
98.533,1.543,6.816,3.491,0.380,1.451
98.534,1.530,6.787,3.492,0.808,1.264
98.567,1.476,6.722,3.493,1.241,0.842
98.600,1.466,6.714,3.493,1.372,0.605
98.723,1.456,6.708,3.493,1.481,0.237
98.734,1.400,6.694,3.496,1.499,-0.049
98.767,1.386,6.697,3.497,1.434,-0.441
98.800,1.380,6.700,3.497,1.349,-0.655
98.944,1.375,6.704,3.497,1.237,-0.848
98.967,1.369,6.758,3.497,0.263,-1.477
99.000,1.373,6.765,3.497,0.289,-1.472
99.089,1.378,6.773,3.496,0.332,-1.463
99.100,1.409,6.801,3.496,-0.019,-1.500
99.134,1.430,6.812,3.496,0.026,-1.500
99.167,1.454,6.820,3.496,0.089,-1.497
99.200,1.466,6.822,3.496,0.105,-1.496
99.317,1.479,6.824,3.496,0.195,-1.487
99.334,1.560,6.814,3.497,-1.452,-0.375
99.367,1.586,6.803,3.497,-1.320,-0.713
99.400,1.598,6.795,3.496,-1.184,-0.921
99.480,1.610,6.787,3.496,-0.931,-1.176
99.500,1.654,6.743,3.495,-1.213,0.882
99.534,1.671,6.716,3.495,-1.341,0.672
99.567,1.686,6.687,3.494,-1.209,0.028
99.600,1.692,6.672,3.494,-0.768,-0.323
99.724,1.697,6.656,3.494,-0.396,-0.735
99.734,1.707,6.559,3.496,-0.091,1.497
99.767,1.702,6.529,3.497,0.080,1.498
99.800,1.698,6.514,3.498,0.311,1.392
99.893,1.693,6.500,3.498,0.390,0.489
99.900,1.664,6.451,3.500,0.922,1.183
99.934,1.646,6.431,3.502,1.209,0.887
99.967,1.626,6.414,3.503,1.492,0.150
100.000,1.616,6.407,3.504,1.466,-0.209
100.128,1.606,6.402,3.505,1.231,-0.603
100.134,1.549,6.387,3.515,1.499,-0.060
100.167,1.534,6.389,3.518,1.446,-0.399
100.200,1.528,6.391,3.520,1.377,-0.595
100.302,1.523,6.393,3.521,1.277,-0.786
100.334,1.513,6.415,3.529,0.607,-1.372
100.367,1.518,6.424,3.530,0.558,-1.392
100.400,1.523,6.428,3.531,0.526,-1.405
100.553,1.534,6.435,3.532,0.503,-1.413
100.567,1.604,6.445,3.534,-1.339,-0.677
100.600,1.616,6.443,3.534,-1.274,-0.791
100.751,1.629,6.441,3.534,-1.104,-1.016
100.767,1.738,6.385,3.537,-1.420,0.484
100.800,1.750,6.374,3.537,-1.431,0.449
100.918,1.762,6.362,3.538,-1.465,0.324
100.934,1.817,6.283,3.542,-0.963,1.150
100.967,1.828,6.255,3.543,-1.010,1.109
101.000,1.832,6.242,3.543,-1.033,1.087
101.131,1.834,6.228,3.544,-0.797,0.657
101.134,1.828,6.160,3.545,-0.038,1.500
101.167,1.818,6.143,3.544,0.205,1.486
101.200,1.812,6.137,3.543,0.388,1.297
101.349,1.805,6.131,3.542,0.395,0.639
101.367,1.728,6.122,3.529,1.489,-0.180
101.400,1.717,6.126,3.527,1.473,-0.284
101.531,1.706,6.131,3.525,1.445,-0.403
101.534,1.676,6.153,3.521,1.216,-0.879
101.567,1.635,6.205,3.517,1.001,-1.117
101.600,1.629,6.217,3.516,0.971,-1.144
101.748,1.624,6.230,3.516,0.944,-1.166
101.767,1.618,6.321,3.518,0.264,-1.477
101.800,1.621,6.330,3.519,0.276,-1.474
101.938,1.626,6.338,3.519,0.312,-1.467
101.967,1.688,6.367,3.512,-1.087,-1.034
102.000,1.699,6.366,3.511,-0.988,-1.129
102.107,1.720,6.361,3.508,-0.675,-1.340
102.134,1.774,6.327,3.501,-1.492,-0.152
102.167,1.793,6.307,3.499,-1.124,-0.452
102.200,1.810,6.283,3.497,-0.713,-0.521
102.330,1.810,6.283,3.497,-0.713,-0.521
102.334,1.843,6.196,3.493,-0.460,1.428
102.367,1.846,6.164,3.492,-0.442,1.433
102.400,1.846,6.148,3.492,-0.515,1.409
102.481,1.843,6.115,3.492,-0.412,0.907
102.500,1.830,6.068,3.493,0.258,1.478
102.534,1.817,6.039,3.494,0.385,1.450
102.567,1.802,6.012,3.495,0.443,0.819
102.600,1.793,6.000,3.496,0.277,0.487
102.702,1.784,5.988,3.497,0.189,0.133
102.734,1.724,5.938,3.506,1.270,0.799
102.767,1.705,5.930,3.510,1.370,0.611
102.800,1.696,5.927,3.512,1.431,0.450
102.952,1.680,5.924,3.516,0.868,-0.106
102.967,1.643,5.942,3.526,1.097,-1.023
103.000,1.642,5.947,3.527,0.934,-1.174
103.126,1.641,5.953,3.528,0.807,-1.264
103.135,1.658,5.996,3.532,-0.378,-1.452
103.167,1.671,6.011,3.533,-0.424,-1.439
103.200,1.680,6.018,3.534,-0.492,-1.417
103.330,1.689,6.025,3.535,-0.483,-1.420
103.334,1.758,6.052,3.540,-1.299,-0.749
103.367,1.783,6.054,3.542,-1.255,-0.822
103.400,1.796,6.053,3.543,-1.210,-0.887
103.515,1.808,6.052,3.543,-1.140,-0.975
103.534,1.873,6.022,3.547,-1.494,-0.132
103.567,1.889,6.005,3.547,-1.456,-0.362
103.600,1.895,5.996,3.546,-1.405,-0.525
103.701,1.905,5.975,3.545,-1.272,-0.794
103.734,1.911,5.913,3.539,-0.776,1.284
103.767,1.905,5.887,3.536,-1.048,0.935
103.800,1.901,5.874,3.534,-0.893,0.331
103.932,1.896,5.861,3.533,-0.823,-0.123
103.934,1.881,5.834,3.530,0.641,1.356
103.967,1.816,5.763,3.523,0.999,1.119
104.000,1.802,5.753,3.522,1.085,1.036
104.152,1.787,5.744,3.521,1.177,0.929
104.167,1.663,5.706,3.520,1.476,0.268
104.200,1.648,5.705,3.521,1.491,0.161
104.337,1.634,5.706,3.521,1.500,0.005
104.367,1.548,5.743,3.520,1.276,-0.789
104.400,1.541,5.751,3.519,1.192,-0.911
104.551,1.536,5.759,3.518,1.077,-1.044
104.567,1.535,5.830,3.510,-0.159,-1.492
104.600,1.540,5.838,3.509,-0.194,-1.487
104.739,1.546,5.845,3.508,-0.219,-1.484
104.768,1.623,5.878,3.501,-0.919,-1.185
104.800,1.635,5.878,3.500,-0.904,-1.197
104.913,1.660,5.874,3.498,-0.844,-1.240
104.934,1.718,5.848,3.495,-1.500,-0.009
104.967,1.737,5.830,3.494,-1.474,-0.279
105.000,1.746,5.820,3.493,-1.438,-0.427
105.118,1.754,5.809,3.492,-1.350,-0.654
105.134,1.782,5.729,3.485,-0.896,1.203
105.167,1.783,5.700,3.483,-1.092,1.029
105.200,1.782,5.684,3.481,-1.216,0.878
105.322,1.780,5.669,3.480,-1.216,0.416
105.334,1.743,5.583,3.475,0.561,1.391
105.367,1.723,5.558,3.473,0.590,1.379
105.400,1.712,5.546,3.473,0.629,1.362
105.510,1.700,5.536,3.472,0.511,1.069
105.534,1.618,5.492,3.470,1.343,0.669
105.567,1.589,5.486,3.470,1.454,0.370
105.600,1.575,5.485,3.470,1.498,0.081
105.737,1.562,5.484,3.470,1.010,-0.258
105.767,1.479,5.514,3.471,1.301,-0.746
105.800,1.473,5.521,3.471,1.188,-0.916
105.921,1.468,5.528,3.471,1.053,-1.069
105.934,1.460,5.579,3.470,0.236,-1.481
105.967,1.466,5.595,3.471,0.067,-1.499
106.000,1.471,5.602,3.471,-0.111,-1.496
106.152,1.477,5.610,3.471,-0.203,-1.486
106.167,1.552,5.640,3.471,-1.256,-0.820
106.200,1.564,5.640,3.471,-1.241,-0.842
106.335,1.575,5.639,3.471,-1.203,-0.897
106.367,1.665,5.591,3.473,-1.445,0.401
106.400,1.674,5.581,3.474,-1.475,0.271
106.525,1.682,5.571,3.474,-1.497,0.101
106.534,1.712,5.495,3.476,-0.954,1.157
106.567,1.714,5.468,3.477,-1.164,0.946
106.600,1.714,5.455,3.477,-1.326,0.701
106.729,1.712,5.441,3.477,-1.455,0.366
106.734,1.680,5.373,3.478,0.276,1.474
106.767,1.661,5.356,3.478,0.105,1.496
106.800,1.651,5.349,3.477,-0.291,1.161
106.921,1.640,5.343,3.477,-0.587,0.466
106.934,1.560,5.327,3.472,1.498,-0.069
106.967,1.531,5.331,3.469,1.417,-0.493
107.000,1.517,5.334,3.469,1.156,-0.956
107.150,1.489,5.345,3.468,0.047,-1.179
107.167,1.406,5.406,3.471,0.896,-1.203
107.200,1.397,5.416,3.472,0.676,-1.339
107.310,1.382,5.437,3.475,0.142,-1.493
107.334,1.362,5.482,3.484,0.097,-1.497
107.367,1.360,5.496,3.487,-0.241,-1.481
107.400,1.360,5.502,3.488,-0.410,-1.443
107.544,1.364,5.510,3.490,-0.686,-1.334
107.567,1.396,5.508,3.493,-1.367,-0.618
107.600,1.403,5.503,3.493,-1.338,-0.679
107.731,1.409,5.497,3.493,-1.289,-0.767
107.735,1.437,5.452,3.493,-1.329,0.695
107.767,1.449,5.414,3.493,-1.427,0.461
107.800,1.451,5.400,3.494,-1.480,0.245
107.952,1.453,5.385,3.494,-1.499,-0.054
107.967,1.433,5.264,3.497,0.105,1.496
108.000,1.426,5.250,3.497,-0.041,1.499
108.155,1.418,5.237,3.498,-0.265,1.476
108.167,1.322,5.157,3.496,1.071,1.050
108.200,1.308,5.151,3.495,1.058,1.063
108.336,1.293,5.147,3.495,1.028,1.092
108.368,1.180,5.147,3.493,1.488,-0.190
108.400,1.169,5.152,3.493,1.365,-0.623
108.534,1.158,5.158,3.492,0.649,-0.901
108.567,1.104,5.228,3.487,0.430,-1.437
108.600,1.102,5.238,3.486,0.205,-1.486
108.720,1.102,5.249,3.485,-0.052,-1.499
108.735,1.119,5.309,3.484,-0.655,-1.349
108.767,1.132,5.324,3.484,-0.773,-1.286
108.800,1.140,5.331,3.485,-0.839,-1.243
108.947,1.148,5.337,3.485,-0.895,-1.204
108.967,1.219,5.348,3.490,-1.394,-0.554
109.000,1.228,5.344,3.490,-1.378,-0.592
109.109,1.235,5.340,3.491,-1.351,-0.652
109.134,1.266,5.293,3.491,-1.437,0.431
109.167,1.269,5.271,3.490,-1.499,0.048
109.200,1.269,5.259,3.489,-1.495,-0.124
109.341,1.268,5.247,3.488,-1.461,-0.339
109.367,1.220,5.142,3.480,0.117,1.495
109.400,1.210,5.129,3.479,-0.113,1.496
109.512,1.198,5.117,3.478,-0.598,1.263
109.534,1.108,5.055,3.473,1.184,0.921
109.567,1.073,5.039,3.473,1.209,0.887
109.600,1.056,5.032,3.473,0.952,0.681
109.725,1.038,5.027,3.473,0.204,0.137
109.734,0.935,5.012,3.479,1.500,0.012
109.767,0.905,5.014,3.481,1.482,-0.233
109.800,0.891,5.017,3.482,1.417,-0.492
109.954,0.878,5.020,3.483,1.060,-0.881
109.967,0.809,5.068,3.487,0.687,-1.333
110.000,0.805,5.076,3.487,0.395,-1.447
110.127,0.802,5.083,3.488,0.033,-1.500
110.134,0.809,5.123,3.490,-0.433,-1.436
110.167,0.818,5.133,3.491,-0.721,-1.315
110.200,0.831,5.139,3.492,-0.951,-1.160
110.338,0.839,5.141,3.492,-1.018,-1.101
110.367,0.901,5.126,3.496,-1.490,-0.171
110.400,0.909,5.120,3.496,-1.479,-0.251
110.546,0.918,5.112,3.497,-1.456,-0.362
110.567,0.961,5.023,3.498,-1.310,0.731
110.600,0.962,5.009,3.498,-1.389,0.566
110.742,0.962,4.981,3.498,-1.495,0.128
110.767,0.928,4.886,3.496,-0.292,1.471
110.800,0.919,4.874,3.496,-0.680,1.337
110.919,0.897,4.853,3.495,-1.296,0.579
110.934,0.830,4.815,3.489,1.296,0.756
110.967,0.799,4.806,3.487,1.309,0.733
111.000,0.783,4.804,3.486,0.610,0.388
111.145,0.751,4.802,3.484,-0.473,-0.239
111.167,0.640,4.828,3.482,1.269,-0.799
111.200,0.627,4.835,3.482,1.012,-1.107
111.350,0.614,4.842,3.483,0.465,-1.382
111.367,0.542,4.919,3.490,0.575,-1.385
111.400,0.537,4.928,3.491,0.393,-1.448
111.543,0.531,4.946,3.493,-0.144,-1.493
111.567,0.539,4.987,3.500,-0.694,-1.330
111.600,0.543,4.989,3.500,-0.837,-1.245
111.751,0.548,4.990,3.500,-0.955,-1.157
111.767,0.603,4.960,3.499,-1.463,0.330
111.800,0.617,4.941,3.498,-1.495,0.121
111.948,0.617,4.941,3.498,-1.495,0.121
111.967,0.651,4.834,3.497,-0.887,1.210
112.000,0.652,4.819,3.497,-1.002,1.116
112.116,0.652,4.804,3.498,-1.158,0.953
112.134,0.630,4.718,3.501,0.153,1.492
112.167,0.615,4.694,3.501,-0.169,1.490
112.200,0.606,4.683,3.501,-0.431,1.437
112.344,0.597,4.673,3.501,-0.851,1.236
112.367,0.503,4.632,3.496,1.208,0.889
112.400,0.490,4.631,3.495,1.131,0.985
112.543,0.477,4.632,3.494,0.504,0.712
112.567,0.382,4.678,3.489,1.115,-1.003
112.600,0.373,4.687,3.488,0.886,-1.210
112.743,0.356,4.709,3.488,-0.003,-1.500
112.767,0.326,4.799,3.491,-0.045,-1.499
112.800,0.325,4.812,3.492,-0.285,-1.473
112.941,0.326,4.824,3.493,-0.544,-1.398
112.967,0.360,4.898,3.500,-0.865,-1.226
113.000,0.367,4.903,3.501,-0.952,-1.160
113.133,0.374,4.907,3.502,-1.032,-1.089
113.134,0.389,4.912,3.503,-1.261,-0.812
113.167,0.430,4.901,3.506,-1.492,-0.157
113.200,0.440,4.888,3.506,-1.480,-0.244
113.323,0.444,4.881,3.506,-1.467,-0.313
113.334,0.451,4.830,3.504,-1.215,0.879
113.367,0.448,4.806,3.502,-1.401,0.537
113.400,0.440,4.780,3.500,-1.483,0.226
113.543,0.434,4.767,3.500,-1.500,0.018
113.567,0.367,4.683,3.494,0.672,1.341
113.600,0.339,4.664,3.492,0.289,1.472
113.750,0.323,4.655,3.492,-0.264,1.227
113.767,0.201,4.621,3.487,1.429,0.456
113.800,0.183,4.620,3.487,1.431,0.449
113.956,0.165,4.619,3.487,1.436,0.435
113.967,0.042,4.652,3.487,1.368,-0.616
114.000,0.030,4.659,3.487,1.312,-0.727
114.136,0.010,4.676,3.486,1.040,-1.081
114.167,-0.026,4.743,3.484,0.176,-1.490
114.201,-0.027,4.752,3.484,-0.153,-1.492
114.334,-0.027,4.760,3.484,-0.497,-1.415
114.367,0.010,4.807,3.482,-1.134,-0.981
114.400,0.027,4.810,3.481,-1.263,-0.810
114.541,0.027,4.810,3.481,-1.263,-0.810
114.567,0.096,4.781,3.482,-1.464,0.326
114.600,0.103,4.772,3.482,-1.481,0.238
114.749,0.109,4.763,3.483,-1.495,0.117
114.767,0.130,4.669,3.483,-0.974,1.141
114.800,0.128,4.656,3.483,-1.128,0.988
114.943,0.125,4.643,3.483,-1.300,0.749
114.967,0.063,4.555,3.482,0.633,1.360
115.000,0.051,4.547,3.481,0.479,1.421
115.139,0.025,4.534,3.480,-0.332,1.284
115.167,-0.080,4.521,3.476,1.491,0.164
115.200,-0.095,4.524,3.475,1.499,0.056
115.321,-0.110,4.527,3.475,1.206,-0.128
115.334,-0.188,4.569,3.473,1.125,-0.992
115.367,-0.208,4.590,3.472,0.793,-1.273
115.400,-0.216,4.601,3.472,0.369,-1.454
115.547,-0.224,4.612,3.472,-0.146,-1.493
115.567,-0.245,4.701,3.478,-0.310,-1.468
115.600,-0.244,4.710,3.479,-0.519,-1.407
115.708,-0.241,4.719,3.480,-0.729,-1.311
115.734,-0.210,4.751,3.484,-1.109,-1.010
115.768,-0.197,4.754,3.485,-1.246,-0.835
115.800,-0.190,4.753,3.485,-1.295,-0.757
115.888,-0.183,4.752,3.486,-1.321,-0.710
115.900,-0.157,4.735,3.488,-1.498,0.080
115.934,-0.146,4.721,3.489,-1.500,-0.038
115.967,-0.139,4.703,3.489,-1.493,-0.141
116.000,-0.136,4.693,3.489,-1.491,-0.167
116.150,-0.134,4.682,3.489,-1.479,-0.253
116.167,-0.157,4.584,3.488,-0.437,1.435
116.200,-0.165,4.571,3.487,-0.673,1.340
116.350,-0.174,4.559,3.487,-1.005,1.114
116.367,-0.278,4.474,3.484,0.834,1.247
116.400,-0.294,4.467,3.483,0.682,1.336
116.549,-0.311,4.460,3.483,0.186,1.255
116.567,-0.446,4.438,3.487,1.493,0.143
116.600,-0.462,4.440,3.488,1.498,0.067
116.741,-0.477,4.443,3.488,1.499,-0.059
116.768,-0.566,4.497,3.488,0.985,-1.131
116.800,-0.573,4.507,3.488,0.713,-1.319
116.924,-0.578,4.517,3.487,0.327,-1.464
116.934,-0.588,4.580,3.486,-0.062,-1.499
116.967,-0.583,4.599,3.486,-0.453,-1.430
117.000,-0.579,4.608,3.486,-0.663,-1.346
117.142,-0.568,4.624,3.486,-1.004,-1.115
117.167,-0.512,4.651,3.488,-1.352,-0.649
117.200,-0.503,4.651,3.488,-1.364,-0.624
117.350,-0.494,4.649,3.489,-1.369,-0.613
117.367,-0.440,4.603,3.491,-1.366,0.620
117.400,-0.436,4.593,3.491,-1.411,0.508
117.552,-0.433,4.583,3.491,-1.458,0.354
117.567,-0.450,4.487,3.489,-0.132,1.494
117.600,-0.457,4.476,3.489,-0.307,1.468
117.751,-0.465,4.464,3.488,-0.590,1.379
117.767,-0.561,4.396,3.484,1.106,1.014
117.800,-0.576,4.391,3.484,1.050,1.071
117.937,-0.591,4.387,3.483,0.885,1.211
117.967,-0.706,4.396,3.482,1.455,-0.365
118.000,-0.731,4.409,3.482,1.280,-0.783
118.142,-0.731,4.409,3.482,1.280,-0.783
118.167,-0.791,4.487,3.479,0.431,-1.437
118.200,-0.794,4.499,3.479,0.203,-1.486
118.341,-0.796,4.511,3.479,-0.093,-1.497
118.367,-0.773,4.591,3.479,-0.594,-1.377
118.400,-0.766,4.598,3.479,-0.758,-1.294
118.527,-0.751,4.609,3.479,-1.030,-1.090
118.534,-0.707,4.620,3.481,-1.389,-0.567
118.567,-0.689,4.616,3.481,-1.401,-0.535
118.600,-0.681,4.613,3.481,-1.407,-0.519
118.721,-0.673,4.609,3.482,-1.403,-0.529
118.734,-0.638,4.563,3.482,-1.188,0.916
118.768,-0.632,4.541,3.482,-1.332,0.691
118.800,-0.631,4.530,3.482,-1.395,0.552
118.944,-0.631,4.518,3.481,-1.457,0.357
118.967,-0.668,4.418,3.480,0.079,1.498
119.000,-0.678,4.407,3.480,-0.109,1.496
119.148,-0.688,4.397,3.479,-0.443,1.433
119.167,-0.798,4.343,3.475,1.309,0.733
119.200,-0.813,4.341,3.474,1.298,0.752
119.357,-0.829,4.340,3.474,1.255,0.822
119.367,-0.946,4.367,3.472,1.418,-0.489
119.400,-0.958,4.375,3.472,1.341,-0.671
119.555,-0.969,4.383,3.472,1.191,-0.912
119.567,-1.022,4.467,3.471,0.523,-1.406
119.600,-1.024,4.478,3.470,0.347,-1.459
119.748,-1.025,4.489,3.470,0.113,-1.496
119.767,-0.995,4.558,3.471,-0.839,-1.244
119.800,-0.987,4.564,3.471,-0.922,-1.183
119.952,-0.979,4.568,3.471,-0.999,-1.118
119.967,-0.903,4.564,3.471,-1.494,-0.131
120.000,-0.894,4.559,3.471,-1.489,-0.177
120.154,-0.885,4.553,3.472,-1.479,-0.248
120.167,-0.841,4.472,3.471,-0.991,1.126
120.200,-0.839,4.459,3.471,-1.101,1.019
120.349,-0.839,4.446,3.471,-1.237,0.849
120.367,-0.876,4.345,3.471,-0.145,1.493
120.400,-0.885,4.334,3.471,-0.363,1.455
120.548,-0.905,4.314,3.470,-1.050,1.072
120.567,-0.996,4.274,3.468,1.374,0.602
120.600,-1.011,4.273,3.468,1.376,0.596
120.756,-1.025,4.272,3.467,1.082,0.500
120.767,-1.132,4.307,3.467,1.301,-0.747
120.800,-1.143,4.315,3.468,1.194,-0.908
120.957,-1.154,4.324,3.468,1.017,-1.103
120.967,-1.204,4.411,3.474,0.553,-1.395
121.000,-1.206,4.421,3.475,0.370,-1.454
121.153,-1.207,4.432,3.476,0.129,-1.494
121.167,-1.178,4.492,3.481,-1.011,-1.108
121.200,-1.171,4.496,3.481,-1.064,-1.057
121.343,-1.163,4.498,3.481,-1.112,-1.006
121.367,-1.088,4.479,3.481,-1.494,-0.133
121.400,-1.079,4.472,3.481,-1.490,-0.172
121.520,-1.070,4.464,3.481,-1.480,-0.243
121.534,-1.034,4.398,3.481,-1.176,0.932
121.567,-1.029,4.372,3.481,-1.345,0.665
121.600,-1.028,4.359,3.481,-1.413,0.504
121.728,-1.028,4.345,3.481,-1.472,0.286
121.734,-1.052,4.266,3.481,0.155,1.492
121.767,-1.069,4.244,3.480,-0.191,1.488
121.800,-1.079,4.233,3.480,-0.501,1.414
121.957,-1.090,4.224,3.479,-0.968,1.146
121.967,-1.200,4.181,3.471,1.432,0.445
122.000,-1.215,4.180,3.470,1.442,0.414
122.148,-1.246,4.182,3.468,1.471,0.294
122.167,-1.344,4.221,3.466,1.234,-0.852
122.201,-1.367,4.239,3.466,0.931,-1.176
122.335,-1.377,4.249,3.466,0.574,-1.386
122.367,-1.421,4.325,3.471,0.302,-1.469
122.401,-1.423,4.335,3.472,0.029,-1.500
122.558,-1.424,4.353,3.474,-0.568,-1.388
122.567,-1.399,4.394,3.478,-0.830,-1.249
122.600,-1.393,4.397,3.478,-0.928,-1.179
122.754,-1.386,4.397,3.478,-1.010,-1.109
122.767,-1.326,4.366,3.478,-1.443,0.408
122.801,-1.312,4.347,3.478,-1.484,0.220
122.959,-1.312,4.347,3.478,-1.484,0.220
122.967,-1.289,4.243,3.478,-0.870,1.222
123.001,-1.292,4.214,3.479,-1.117,1.001
123.157,-1.292,4.214,3.479,-1.117,1.001
123.167,-1.345,4.112,3.481,0.406,1.444
123.200,-1.356,4.102,3.480,0.223,1.483
123.325,-1.367,4.093,3.480,-0.099,1.497
123.334,-1.447,4.063,3.477,1.333,0.689
123.367,-1.475,4.062,3.476,1.345,0.663
123.400,-1.489,4.063,3.476,0.759,0.334
123.546,-1.503,4.065,3.475,0.001,0.011
123.567,-1.593,4.118,3.472,1.152,-0.961
123.601,-1.600,4.128,3.471,0.890,-1.208
123.738,-1.612,4.149,3.471,-0.030,-1.500
123.767,-1.622,4.232,3.471,-0.223,-1.483
123.800,-1.619,4.243,3.472,-0.393,-1.448
123.944,-1.610,4.264,3.473,-0.745,-1.302
123.967,-1.557,4.310,3.477,-1.129,-0.987
124.000,-1.548,4.313,3.477,-1.168,-0.942
124.114,-1.539,4.314,3.477,-1.198,-0.903
124.134,-1.487,4.301,3.481,-1.500,0.028
124.167,-1.474,4.289,3.482,-1.495,-0.122
124.200,-1.463,4.273,3.482,-1.481,-0.238
124.311,-1.463,4.273,3.482,-1.481,-0.238
124.334,-1.456,4.209,3.480,-1.344,0.667
124.367,-1.461,4.185,3.479,-1.476,0.266
124.400,-1.466,4.173,3.479,-1.496,0.114
124.522,-1.478,4.149,3.477,-1.490,-0.176
124.534,-1.528,4.092,3.474,0.852,1.234
124.567,-1.555,4.072,3.472,0.629,1.362
124.600,-1.570,4.063,3.471,0.359,1.456
124.756,-1.586,4.054,3.471,-0.276,0.866
124.767,-1.730,4.014,3.471,1.471,0.295
124.800,-1.748,4.013,3.472,1.485,0.215
124.949,-1.766,4.013,3.473,1.495,0.118
124.967,-1.883,4.041,3.479,1.348,-0.658
125.000,-1.894,4.048,3.480,1.229,-0.860
125.134,-1.912,4.063,3.480,0.658,-1.348
125.167,-1.940,4.120,3.481,-0.142,-1.493
125.200,-1.939,4.128,3.481,-0.407,-1.444
125.354,-1.938,4.135,3.481,-0.645,-1.354
125.367,-1.893,4.169,3.483,-1.251,-0.827
125.400,-1.885,4.170,3.483,-1.262,-0.811
125.555,-1.876,4.169,3.483,-1.262,-0.810
125.567,-1.811,4.129,3.488,-1.368,0.616
125.600,-1.799,4.110,3.490,-1.452,0.375
125.749,-1.799,4.110,3.490,-1.452,0.375
125.767,-1.790,4.014,3.494,-0.658,1.348
125.800,-1.793,4.001,3.495,-0.844,1.240
125.957,-1.804,3.977,3.496,-1.294,0.758
125.967,-1.870,3.912,3.495,0.980,1.136
126.000,-1.882,3.906,3.495,0.939,1.170
126.155,-1.896,3.902,3.494,0.825,1.253
126.167,-2.011,3.902,3.491,1.494,-0.138
126.200,-2.025,3.907,3.491,1.475,-0.272
126.356,-2.039,3.913,3.491,1.425,-0.468
126.367,-2.119,3.989,3.489,0.919,-1.185
126.400,-2.125,4.000,3.489,0.768,-1.289
126.556,-2.133,4.024,3.488,0.251,-1.479
126.567,-2.128,4.098,3.488,-0.495,-1.416
126.600,-2.124,4.107,3.488,-0.577,-1.384
126.755,-2.118,4.114,3.488,-0.667,-1.344
126.768,-2.049,4.139,3.485,-1.402,-0.532
126.800,-2.039,4.137,3.484,-1.396,-0.550
126.932,-2.020,4.131,3.484,-1.373,-0.603
126.934,-1.985,4.105,3.483,-1.457,0.357
126.967,-1.965,4.076,3.482,-1.487,0.200
127.000,-1.960,4.065,3.482,-1.498,0.081
127.133,-1.956,4.053,3.481,-1.498,-0.084
127.134,-1.951,4.029,3.481,-1.180,0.926
127.167,-1.961,3.954,3.479,-0.988,1.128
127.200,-1.967,3.942,3.479,-1.189,0.914
127.326,-1.973,3.930,3.478,-1.392,0.558
127.334,-2.033,3.873,3.475,0.728,1.311
127.367,-2.060,3.860,3.473,0.461,1.427
127.400,-2.075,3.855,3.473,-0.124,0.874
127.519,-2.090,3.850,3.472,-0.615,0.332
127.534,-2.189,3.847,3.467,1.499,-0.063
127.567,-2.222,3.855,3.466,1.430,-0.452
127.600,-2.238,3.860,3.465,1.058,-0.895
127.726,-2.253,3.867,3.465,0.215,-0.952
127.734,-2.331,3.922,3.466,0.943,-1.166
127.767,-2.349,3.944,3.466,0.567,-1.389
127.800,-2.357,3.956,3.467,0.278,-1.474
127.922,-2.370,3.978,3.469,-0.383,-1.450
127.934,-2.385,4.027,3.475,-0.051,-1.499
127.967,-2.384,4.041,3.477,-0.373,-1.453
128.000,-2.382,4.047,3.478,-0.548,-1.397
128.151,-2.380,4.052,3.479,-0.711,-1.321
128.167,-2.343,4.055,3.483,-1.425,-0.469
128.200,-2.338,4.050,3.483,-1.409,-0.515
128.349,-2.333,4.044,3.483,-1.381,-0.585
128.367,-2.303,3.963,3.484,-1.093,1.028
128.400,-2.302,3.949,3.484,-1.222,0.870
128.547,-2.302,3.935,3.484,-1.368,0.615
128.567,-2.336,3.819,3.489,-0.108,1.496
128.600,-2.344,3.806,3.490,-0.277,1.474
128.741,-2.353,3.793,3.491,-0.592,1.378
128.767,-2.454,3.720,3.493,1.120,0.998
128.800,-2.468,3.716,3.493,1.067,1.054
128.945,-2.497,3.710,3.492,0.061,0.362
128.967,-2.593,3.724,3.492,1.424,-0.471
129.000,-2.605,3.730,3.492,1.278,-0.785
129.155,-2.616,3.737,3.492,0.903,-1.192
129.167,-2.672,3.816,3.492,0.478,-1.422
129.200,-2.675,3.827,3.492,0.306,-1.468
129.356,-2.676,3.838,3.492,0.086,-1.498
129.367,-2.653,3.909,3.495,-0.687,-1.334
129.400,-2.646,3.915,3.496,-0.777,-1.283
129.543,-2.639,3.920,3.496,-0.862,-1.228
129.567,-2.570,3.919,3.496,-1.398,-0.545
129.600,-2.561,3.915,3.496,-1.394,-0.553
129.754,-2.553,3.909,3.496,-1.377,-0.595
129.767,-2.509,3.827,3.493,-0.978,1.137
129.800,-2.507,3.814,3.493,-1.084,1.037
129.956,-2.507,3.800,3.492,-1.220,0.873
129.967,-2.539,3.686,3.489,-0.113,1.496
130.000,-2.548,3.672,3.489,-0.263,1.477
130.154,-2.568,3.648,3.489,-0.823,1.254
130.167,-2.656,3.589,3.488,1.231,0.858
130.200,-2.669,3.584,3.487,1.209,0.887
130.356,-2.683,3.581,3.487,1.155,0.957
130.367,-2.788,3.593,3.487,1.412,-0.506
130.400,-2.799,3.599,3.486,1.362,-0.627
130.555,-2.818,3.614,3.486,1.040,-1.081
130.567,-2.856,3.682,3.486,0.255,-1.478
130.600,-2.858,3.693,3.486,0.098,-1.497
130.742,-2.857,3.713,3.487,-0.317,-1.466
130.768,-2.826,3.770,3.490,-0.638,-1.358
130.800,-2.818,3.775,3.490,-0.762,-1.292
130.951,-2.810,3.779,3.490,-0.868,-1.223
130.967,-2.739,3.774,3.492,-1.484,-0.221
131.000,-2.730,3.768,3.493,-1.476,-0.268
131.135,-2.723,3.761,3.493,-1.461,-0.342
131.167,-2.685,3.677,3.491,-1.264,0.808
131.200,-2.685,3.664,3.490,-1.343,0.667
131.345,-2.685,3.650,3.490,-1.431,0.448
131.367,-2.725,3.541,3.487,0.164,1.491
131.400,-2.734,3.529,3.486,-0.017,1.500
131.536,-2.745,3.518,3.486,-0.365,1.455
131.567,-2.854,3.460,3.480,1.345,0.664
131.600,-2.870,3.458,3.479,1.348,0.658
131.718,-2.885,3.456,3.478,1.345,0.664
131.734,-2.973,3.470,3.476,1.432,-0.448
131.767,-2.998,3.482,3.475,1.325,-0.703
131.800,-3.010,3.489,3.475,1.124,-0.993
131.886,-3.020,3.498,3.475,0.721,-1.315
131.900,-3.054,3.535,3.475,0.707,-1.323
131.934,-3.064,3.555,3.476,0.126,-1.495
131.967,-3.070,3.575,3.477,-0.522,-1.406
132.000,-3.072,3.585,3.478,-0.746,-1.301
132.155,-3.072,3.594,3.479,-0.934,-1.173
132.167,-3.047,3.641,3.488,-0.999,-1.119
132.200,-3.042,3.643,3.489,-1.061,-1.060
132.342,-3.036,3.644,3.490,-1.112,-1.007
132.367,-3.002,3.613,3.499,-1.492,0.157
132.400,-2.999,3.595,3.499,-1.499,-0.065
132.553,-2.999,3.595,3.499,-1.499,-0.065
132.567,-3.022,3.497,3.498,-0.729,1.311
132.600,-3.030,3.484,3.498,-1.018,1.102
132.746,-3.038,3.470,3.497,-1.333,0.688
132.767,-3.140,3.372,3.494,0.937,1.171
132.800,-3.156,3.362,3.494,0.861,1.228
132.944,-3.190,3.346,3.493,0.399,1.325
132.967,-3.314,3.322,3.495,1.486,0.205
133.000,-3.347,3.325,3.495,1.052,-0.252
133.155,-3.363,3.328,3.496,0.223,-0.437
133.167,-3.450,3.372,3.495,1.092,-1.029
133.200,-3.459,3.381,3.494,0.920,-1.184
133.341,-3.466,3.391,3.494,0.671,-1.342
133.367,-3.486,3.470,3.493,-0.082,-1.498
133.400,-3.484,3.479,3.493,-0.275,-1.475
133.548,-3.481,3.487,3.493,-0.480,-1.421
133.568,-3.427,3.519,3.491,-1.192,-0.910
133.600,-3.418,3.518,3.490,-1.222,-0.869
133.742,-3.409,3.517,3.490,-1.240,-0.844
133.767,-3.341,3.465,3.487,-1.438,0.425
133.801,-3.329,3.443,3.486,-1.488,0.193
133.950,-3.324,3.431,3.486,-1.500,0.031
133.967,-3.318,3.334,3.483,-0.659,1.347
134.000,-3.322,3.319,3.483,-0.812,1.261
134.152,-3.326,3.305,3.483,-1.028,1.093
134.167,-3.397,3.213,3.479,0.541,1.399
134.200,-3.410,3.205,3.478,0.329,1.463
134.344,-3.423,3.198,3.478,-0.187,1.386
134.367,-3.538,3.180,3.472,1.500,-0.010
134.400,-3.552,3.183,3.471,1.491,-0.163
134.553,-3.566,3.187,3.471,1.435,-0.438
134.567,-3.651,3.251,3.467,0.938,-1.170
134.600,-3.657,3.262,3.467,0.738,-1.306
134.750,-3.668,3.285,3.466,0.037,-1.500
134.768,-3.672,3.362,3.469,-0.428,-1.438
134.800,-3.668,3.371,3.469,-0.596,-1.377
134.929,-3.664,3.380,3.470,-0.758,-1.294
134.934,-3.623,3.412,3.472,-1.126,-0.990
134.967,-3.605,3.415,3.473,-1.231,-0.857
135.000,-3.597,3.415,3.473,-1.268,-0.802
135.121,-3.588,3.414,3.474,-1.283,-0.776
135.134,-3.542,3.384,3.476,-1.499,0.062
135.167,-3.531,3.366,3.477,-1.497,-0.093
135.200,-3.527,3.356,3.477,-1.491,-0.162
135.337,-3.524,3.346,3.477,-1.475,-0.275
135.367,-3.536,3.245,3.474,-0.702,1.326
135.400,-3.542,3.232,3.473,-0.952,1.159
135.550,-3.558,3.207,3.472,-1.396,0.548
135.567,-3.646,3.129,3.469,0.702,1.326
135.600,-3.661,3.121,3.468,0.375,1.452
135.695,-3.677,3.113,3.468,-0.267,0.865
135.700,-3.745,3.091,3.468,1.420,0.483
135.734,-3.780,3.086,3.469,1.451,0.380
135.767,-3.813,3.085,3.470,1.489,0.181
135.800,-3.845,3.088,3.471,0.065,-0.376
135.957,-3.845,3.088,3.471,0.065,-0.376
135.967,-3.944,3.132,3.475,1.019,-1.100
136.000,-3.952,3.140,3.476,0.835,-1.246
136.154,-3.965,3.157,3.476,0.103,-1.496
136.167,-3.975,3.215,3.481,-0.383,-1.450
136.200,-3.972,3.222,3.482,-0.543,-1.398
136.355,-3.969,3.228,3.483,-0.706,-1.323
136.367,-3.913,3.247,3.487,-1.411,-0.510
136.400,-3.905,3.245,3.488,-1.409,-0.514
136.553,-3.896,3.242,3.488,-1.402,-0.534
136.567,-3.837,3.180,3.492,-1.325,0.703
136.600,-3.832,3.168,3.492,-1.378,0.592
136.755,-3.828,3.156,3.493,-1.436,0.433
136.767,-3.834,3.051,3.496,-0.119,1.495
136.800,-3.840,3.039,3.496,-0.259,1.478
136.951,-3.846,3.027,3.496,-0.484,1.420
136.967,-3.931,2.957,3.494,0.806,1.265
137.000,-3.944,2.952,3.493,0.623,1.365
137.147,-3.958,2.949,3.493,0.163,1.394
137.167,-4.064,2.961,3.488,1.386,-0.573
137.200,-4.075,2.968,3.487,1.261,-0.812
137.353,-4.086,2.975,3.487,0.912,-1.172
137.367,-4.139,3.063,3.480,0.259,-1.478
137.400,-4.141,3.076,3.480,0.032,-1.500
137.545,-4.142,3.089,3.479,-0.205,-1.486
137.567,-4.113,3.178,3.479,-0.671,-1.342
137.600,-4.106,3.186,3.479,-0.766,-1.290
137.736,-4.099,3.193,3.479,-0.861,-1.228
137.767,-4.032,3.212,3.482,-1.408,-0.516
137.800,-4.024,3.209,3.482,-1.407,-0.520
137.909,-4.017,3.205,3.482,-1.400,-0.538
137.934,-3.987,3.163,3.481,-1.480,0.243
137.967,-3.984,3.142,3.480,-1.499,0.045
138.000,-3.984,3.130,3.479,-1.500,-0.036
138.138,-3.985,3.118,3.479,-1.491,-0.167
138.167,-4.031,3.016,3.472,-0.002,1.500
138.200,-4.042,3.004,3.471,-0.251,1.479
138.357,-4.066,2.980,3.469,-1.070,1.051
138.367,-4.176,2.914,3.466,1.302,0.744
138.400,-4.193,2.907,3.466,1.297,0.754
138.535,-4.229,2.897,3.467,1.261,0.813
138.567,-4.345,2.889,3.474,1.496,0.106
138.600,-4.359,2.892,3.475,1.498,-0.079
138.727,-4.373,2.895,3.476,0.948,-0.316
138.734,-4.433,2.930,3.479,1.122,-0.995
138.767,-4.446,2.945,3.480,0.712,-1.320
138.800,-4.450,2.953,3.480,0.211,-1.485
138.958,-4.455,2.971,3.480,-0.677,-1.338
138.967,-4.440,3.025,3.484,-0.726,-1.313
139.000,-4.434,3.031,3.485,-0.820,-1.256
139.155,-4.428,3.036,3.485,-0.914,-1.190
139.167,-4.358,3.042,3.492,-1.471,-0.292
139.200,-4.349,3.038,3.493,-1.467,-0.313
139.355,-4.340,3.034,3.494,-1.458,-0.351
139.367,-4.291,2.962,3.497,-1.168,0.941
139.400,-4.289,2.950,3.497,-1.241,0.842
139.555,-4.288,2.937,3.497,-1.331,0.692
139.567,-4.316,2.834,3.497,0.133,1.494
139.600,-4.324,2.823,3.497,-0.008,1.500
139.740,-4.334,2.812,3.497,-0.256,1.478
139.767,-4.434,2.756,3.493,0.487,1.419
139.800,-4.448,2.754,3.492,0.004,1.044
139.930,-4.462,2.752,3.492,-0.547,0.531
139.934,-4.543,2.767,3.488,1.477,-0.261
139.967,-4.567,2.781,3.486,1.291,-0.764
140.000,-4.577,2.789,3.485,0.581,-1.052
140.095,-4.587,2.799,3.484,-0.157,-0.994
140.100,-4.617,2.844,3.481,0.517,-1.408
140.134,-4.627,2.871,3.480,0.123,-1.495
140.167,-4.632,2.898,3.480,-0.419,-1.440
140.200,-4.634,2.911,3.480,-0.650,-1.352
140.345,-4.634,2.925,3.480,-0.867,-1.224
140.367,-4.608,3.010,3.489,-0.695,-1.330
140.400,-4.603,3.017,3.491,-0.802,-1.268
140.540,-4.598,3.022,3.492,-0.907,-1.195
140.567,-4.563,3.030,3.501,-1.399,-0.542
140.600,-4.560,3.027,3.502,-1.398,-0.545
140.749,-4.559,3.022,3.502,-1.389,-0.566
140.767,-4.573,2.949,3.499,-0.622,1.365
140.800,-4.579,2.937,3.498,-0.910,1.193
140.951,-4.593,2.911,3.496,-1.406,0.524
140.967,-4.673,2.815,3.494,0.750,1.299
141.000,-4.687,2.802,3.494,0.639,1.357
141.154,-4.702,2.790,3.495,0.369,1.454
141.167,-4.830,2.720,3.504,1.259,0.815
141.200,-4.845,2.716,3.505,1.236,0.850
141.353,-4.860,2.712,3.507,1.170,0.938
141.368,-4.953,2.721,3.511,1.420,-0.482
141.400,-4.960,2.727,3.510,1.287,-0.770
141.537,-4.966,2.733,3.510,0.904,-1.128
141.567,-4.976,2.803,3.499,-0.380,-1.451
141.600,-4.973,2.813,3.498,-0.546,-1.397
141.753,-4.968,2.823,3.496,-0.714,-1.319
141.767,-4.896,2.886,3.492,-1.210,-0.886
141.800,-4.884,2.891,3.492,-1.230,-0.859
141.954,-4.861,2.898,3.493,-1.269,-0.800
141.967,-4.789,2.891,3.498,-1.488,-0.188
142.000,-4.781,2.886,3.498,-1.483,-0.224
142.148,-4.768,2.874,3.499,-1.466,-0.316
142.167,-4.754,2.811,3.495,-1.377,0.595
142.200,-4.757,2.800,3.494,-1.439,0.424
142.344,-4.765,2.778,3.492,-1.499,0.059
142.367,-4.828,2.705,3.484,0.350,1.459
142.400,-4.841,2.696,3.483,0.031,1.500
142.544,-4.870,2.679,3.481,-0.840,0.616
142.567,-4.991,2.645,3.476,1.451,0.381
142.600,-5.027,2.643,3.476,1.489,0.178
142.746,-5.045,2.644,3.476,0.511,-0.105
142.767,-5.156,2.673,3.479,1.337,-0.680
142.800,-5.169,2.680,3.480,1.198,-0.903
142.938,-5.181,2.687,3.481,0.865,-1.226
142.968,-5.241,2.756,3.488,0.432,-1.437
143.000,-5.243,2.764,3.488,-0.017,-1.500
143.144,-5.245,2.772,3.489,-0.418,-1.441
143.168,-5.224,2.810,3.494,-0.865,-1.225
143.201,-5.211,2.811,3.494,-1.100,-1.020
143.330,-5.204,2.810,3.494,-1.170,-0.939
143.335,-5.163,2.789,3.494,-1.486,0.202
143.367,-5.148,2.773,3.494,-1.499,0.054
143.400,-5.140,2.764,3.494,-1.500,-0.027
143.544,-5.127,2.742,3.495,-1.486,-0.202
143.567,-5.105,2.648,3.496,-1.051,1.071
143.600,-5.107,2.619,3.496,-1.293,0.760
143.742,-5.110,2.605,3.497,-1.411,0.509
143.767,-5.157,2.517,3.497,0.074,1.498
143.800,-5.168,2.507,3.497,-0.253,1.479
143.935,-5.179,2.498,3.496,-0.803,1.267
143.967,-5.293,2.460,3.489,1.446,0.400
144.000,-5.308,2.460,3.488,1.463,0.331
144.144,-5.339,2.463,3.487,0.131,-0.149
144.167,-5.436,2.506,3.484,0.912,-1.191
144.200,-5.448,2.515,3.484,0.513,-1.409
144.341,-5.458,2.525,3.484,-0.108,-1.418
144.367,-5.510,2.610,3.494,0.235,-1.481
144.400,-5.512,2.620,3.495,-0.004,-1.500
144.550,-5.513,2.629,3.497,-0.251,-1.479
144.567,-5.493,2.675,3.506,-0.919,-1.186
144.600,-5.487,2.676,3.506,-1.009,-1.110
144.732,-5.482,2.676,3.507,-1.085,-1.036
144.734,-5.457,2.666,3.508,-1.496,-0.103
144.767,-5.433,2.638,3.508,-1.495,-0.125
144.800,-5.428,2.628,3.508,-1.490,-0.171
144.912,-5.423,2.618,3.508,-1.478,-0.256
144.934,-5.410,2.541,3.508,-0.776,1.283
144.967,-5.413,2.512,3.508,-1.100,1.019
145.000,-5.416,2.498,3.508,-1.245,0.836
145.134,-5.420,2.483,3.508,-1.393,0.556
145.167,-5.488,2.378,3.507,0.460,1.428
145.200,-5.500,2.368,3.507,0.267,1.476
145.293,-5.527,2.350,3.506,-0.572,1.220
145.300,-5.572,2.330,3.505,1.146,0.967
145.334,-5.605,2.322,3.504,0.948,0.958
145.367,-5.637,2.318,3.503,-0.103,0.205
145.400,-5.653,2.318,3.502,-0.572,-0.083
145.512,-5.669,2.319,3.502,-0.946,-0.254
145.534,-5.755,2.345,3.504,1.310,-0.730
145.567,-5.778,2.361,3.506,0.952,-1.160
145.600,-5.788,2.369,3.507,0.367,-1.454
145.738,-5.807,2.387,3.511,-0.706,-1.239
145.767,-5.850,2.451,3.528,0.271,-1.475
145.800,-5.853,2.458,3.530,0.014,-1.500
145.943,-5.856,2.471,3.536,-0.588,-1.380
145.967,-5.849,2.489,3.549,-1.050,-1.071
146.000,-5.846,2.487,3.550,-1.163,-0.947
146.130,-5.839,2.481,3.552,-1.289,-0.767
146.134,-5.818,2.445,3.554,-1.207,0.891
146.168,-5.811,2.424,3.554,-1.361,0.632
146.200,-5.808,2.412,3.554,-1.424,0.472
146.348,-5.804,2.386,3.555,-1.494,0.131
146.367,-5.812,2.282,3.559,-0.388,1.449
146.400,-5.817,2.267,3.560,-0.563,1.390
146.535,-5.823,2.253,3.560,-0.824,1.253
146.567,-5.902,2.166,3.558,0.591,1.378
146.600,-5.915,2.159,3.557,0.315,1.466
146.753,-5.928,2.154,3.556,-0.225,1.444
146.767,-6.040,2.149,3.545,1.496,-0.105
146.800,-6.053,2.153,3.544,1.475,-0.271
146.901,-6.066,2.159,3.542,1.391,-0.561
146.934,-6.126,2.212,3.532,0.808,-1.264
146.967,-6.139,2.235,3.529,0.309,-1.468
147.000,-6.144,2.247,3.527,-0.059,-1.499
147.113,-6.147,2.259,3.526,-0.469,-1.425
147.134,-6.149,2.330,3.523,-0.417,-1.441
147.167,-6.142,2.350,3.523,-0.712,-1.320
147.200,-6.138,2.358,3.523,-0.857,-1.231
147.318,-6.133,2.366,3.523,-0.989,-1.128
147.334,-6.096,2.392,3.524,-1.273,-0.794
147.367,-6.084,2.392,3.525,-1.314,-0.724
147.400,-6.078,2.391,3.525,-1.336,-0.682
147.528,-6.073,2.388,3.525,-1.347,-0.660
147.534,-6.055,2.352,3.524,-1.455,0.364
147.567,-6.055,2.333,3.522,-1.487,0.197
147.600,-6.057,2.322,3.521,-1.498,0.075
147.741,-6.060,2.312,3.520,-1.497,-0.089
147.767,-6.120,2.215,3.510,0.370,1.454
147.800,-6.133,2.203,3.508,0.163,1.491
147.900,-6.146,2.192,3.507,-0.265,1.476
147.934,-6.243,2.134,3.501,1.022,1.098
147.967,-6.280,2.120,3.499,0.694,1.156
148.000,-6.299,2.115,3.499,0.328,0.805
148.125,-6.336,2.106,3.499,-0.452,0.198
148.134,-6.422,2.101,3.502,1.497,0.095
148.167,-6.452,2.106,3.503,1.498,-0.067
148.200,-6.466,2.110,3.503,1.492,-0.157
148.349,-6.479,2.115,3.503,0.822,-0.255
148.367,-6.545,2.179,3.499,0.792,-1.274
148.400,-6.548,2.189,3.498,0.665,-1.344
148.547,-6.552,2.208,3.497,0.039,-1.499
148.567,-6.532,2.269,3.494,-0.758,-1.294
148.600,-6.525,2.276,3.494,-0.825,-1.253
148.733,-6.518,2.282,3.494,-0.910,-1.193
148.735,-6.510,2.287,3.494,-1.099,-1.021
148.767,-6.443,2.293,3.495,-1.465,-0.321
148.800,-6.433,2.290,3.495,-1.473,-0.284
148.920,-6.424,2.286,3.495,-1.472,-0.288
148.934,-6.379,2.240,3.496,-1.126,0.991
148.967,-6.370,2.218,3.496,-1.200,0.900
149.000,-6.368,2.207,3.496,-1.197,0.904
149.107,-6.366,2.195,3.496,-1.258,0.817
149.134,-6.378,2.122,3.496,-0.165,1.491
149.167,-6.390,2.100,3.496,-0.343,1.460
149.200,-6.398,2.090,3.496,-0.345,1.460
149.320,-6.406,2.081,3.496,-0.525,1.405
149.334,-6.474,2.043,3.492,1.119,0.999
149.367,-6.501,2.039,3.490,1.066,1.055
149.400,-6.515,2.038,3.489,1.044,1.077
149.530,-6.529,2.039,3.488,0.861,1.100
149.534,-6.597,2.059,3.484,1.440,-0.419
149.567,-6.634,2.083,3.482,1.386,-0.573
149.600,-6.645,2.093,3.481,1.400,-0.539
149.729,-6.655,2.103,3.481,1.409,-0.516
149.734,-6.696,2.179,3.479,0.912,-1.191
149.767,-6.701,2.205,3.478,0.837,-1.245
149.800,-6.703,2.218,3.478,0.864,-1.226
149.926,-6.703,2.231,3.478,0.866,-1.225
149.934,-6.681,2.294,3.477,-0.540,-1.400
149.967,-6.667,2.308,3.476,-0.634,-1.359
150.000,-6.659,2.314,3.476,-0.671,-1.341
150.128,-6.650,2.319,3.475,-0.726,-1.313
150.134,-6.587,2.323,3.470,-1.499,-0.058
150.167,-6.565,2.315,3.468,-1.498,0.079
150.200,-6.554,2.310,3.468,-1.479,0.249
150.328,-6.544,2.303,3.467,-1.455,0.366
150.334,-6.495,2.246,3.465,-1.022,1.098
150.367,-6.486,2.222,3.465,-0.947,1.163
150.400,-6.482,2.209,3.465,-0.954,1.157
150.522,-6.480,2.197,3.465,-0.933,1.175
150.534,-6.488,2.127,3.469,0.062,1.499
150.567,-6.498,2.108,3.470,0.065,1.499
150.600,-6.505,2.100,3.470,-0.004,1.500
150.736,-6.521,2.086,3.470,-0.069,1.498
150.767,-6.592,2.068,3.469,1.422,0.476
150.800,-6.603,2.070,3.468,1.418,0.490
150.953,-6.615,2.073,3.468,1.389,0.566
150.967,-6.693,2.134,3.467,1.186,-0.918
151.000,-6.701,2.146,3.467,1.147,-0.966
151.131,-6.707,2.158,3.467,1.134,-0.982
151.134,-6.721,2.196,3.468,0.627,-1.362
151.167,-6.725,2.261,3.473,0.298,-1.470
151.200,-6.722,2.273,3.474,0.113,-1.496
151.332,-6.719,2.285,3.475,-0.021,-1.500
151.334,-6.703,2.316,3.477,-0.709,-1.322
151.367,-6.661,2.349,3.479,-1.108,-1.011
151.400,-6.651,2.353,3.478,-1.149,-0.964
151.498,-6.641,2.355,3.478,-1.182,-0.924
151.500,-6.598,2.354,3.479,-1.493,-0.142
151.534,-6.577,2.347,3.479,-1.499,0.054
151.567,-6.558,2.336,3.479,-1.499,0.056
151.600,-6.549,2.329,3.480,-1.500,0.012
151.725,-6.541,2.321,3.480,-1.500,-0.032
151.734,-6.511,2.261,3.481,-1.066,1.056
151.767,-6.509,2.238,3.481,-1.137,0.979
151.800,-6.509,2.226,3.481,-1.233,0.854
151.944,-6.511,2.215,3.481,-1.320,0.713
151.968,-6.562,2.141,3.481,0.344,1.460
152.000,-6.572,2.134,3.481,0.189,1.488
152.147,-6.584,2.129,3.480,-0.069,1.498
152.167,-6.695,2.122,3.474,1.496,0.108
152.200,-6.710,2.126,3.473,1.500,0.020
152.352,-6.725,2.132,3.472,1.499,-0.063
152.367,-6.829,2.206,3.469,1.127,-0.990
152.400,-6.839,2.219,3.469,1.003,-1.115
152.530,-6.848,2.232,3.469,0.853,-1.234
152.534,-6.873,2.284,3.471,0.499,-1.414
152.567,-6.882,2.334,3.474,0.130,-1.494
152.600,-6.881,2.345,3.474,-0.048,-1.499
152.752,-6.880,2.355,3.475,-0.216,-1.484
152.767,-6.838,2.407,3.475,-1.035,-1.085
152.800,-6.830,2.408,3.474,-1.078,-1.043
152.946,-6.822,2.409,3.474,-1.108,-1.011
152.967,-6.754,2.375,3.471,-1.487,0.196
153.000,-6.748,2.366,3.471,-1.497,0.094
153.150,-6.741,2.356,3.471,-1.500,-0.028
153.167,-6.723,2.255,3.468,-0.736,1.307
153.200,-6.725,2.241,3.468,-0.830,1.249
153.341,-6.728,2.227,3.467,-1.035,1.086
153.367,-6.792,2.128,3.466,0.586,1.381
153.400,-6.804,2.118,3.466,0.551,1.395
153.545,-6.816,2.110,3.465,0.406,1.444
153.568,-6.929,2.078,3.464,1.413,0.502
153.600,-6.943,2.079,3.464,1.434,0.442
153.753,-6.957,2.081,3.464,1.451,0.378
153.767,-7.042,2.132,3.462,1.012,-1.107
153.800,-7.048,2.142,3.462,0.963,-1.150
153.956,-7.054,2.152,3.461,0.854,-1.233
153.967,-7.060,2.245,3.460,-0.131,-1.494
154.000,-7.055,2.256,3.460,-0.154,-1.492
154.150,-7.050,2.267,3.461,-0.209,-1.485
154.167,-6.983,2.323,3.463,-1.051,-1.070
154.200,-6.972,2.326,3.464,-1.048,-1.073
154.355,-6.962,2.328,3.464,-1.043,-1.078
154.367,-6.885,2.302,3.467,-1.489,0.185
154.400,-6.878,2.295,3.467,-1.491,0.165
154.555,-6.866,2.276,3.467,-1.500,-0.004
154.567,-6.854,2.192,3.464,-0.371,1.453
154.600,-6.857,2.179,3.464,-0.337,1.462
154.755,-6.861,2.166,3.463,-0.393,1.448
154.767,-6.927,2.071,3.462,0.944,1.166
154.800,-6.951,2.054,3.462,0.987,1.130
154.957,-6.964,2.046,3.463,1.001,1.117
154.968,-7.055,2.024,3.468,1.392,0.559
155.000,-7.067,2.025,3.469,1.407,0.521
155.142,-7.079,2.027,3.469,1.417,0.493
155.167,-7.139,2.076,3.470,1.269,-0.800
155.201,-7.145,2.095,3.469,1.263,-0.809
155.352,-7.145,2.106,3.468,1.270,-0.798
155.367,-7.120,2.186,3.463,-0.016,-1.500
155.400,-7.112,2.196,3.462,0.086,-1.498
155.524,-7.103,2.207,3.462,0.194,-1.487
155.534,-7.032,2.253,3.459,-1.143,-0.972
155.567,-7.003,2.262,3.458,-1.110,-1.009
155.601,-6.989,2.265,3.457,-1.055,-1.067
155.736,-6.960,2.267,3.457,-0.637,-0.911
155.767,-6.867,2.240,3.458,-1.428,0.459
155.800,-6.856,2.233,3.458,-1.409,0.514
155.950,-6.847,2.224,3.458,-1.400,0.538
155.968,-6.804,2.135,3.456,-0.674,1.340
156.001,-6.804,2.110,3.456,-0.414,1.442
156.121,-6.806,2.098,3.456,-0.249,1.479
156.134,-6.830,2.044,3.456,0.593,1.378
156.167,-6.846,2.028,3.456,0.807,1.265
156.200,-6.865,2.015,3.456,1.097,1.023
156.305,-6.865,2.015,3.456,1.097,1.023
156.334,-6.931,2.000,3.457,1.459,0.350
156.367,-6.952,2.004,3.458,1.472,0.289
156.400,-6.963,2.008,3.458,1.478,0.258
156.502,-6.981,2.018,3.459,1.485,0.209
156.534,-7.015,2.058,3.460,1.187,-0.917
156.567,-7.022,2.079,3.460,1.271,-0.797
156.600,-7.024,2.090,3.460,1.337,-0.680
156.714,-7.024,2.112,3.460,1.420,-0.485
156.734,-7.006,2.168,3.460,0.761,-1.293
156.767,-6.991,2.188,3.460,1.063,-1.034
156.800,-6.982,2.197,3.460,1.195,-0.762
156.928,-6.961,2.213,3.459,1.235,-0.404
156.934,-6.895,2.237,3.456,-1.266,-0.805
156.967,-6.864,2.240,3.454,-1.209,-0.889
157.000,-6.848,2.239,3.453,-0.759,-0.743
157.143,-6.831,2.238,3.452,-0.110,-0.472
157.168,-6.694,2.189,3.452,-1.379,0.591
157.200,-6.678,2.179,3.453,-1.320,0.713
157.350,-6.663,2.168,3.453,-1.228,0.861
157.367,-6.570,2.068,3.463,-0.865,1.226
157.400,-6.563,2.055,3.464,-0.690,1.332
157.550,-6.557,2.042,3.466,-0.469,1.425
157.567,-6.544,1.965,3.475,0.281,1.473
157.600,-6.547,1.959,3.475,0.501,1.414
157.744,-6.550,1.954,3.475,0.692,1.331
157.767,-6.603,1.953,3.472,1.492,0.156
157.800,-6.611,1.958,3.471,1.489,0.183
157.947,-6.619,1.964,3.470,1.483,0.225
157.967,-6.674,2.047,3.469,1.293,-0.760
158.000,-6.678,2.060,3.469,1.348,-0.658
158.138,-6.681,2.074,3.470,1.412,-0.507
158.167,-6.673,2.184,3.476,0.399,-1.446
158.200,-6.668,2.196,3.476,0.572,-1.387
158.350,-6.661,2.207,3.477,0.821,-1.255
158.367,-6.577,2.266,3.475,-1.030,-1.091
158.400,-6.564,2.269,3.474,-0.916,-1.188
158.551,-6.550,2.271,3.473,-0.641,-1.356
158.567,-6.437,2.245,3.468,-1.425,0.468
158.600,-6.424,2.237,3.467,-1.330,0.693
158.747,-6.400,2.219,3.467,-0.245,0.924
158.767,-6.345,2.134,3.465,-0.513,1.410
158.800,-6.342,2.121,3.465,-0.320,1.465
158.944,-6.339,2.108,3.466,-0.051,1.499
158.967,-6.353,2.019,3.469,0.560,1.392
159.000,-6.359,2.012,3.470,0.710,1.321
159.107,-6.365,2.005,3.470,0.861,1.229
159.134,-6.411,1.985,3.472,1.381,0.586
159.167,-6.427,1.987,3.472,1.406,0.523
159.200,-6.435,1.990,3.473,1.419,0.486
159.336,-6.450,1.999,3.474,1.433,0.443
159.367,-6.481,2.058,3.475,1.191,-0.912
159.400,-6.482,2.069,3.475,1.283,-0.777
159.548,-6.482,2.080,3.475,1.380,-0.588
159.567,-6.444,2.178,3.475,0.094,-1.497
159.600,-6.435,2.190,3.475,0.341,-1.461
159.737,-6.425,2.200,3.475,0.729,-1.311
159.767,-6.316,2.257,3.473,-1.145,-0.969
159.800,-6.300,2.260,3.473,-1.050,-1.071
159.953,-6.285,2.261,3.473,-0.673,-1.145
159.967,-6.167,2.236,3.472,-1.385,0.575
160.000,-6.154,2.228,3.472,-1.326,0.701
160.152,-6.132,2.210,3.472,-0.977,1.138
160.167,-6.082,2.130,3.471,-0.293,1.471
160.200,-6.079,2.118,3.471,-0.068,1.498
160.341,-6.077,2.093,3.472,0.513,1.410
160.367,-6.099,2.026,3.474,0.898,1.202
160.400,-6.105,2.019,3.475,1.004,1.114
160.544,-6.119,2.009,3.476,1.181,0.925
160.567,-6.174,2.008,3.479,1.406,0.524
160.600,-6.181,2.013,3.480,1.416,0.494
160.726,-6.187,2.018,3.480,1.418,0.490
160.734,-6.211,2.068,3.481,0.980,-1.136
160.767,-6.211,2.090,3.480,1.188,-0.916
160.800,-6.210,2.102,3.480,1.293,-0.761
160.913,-6.207,2.115,3.479,1.398,-0.543
160.934,-6.170,2.192,3.477,0.194,-1.487
160.967,-6.149,2.215,3.476,0.713,-1.320
161.000,-6.138,2.227,3.476,0.999,-1.119
161.120,-6.125,2.237,3.476,1.299,-0.751
161.134,-6.036,2.282,3.473,-1.295,-0.757
161.167,-6.003,2.289,3.471,-1.258,-0.818
161.200,-5.986,2.290,3.471,-1.193,-0.909
161.338,-5.969,2.291,3.471,-0.402,-0.586
161.367,-5.837,2.259,3.472,-1.399,0.542
161.400,-5.823,2.251,3.472,-1.312,0.727
161.539,-5.809,2.242,3.473,-1.128,0.988
161.567,-5.732,2.156,3.479,-0.570,1.388
161.600,-5.727,2.144,3.480,-0.365,1.455
161.726,-5.723,2.133,3.480,-0.076,1.498
161.734,-5.720,2.078,3.486,0.218,1.484
161.767,-5.726,2.065,3.487,0.548,1.396
161.800,-5.731,2.060,3.487,0.731,1.310
161.894,-5.736,2.056,3.488,0.896,1.203
161.900,-5.761,2.051,3.488,1.382,0.582
161.934,-5.776,2.055,3.488,1.415,0.497
161.967,-5.791,2.064,3.488,1.429,0.457
162.000,-5.798,2.069,3.489,1.436,0.433
162.118,-5.805,2.076,3.489,1.431,0.449
162.134,-5.835,2.135,3.490,1.261,-0.813
162.167,-5.838,2.160,3.490,1.389,-0.567
162.200,-5.839,2.173,3.491,1.434,-0.441
162.291,-5.838,2.186,3.491,1.477,-0.260
162.300,-5.825,2.239,3.492,0.720,-1.316
162.334,-5.813,2.265,3.492,1.053,-1.069
162.367,-5.796,2.289,3.492,1.352,-0.651
162.400,-5.786,2.300,3.492,1.426,-0.466
162.538,-5.763,2.320,3.491,1.497,-0.095
162.567,-5.657,2.363,3.486,-1.185,-0.920
162.600,-5.640,2.366,3.485,-0.822,-0.855
162.739,-5.621,2.367,3.484,-0.017,-0.437
162.767,-5.463,2.346,3.484,-1.456,0.360
162.800,-5.423,2.333,3.486,-1.285,0.774
162.928,-5.423,2.333,3.486,-1.285,0.774
162.935,-5.319,2.281,3.496,-1.198,0.903
162.967,-5.291,2.262,3.500,-1.000,1.118
163.000,-5.266,2.243,3.504,-0.385,1.450
163.141,-5.256,2.233,3.506,0.129,1.494
163.167,-5.211,2.182,3.518,-0.397,1.447
163.200,-5.208,2.177,3.519,-0.115,1.496
163.327,-5.207,2.171,3.520,0.572,1.387
163.334,-5.218,2.173,3.519,1.486,0.208
163.367,-5.228,2.182,3.517,1.472,0.288
163.400,-5.233,2.188,3.516,1.467,0.312
163.531,-5.246,2.203,3.514,1.452,0.377
163.534,-5.280,2.257,3.512,1.149,-0.965
163.567,-5.292,2.284,3.513,1.293,-0.760
163.600,-5.297,2.298,3.514,1.366,-0.619
163.729,-5.301,2.313,3.515,1.439,-0.423
163.735,-5.311,2.399,3.523,0.670,-1.342
163.767,-5.307,2.425,3.526,0.900,-1.200
163.800,-5.304,2.436,3.527,1.049,-1.072
163.940,-5.294,2.458,3.528,1.350,-0.653
163.967,-5.230,2.504,3.525,-0.128,-1.272
164.000,-5.218,2.506,3.523,0.478,-0.721
164.127,-5.205,2.507,3.522,0.916,-0.342
164.134,-5.118,2.491,3.510,-1.445,0.387
164.167,-5.088,2.477,3.507,-0.175,0.688
164.202,-5.058,2.459,3.504,0.713,0.884
164.336,-5.043,2.448,3.503,1.071,0.843
164.367,-4.954,2.360,3.506,-0.660,1.347
164.400,-4.944,2.346,3.508,-0.470,1.425
164.534,-4.934,2.333,3.510,-0.181,1.489
164.567,-4.881,2.250,3.530,-0.213,1.485
164.600,-4.877,2.244,3.533,0.015,1.500
164.738,-4.874,2.238,3.534,0.301,1.470
164.767,-4.867,2.231,3.542,1.043,1.078
164.800,-4.869,2.235,3.542,1.180,0.927
164.927,-4.872,2.246,3.541,1.309,0.733
164.934,-4.884,2.294,3.539,0.899,-1.201
164.967,-4.888,2.319,3.539,1.184,-0.921
165.000,-4.890,2.333,3.539,1.310,-0.731
165.139,-4.891,2.348,3.539,1.427,-0.462
165.167,-4.877,2.479,3.546,0.143,-1.493
165.200,-4.872,2.495,3.547,0.329,-1.464
165.338,-4.866,2.510,3.548,0.570,-1.387
165.367,-4.790,2.605,3.554,-0.176,-1.490
165.400,-4.779,2.613,3.553,0.204,-1.486
165.540,-4.766,2.619,3.553,0.748,-1.300
165.567,-4.668,2.630,3.547,-1.499,-0.062
165.600,-4.657,2.627,3.546,-1.499,0.062
165.727,-4.646,2.622,3.545,-1.165,0.256
165.734,-4.592,2.572,3.538,-0.865,1.226
165.767,-4.580,2.550,3.536,-0.453,1.430
165.800,-4.575,2.538,3.535,-0.033,1.500
165.937,-4.567,2.513,3.535,0.702,1.326
165.967,-4.568,2.431,3.539,0.560,1.391
166.000,-4.571,2.421,3.540,0.703,1.325
166.117,-4.575,2.412,3.541,0.850,1.236
166.134,-4.607,2.377,3.546,1.132,0.984
166.167,-4.619,2.374,3.548,1.211,0.886
166.200,-4.625,2.374,3.548,1.252,0.827
166.341,-4.630,2.375,3.549,1.281,0.780
166.367,-4.654,2.421,3.549,1.306,-0.738
166.400,-4.653,2.430,3.548,1.388,-0.570
166.526,-4.652,2.440,3.547,1.459,-0.350
166.534,-4.621,2.512,3.541,-0.021,-1.500
166.567,-4.603,2.537,3.538,0.397,-1.446
166.600,-4.592,2.549,3.537,0.719,-1.316
166.740,-4.580,2.561,3.536,1.143,-0.971
166.767,-4.462,2.633,3.528,-1.248,-0.831
166.800,-4.445,2.638,3.527,-1.212,-0.883
166.941,-4.428,2.642,3.527,-1.115,-1.004
166.967,-4.300,2.634,3.523,-1.497,0.100
167.000,-4.286,2.629,3.523,-1.476,0.267
167.141,-4.259,2.615,3.522,-0.636,0.718
167.167,-4.196,2.549,3.519,-0.709,1.322
167.200,-4.191,2.539,3.518,-0.492,1.417
167.337,-4.187,2.528,3.518,-0.180,1.489
167.367,-4.192,2.454,3.517,0.557,1.393
167.400,-4.197,2.447,3.517,0.702,1.326
167.534,-4.209,2.437,3.517,0.973,1.142
167.567,-4.264,2.430,3.516,1.396,0.549
167.600,-4.272,2.434,3.516,1.402,0.532
167.733,-4.280,2.438,3.515,1.399,0.542
167.735,-4.288,2.444,3.515,1.489,0.180
167.767,-4.327,2.508,3.513,1.291,-0.763
167.800,-4.329,2.520,3.512,1.371,-0.609
167.939,-4.331,2.533,3.511,1.446,-0.398
167.967,-4.304,2.639,3.507,0.153,-1.492
168.000,-4.296,2.652,3.507,0.363,-1.455
168.133,-4.287,2.663,3.506,0.703,-1.325
168.134,-4.255,2.694,3.504,-0.536,-1.401
168.167,-4.186,2.727,3.498,-1.101,-1.018
168.200,-4.171,2.731,3.497,-1.007,-1.112
168.339,-4.155,2.734,3.495,-0.306,-0.754
168.367,-4.039,2.715,3.489,-1.385,0.577
168.400,-4.015,2.700,3.487,-0.889,1.208
168.533,-4.015,2.700,3.487,-0.889,1.208
168.535,-4.004,2.691,3.487,-0.101,1.111
168.567,-3.958,2.616,3.483,-0.167,1.491
168.600,-3.955,2.604,3.483,0.111,1.496
168.735,-3.954,2.592,3.483,0.427,1.438
168.767,-3.976,2.519,3.486,0.861,1.228
168.800,-3.982,2.514,3.486,0.981,1.135
168.941,-3.995,2.505,3.487,1.158,0.953
168.967,-4.041,2.510,3.491,1.495,0.125
169.000,-4.047,2.515,3.492,1.490,0.175
169.137,-4.052,2.521,3.492,1.480,0.247
169.167,-4.065,2.600,3.492,1.104,-1.016
169.200,-4.062,2.612,3.491,1.241,-0.842
169.338,-4.058,2.625,3.491,1.383,-0.581
169.368,-3.992,2.722,3.488,-0.331,-1.463
169.400,-3.979,2.733,3.488,0.090,-1.497
169.542,-3.966,2.742,3.488,0.656,-1.109
169.568,-3.839,2.785,3.484,-1.430,-0.454
169.600,-3.822,2.786,3.484,-1.448,-0.390
169.741,-3.805,2.786,3.483,-0.605,-0.104
169.767,-3.689,2.748,3.482,-1.230,0.859
169.800,-3.667,2.730,3.482,-0.796,1.271
169.942,-3.667,2.730,3.482,-0.796,1.271
169.967,-3.620,2.648,3.486,-0.061,1.499
170.000,-3.619,2.639,3.487,0.227,1.483
170.140,-3.620,2.621,3.488,0.765,1.291
170.167,-3.650,2.585,3.490,1.140,0.975
170.200,-3.657,2.584,3.490,1.186,0.919
170.338,-3.664,2.583,3.490,1.221,0.872
170.367,-3.723,2.621,3.490,1.449,-0.388
170.400,-3.729,2.630,3.490,1.472,-0.288
170.540,-3.734,2.640,3.490,1.492,-0.152
170.567,-3.743,2.742,3.490,0.885,-1.211
170.600,-3.735,2.769,3.490,1.214,-0.881
170.735,-3.730,2.782,3.490,1.380,-0.589
170.767,-3.662,2.859,3.487,-0.730,-1.310
170.800,-3.649,2.867,3.486,-0.527,-1.404
170.934,-3.635,2.874,3.485,-0.099,-1.497
170.967,-3.510,2.892,3.480,-1.498,-0.082
171.000,-3.494,2.889,3.479,-0.921,0.197
171.142,-3.479,2.886,3.479,-0.081,0.355
171.167,-3.380,2.824,3.476,-1.055,1.066
171.200,-3.371,2.813,3.475,-0.904,1.197
171.333,-3.364,2.802,3.475,-0.649,1.352
171.335,-3.348,2.768,3.476,-0.356,1.457
171.367,-3.342,2.714,3.478,0.397,1.446
171.400,-3.344,2.705,3.479,0.626,1.363
171.541,-3.351,2.688,3.480,0.978,1.137
171.567,-3.395,2.660,3.483,1.258,0.817
171.600,-3.403,2.660,3.483,1.282,0.779
171.742,-3.419,2.664,3.483,1.319,0.714
171.767,-3.464,2.708,3.485,1.443,-0.410
171.800,-3.467,2.718,3.485,1.470,-0.300
171.924,-3.472,2.740,3.485,1.499,-0.046
171.934,-3.468,2.803,3.485,0.693,-1.330
171.967,-3.458,2.829,3.484,1.053,-1.068
172.000,-3.452,2.842,3.484,1.233,-0.854
172.136,-3.444,2.855,3.484,1.405,-0.526
172.167,-3.350,2.937,3.480,-1.022,-1.098
172.200,-3.335,2.943,3.479,-0.924,-1.182
172.338,-3.319,2.949,3.479,-0.692,-1.331
172.368,-3.181,2.954,3.477,-1.497,0.098
172.400,-3.164,2.950,3.477,-1.475,0.271
172.535,-3.130,2.940,3.477,-0.591,0.694
172.567,-3.038,2.876,3.478,-0.906,1.195
172.600,-3.028,2.865,3.479,-0.731,1.310
172.708,-3.020,2.854,3.479,-0.451,1.430
172.734,-2.993,2.789,3.484,-0.059,1.499
172.767,-2.992,2.771,3.486,0.383,1.450
172.800,-2.993,2.763,3.486,0.607,1.372
172.917,-2.995,2.755,3.487,0.811,1.262
172.934,-3.022,2.731,3.490,1.258,0.816
172.967,-3.034,2.732,3.490,1.297,0.754
173.000,-3.041,2.733,3.490,1.318,0.717
173.111,-3.047,2.736,3.491,1.325,0.702
173.134,-3.080,2.775,3.492,1.476,-0.267
173.167,-3.086,2.795,3.493,1.499,-0.057
173.200,-3.088,2.806,3.493,1.500,0.019
173.336,-3.089,2.818,3.493,1.492,0.155
173.367,-3.061,2.922,3.492,0.292,-1.471
173.400,-3.053,2.935,3.491,0.582,-1.383
173.538,-3.043,2.948,3.491,1.006,-1.113
173.567,-2.935,3.031,3.487,-1.087,-1.033
173.600,-2.918,3.038,3.487,-1.029,-1.091
173.745,-2.884,3.050,3.486,-0.542,-1.101
173.767,-2.766,3.060,3.490,-1.500,0.031
173.800,-2.750,3.058,3.491,-1.492,0.155
173.948,-2.721,3.050,3.492,-0.943,0.591
173.967,-2.648,2.998,3.493,-0.790,1.275
174.001,-2.642,2.988,3.493,-0.376,1.452
174.133,-2.633,2.968,3.493,0.513,1.409
174.134,-2.628,2.948,3.493,0.211,1.485
174.167,-2.634,2.904,3.495,0.687,1.333
174.200,-2.638,2.896,3.495,0.854,1.233
174.345,-2.643,2.890,3.496,0.993,1.124
174.367,-2.700,2.871,3.500,1.424,0.471
174.400,-2.708,2.873,3.501,1.422,0.478
174.545,-2.716,2.876,3.502,1.413,0.503
174.567,-2.756,2.937,3.504,1.298,-0.752
174.600,-2.758,2.948,3.504,1.370,-0.611
174.740,-2.758,2.960,3.504,1.442,-0.411
174.767,-2.724,3.060,3.501,0.423,-1.439
174.800,-2.715,3.072,3.501,0.628,-1.362
174.944,-2.705,3.083,3.500,0.942,-1.167
174.967,-2.596,3.145,3.493,-1.018,-1.102
175.000,-2.580,3.149,3.492,-0.886,-1.210
175.130,-2.563,3.151,3.491,-0.280,-0.936
175.134,-2.480,3.146,3.487,-1.488,0.192
175.167,-2.433,3.131,3.485,-1.406,0.523
175.200,-2.405,3.115,3.483,-1.046,1.075
175.328,-2.392,3.106,3.483,-0.395,1.249
175.334,-2.339,3.051,3.481,-0.817,1.258
175.367,-2.325,3.027,3.481,-0.481,1.421
175.400,-2.320,3.015,3.481,-0.216,1.484
175.484,-2.315,3.003,3.481,0.122,1.495
175.500,-2.309,2.960,3.483,0.217,1.484
175.534,-2.311,2.942,3.484,0.612,1.369
175.567,-2.317,2.928,3.484,0.934,1.174
175.600,-2.325,2.917,3.485,1.126,0.991
175.732,-2.330,2.913,3.486,1.187,0.917
175.734,-2.341,2.909,3.486,1.340,0.674
175.767,-2.369,2.917,3.489,1.442,0.412
175.800,-2.374,2.922,3.490,1.436,0.433
175.944,-2.378,2.928,3.490,1.421,0.479
175.967,-2.387,3.004,3.490,1.301,-0.747
176.000,-2.383,3.016,3.490,1.400,-0.538
176.142,-2.379,3.028,3.490,1.478,-0.257
176.167,-2.307,3.129,3.485,-0.547,-1.397
176.200,-2.293,3.141,3.485,-0.414,-1.442
176.340,-2.279,3.151,3.484,-0.113,-1.496
176.367,-2.141,3.207,3.481,-1.342,-0.671
176.400,-2.123,3.210,3.481,-1.343,-0.667
176.536,-2.105,3.211,3.480,-1.335,-0.684
176.567,-1.982,3.188,3.480,-1.463,0.331
176.600,-1.970,3.182,3.479,-1.391,0.562
176.745,-1.960,3.174,3.479,-1.198,0.903
176.767,-1.915,3.098,3.471,-0.139,1.494
176.800,-1.914,3.087,3.470,0.073,1.498
176.943,-1.915,3.077,3.470,0.318,1.466
176.967,-1.955,3.012,3.467,0.958,1.154
177.000,-1.963,3.008,3.467,1.026,1.094
177.128,-1.972,3.004,3.467,1.084,1.037
177.134,-2.027,3.001,3.470,1.477,0.264
177.167,-2.044,3.008,3.471,1.467,0.312
177.200,-2.052,3.013,3.472,1.461,0.341
177.321,-2.059,3.019,3.473,1.447,0.397
177.334,-2.083,3.073,3.474,0.934,-1.174
177.367,-2.083,3.095,3.473,1.178,-0.929
177.400,-2.081,3.107,3.473,1.295,-0.756
177.514,-2.075,3.131,3.473,1.469,-0.301
177.534,-2.040,3.191,3.472,-0.217,-1.484
177.567,-2.019,3.212,3.472,0.422,-1.439
177.600,-2.007,3.222,3.471,0.762,-1.024
177.728,-1.995,3.230,3.471,1.069,-0.501
177.734,-1.907,3.265,3.469,-1.389,-0.567
177.767,-1.874,3.269,3.469,-1.413,-0.504
177.800,-1.858,3.269,3.468,-1.437,-0.430
177.919,-1.842,3.268,3.468,-0.728,-0.134
177.934,-1.750,3.241,3.470,-1.395,0.551
177.967,-1.724,3.225,3.471,-1.262,0.810
178.000,-1.711,3.216,3.472,-1.038,1.083
178.112,-1.700,3.207,3.473,-0.631,1.361
178.134,-1.652,3.145,3.480,-0.468,1.425
178.167,-1.644,3.125,3.482,0.057,1.499
178.200,-1.642,3.116,3.484,0.349,1.459
178.274,-1.640,3.099,3.486,0.822,1.254
178.300,-1.644,3.079,3.490,0.834,1.247
178.334,-1.651,3.070,3.492,1.042,1.079
178.367,-1.660,3.065,3.493,1.179,0.927
178.400,-1.665,3.065,3.494,1.227,0.863
178.494,-1.671,3.065,3.495,1.253,0.824
178.500,-1.693,3.077,3.499,1.500,0.030
178.534,-1.702,3.089,3.501,1.496,0.112
178.567,-1.709,3.105,3.502,1.477,0.262
178.600,-1.711,3.114,3.503,1.468,0.307
178.701,-1.713,3.124,3.504,1.447,0.397
178.734,-1.703,3.193,3.505,0.692,-1.331
178.767,-1.691,3.218,3.504,1.197,-0.904
178.800,-1.683,3.231,3.504,1.365,-0.622
178.928,-1.674,3.243,3.504,1.481,-0.235
178.934,-1.601,3.313,3.501,-1.051,-1.071
178.967,-1.569,3.331,3.500,-0.992,-1.125
179.000,-1.553,3.340,3.499,-0.868,-1.223
179.134,-1.535,3.347,3.499,-0.362,-1.023
179.167,-1.386,3.372,3.502,-1.498,-0.082
179.200,-1.368,3.370,3.503,-1.500,0.010
179.302,-1.350,3.368,3.504,-1.492,0.156
179.334,-1.262,3.334,3.506,-1.286,0.772
179.367,-1.240,3.317,3.505,-0.926,1.180
179.400,-1.231,3.308,3.505,-0.412,1.442
179.539,-1.222,3.299,3.505,0.178,1.489
179.567,-1.197,3.226,3.506,-0.045,1.499
179.600,-1.198,3.218,3.506,0.170,1.490
179.739,-1.201,3.212,3.506,0.403,1.445
179.767,-1.247,3.193,3.503,1.388,0.570
179.800,-1.255,3.196,3.503,1.386,0.574
179.923,-1.263,3.199,3.502,1.377,0.596
179.934,-1.308,3.243,3.499,1.318,-0.716
179.967,-1.320,3.264,3.499,1.417,-0.491
