t,x,y,z,cmd_vx,cmd_vy
0.000,4.091,1.087,4.340,-0.682,1.336
0.146,4.091,1.087,4.303,-0.682,1.336
0.167,4.091,1.087,3.863,-0.682,1.336
0.200,4.091,1.087,3.792,-0.682,1.336
0.305,4.091,1.088,3.720,-0.682,1.336
0.334,4.090,1.089,3.306,-0.683,1.336
0.367,4.088,1.092,3.176,-0.683,1.336
0.400,4.087,1.094,3.112,-0.683,1.336
0.477,4.086,1.097,3.050,-0.683,1.336
0.500,4.077,1.115,2.811,-0.684,1.335
0.534,4.070,1.128,2.697,-0.683,1.336
0.567,4.061,1.145,2.587,-0.683,1.336
0.600,4.056,1.155,2.534,-0.683,1.336
0.740,4.051,1.166,2.481,-0.683,1.336
0.767,3.991,1.283,2.095,0.679,-1.338
0.800,3.982,1.301,2.050,0.545,-1.082
0.899,3.972,1.320,2.007,-0.118,0.220
0.900,3.963,1.339,1.965,0.677,-1.339
0.934,3.911,1.443,1.764,0.673,-1.341
0.967,3.890,1.485,1.690,0.350,-0.739
1.000,3.880,1.505,1.655,-0.126,0.193
1.149,3.870,1.526,1.621,-0.563,1.059
1.167,3.813,1.663,1.383,0.520,-1.407
1.200,3.809,1.676,1.358,0.465,-1.426
1.344,3.806,1.688,1.333,0.296,-1.453
1.367,3.803,1.745,1.171,-1.313,-0.725
1.400,3.805,1.747,1.155,-1.441,0.353
1.549,3.808,1.749,1.139,-1.190,0.913
1.567,3.839,1.726,1.049,-0.912,1.191
1.600,3.843,1.719,1.041,-0.871,1.222
1.693,3.846,1.712,1.035,-0.835,1.246
1.700,3.853,1.677,1.017,-0.519,1.407
1.734,3.852,1.659,1.013,-0.535,1.401
1.767,3.848,1.640,1.011,-0.564,1.390
1.800,3.844,1.632,1.011,-0.569,1.388
1.925,3.840,1.623,1.011,-0.594,1.377
1.934,3.799,1.587,1.018,0.614,1.369
1.967,3.781,1.582,1.022,0.287,1.472
2.000,3.771,1.581,1.024,0.119,1.495
2.137,3.751,1.582,1.029,-0.190,1.488
2.167,3.676,1.619,1.046,1.451,0.382
2.200,3.667,1.629,1.048,1.182,0.923
2.352,3.657,1.639,1.051,0.598,1.376
2.367,3.601,1.756,1.073,0.760,-1.293
2.400,3.597,1.773,1.076,0.780,-1.281
2.551,3.594,1.791,1.079,0.307,-0.321
2.567,3.604,1.933,1.112,-0.469,-1.425
2.600,3.610,1.949,1.117,-0.647,-1.353
2.689,3.616,1.965,1.121,-0.942,-1.167
2.700,3.647,2.019,1.140,-1.010,-1.109
2.734,3.665,2.041,1.150,-1.358,-0.637
2.767,3.684,2.059,1.160,-1.484,0.219
2.800,3.694,2.066,1.165,-1.387,0.570
2.881,3.703,2.073,1.170,-1.238,0.847
2.900,3.737,2.087,1.192,-1.494,0.133
2.934,3.751,2.089,1.203,-1.373,0.604
2.967,3.761,2.087,1.214,-1.166,0.944
3.000,3.765,2.086,1.220,-1.071,1.050
3.129,3.768,2.084,1.225,-0.989,1.128
3.134,3.763,2.068,1.258,-0.823,1.254
3.167,3.754,2.064,1.269,-0.731,1.310
3.200,3.747,2.063,1.274,-0.703,1.325
3.336,3.740,2.062,1.279,-0.706,1.323
3.367,3.650,2.080,1.313,1.233,0.854
3.400,3.635,2.086,1.316,0.931,1.176
3.506,3.621,2.093,1.320,0.469,1.425
3.534,3.528,2.158,1.342,1.493,-0.141
3.567,3.498,2.186,1.350,1.250,0.829
3.600,3.484,2.202,1.354,0.688,1.169
3.686,3.470,2.218,1.359,0.145,1.493
3.700,3.421,2.287,1.376,1.148,-0.965
3.734,3.402,2.324,1.386,1.017,-0.389
3.767,3.387,2.361,1.395,0.064,0.629
3.800,3.381,2.380,1.400,-0.230,0.924
3.898,3.376,2.398,1.405,-0.494,1.301
3.900,3.367,2.454,1.421,0.069,-1.498
3.934,3.368,2.506,1.438,-0.156,-1.492
3.967,3.372,2.539,1.451,-0.731,-1.310
4.000,3.376,2.555,1.457,-1.014,-0.674
4.117,3.380,2.571,1.463,-1.067,0.144
4.134,3.411,2.652,1.505,-1.004,-1.115
4.167,3.422,2.673,1.519,-1.409,-0.515
4.200,3.427,2.682,1.527,-1.499,-0.047
4.341,3.432,2.691,1.534,-1.430,0.454
4.367,3.448,2.729,1.590,-1.499,-0.046
4.400,3.446,2.730,1.596,-1.432,0.446
4.532,3.443,2.730,1.601,-1.275,0.790
4.535,3.429,2.726,1.617,0.080,1.498
4.567,3.384,2.711,1.640,0.676,1.339
4.600,3.372,2.707,1.644,0.435,1.436
4.725,3.358,2.702,1.648,0.150,1.492
4.734,3.260,2.677,1.677,1.328,0.698
4.767,3.224,2.672,1.688,1.164,0.947
4.800,3.206,2.670,1.694,1.027,1.094
4.919,3.170,2.668,1.707,0.588,1.380
4.934,3.089,2.678,1.738,1.494,0.138
4.967,3.062,2.687,1.750,1.434,0.439
5.000,3.050,2.693,1.755,1.343,0.668
5.130,3.028,2.707,1.765,0.863,1.227
5.134,2.994,2.754,1.785,1.099,-1.021
5.167,2.989,2.776,1.792,1.242,-0.841
5.200,2.987,2.788,1.795,0.740,-0.213
5.343,2.988,2.799,1.798,0.288,0.410
5.367,3.028,2.893,1.823,-1.016,-1.104
5.400,3.037,2.903,1.826,-1.172,-0.937
5.521,3.048,2.912,1.829,-1.356,-0.642
5.534,3.126,2.949,1.852,-1.438,-0.427
5.567,3.155,2.954,1.861,-1.499,-0.057
5.600,3.169,2.955,1.866,-1.489,0.179
5.709,3.183,2.955,1.871,-1.436,0.435
5.734,3.255,2.936,1.901,-1.358,0.636
5.767,3.273,2.925,1.910,-1.246,0.835
5.800,3.280,2.918,1.915,-1.175,0.932
5.897,3.286,2.912,1.920,-1.103,1.017
5.901,3.298,2.890,1.934,-0.875,1.218
5.934,3.301,2.870,1.947,-0.650,1.352
5.967,3.296,2.858,1.956,-0.642,1.356
6.000,3.293,2.853,1.960,-0.633,1.360
6.155,3.288,2.848,1.964,-0.651,1.351
6.167,3.219,2.841,1.992,1.366,0.620
6.200,3.207,2.845,1.995,1.252,0.827
6.338,3.195,2.850,1.998,1.018,1.102
6.367,3.091,2.925,2.024,1.345,-0.665
6.400,3.079,2.938,2.028,1.393,-0.555
6.509,3.067,2.952,2.032,1.470,-0.301
6.534,3.012,3.044,2.059,0.852,-1.235
6.567,3.001,3.075,2.069,0.885,-1.211
6.600,2.997,3.090,2.074,0.782,-0.882
6.711,2.994,3.105,2.079,0.316,-0.114
6.734,2.998,3.178,2.106,-0.453,-1.430
6.767,3.007,3.196,2.114,-0.831,-0.333
6.800,3.013,3.203,2.118,-0.919,0.345
6.899,3.020,3.209,2.121,-0.913,0.782
6.900,3.035,3.219,2.129,-1.498,0.073
6.934,3.072,3.224,2.145,-1.448,0.391
6.967,3.091,3.221,2.154,-1.229,0.860
7.000,3.101,3.218,2.159,-1.123,0.995
7.078,3.110,3.214,2.164,-1.017,1.102
7.100,3.142,3.194,2.188,-1.110,1.008
7.134,3.153,3.183,2.200,-1.008,1.110
7.167,3.161,3.172,2.214,-0.900,1.200
7.200,3.164,3.166,2.220,-0.850,1.236
7.319,3.165,3.161,2.227,-0.811,1.262
7.334,3.154,3.145,2.262,-0.013,1.500
7.367,3.142,3.146,2.271,-0.212,1.485
7.400,3.135,3.148,2.276,-0.280,1.474
7.497,3.127,3.151,2.280,-0.376,1.452
7.500,3.089,3.173,2.293,1.299,0.750
7.534,3.067,3.191,2.299,1.383,0.581
7.567,3.043,3.213,2.304,0.495,0.994
7.600,3.031,3.226,2.307,0.245,1.087
7.742,3.019,3.240,2.310,-0.054,1.279
7.767,2.933,3.379,2.337,0.837,-1.245
7.800,2.925,3.399,2.341,0.866,-1.225
7.915,2.918,3.419,2.345,0.914,-1.189
7.934,2.891,3.544,2.376,0.248,-1.479
7.967,2.890,3.584,2.388,0.177,-1.489
8.000,2.890,3.604,2.394,0.100,-1.497
8.125,2.893,3.641,2.405,-0.276,-1.154
8.134,2.913,3.722,2.433,-0.497,-1.415
8.167,2.925,3.748,2.443,-0.744,-1.302
8.200,2.932,3.759,2.448,-1.013,-1.107
8.346,2.938,3.769,2.453,-1.322,-0.709
8.367,2.994,3.812,2.491,-1.499,-0.049
8.400,2.999,3.812,2.495,-1.469,0.305
8.548,3.004,3.812,2.500,-1.377,0.595
8.567,3.018,3.774,2.532,-0.681,1.337
8.600,3.016,3.766,2.536,-0.647,1.353
8.726,3.012,3.758,2.539,-0.638,1.358
8.734,2.970,3.708,2.564,0.722,1.315
8.767,2.949,3.693,2.572,0.548,1.396
8.800,2.937,3.686,2.577,0.435,1.435
8.926,2.925,3.680,2.581,0.279,1.474
8.934,2.842,3.663,2.610,1.325,0.704
8.967,2.814,3.665,2.619,1.160,0.951
9.000,2.801,3.668,2.624,1.022,1.098
9.134,2.788,3.672,2.629,0.795,1.272
9.167,2.711,3.736,2.660,1.367,-0.618
9.200,2.705,3.748,2.663,1.442,-0.414
9.293,2.701,3.760,2.666,1.469,0.078
9.300,2.694,3.816,2.677,0.391,-1.448
9.334,2.698,3.846,2.682,0.190,-1.488
9.367,2.706,3.876,2.688,-0.269,-0.329
9.400,2.711,3.890,2.691,-0.461,0.285
9.523,2.718,3.905,2.695,-0.528,0.752
9.534,2.775,3.979,2.719,-1.201,-0.899
9.567,2.798,3.998,2.729,-1.421,-0.482
9.600,2.810,4.006,2.735,-1.499,-0.053
9.736,2.821,4.013,2.740,-1.449,0.387
9.767,2.903,4.040,2.789,-1.486,0.202
9.800,2.910,4.040,2.795,-1.446,0.400
9.899,2.917,4.040,2.801,-1.367,0.617
9.900,2.922,4.038,2.807,-1.339,0.676
9.934,2.934,4.025,2.834,-1.153,0.960
9.967,2.932,4.018,2.844,-0.935,1.173
10.000,2.929,4.014,2.848,-0.832,1.248
10.135,2.925,4.010,2.853,-0.765,1.290
10.167,2.855,3.992,2.889,0.667,1.344
10.200,2.843,3.992,2.893,0.486,1.419
10.283,2.829,3.993,2.897,0.256,1.478
10.300,2.770,4.006,2.913,1.481,0.241
10.334,2.739,4.019,2.921,1.362,0.629
10.367,2.708,4.035,2.929,1.031,1.089
10.400,2.692,4.045,2.933,0.825,1.253
10.533,2.677,4.056,2.937,0.479,1.421
10.534,2.663,4.067,2.942,1.442,-0.412
10.567,2.581,4.168,2.970,1.219,-0.875
10.600,2.574,4.185,2.973,1.325,-0.703
10.736,2.567,4.202,2.977,1.466,-0.319
10.767,2.552,4.343,3.008,0.149,-1.493
10.800,2.555,4.359,3.011,0.094,-1.497
10.928,2.559,4.375,3.015,0.012,-1.500
10.934,2.604,4.452,3.035,-0.947,-1.163
10.967,2.625,4.471,3.041,-1.190,-0.913
11.000,2.636,4.479,3.044,-1.383,-0.580
11.124,2.648,4.485,3.047,-1.495,-0.120
11.134,2.719,4.500,3.067,-1.500,0.004
11.167,2.740,4.497,3.074,-1.440,0.419
11.200,2.750,4.494,3.078,-1.354,0.645
11.305,2.759,4.489,3.082,-1.234,0.853
11.334,2.794,4.450,3.104,-0.942,1.167
11.367,2.797,4.433,3.111,-0.784,1.279
11.400,2.797,4.425,3.115,-0.710,1.322
11.489,2.796,4.416,3.119,-0.663,1.346
11.500,2.781,4.387,3.135,0.153,1.492
11.534,2.768,4.375,3.143,0.029,1.500
11.567,2.751,4.366,3.150,-0.077,1.498
11.600,2.742,4.363,3.154,-0.115,1.496
11.719,2.731,4.361,3.157,-0.195,1.487
11.734,2.662,4.371,3.177,1.483,0.228
11.767,2.638,4.382,3.183,1.355,0.643
11.800,2.626,4.390,3.186,1.202,0.898
11.900,2.614,4.399,3.189,0.909,1.194
11.934,2.551,4.471,3.209,1.282,-0.779
11.967,2.535,4.501,3.216,1.448,-0.390
12.000,2.528,4.517,3.219,1.245,0.039
12.124,2.518,4.549,3.227,0.414,0.827
12.134,2.507,4.633,3.246,0.216,-1.484
12.167,2.510,4.665,3.254,0.110,-1.496
12.200,2.513,4.681,3.258,-0.046,-1.499
12.312,2.518,4.695,3.262,-0.205,-0.596
12.334,2.561,4.768,3.285,-1.028,-1.093
12.367,2.580,4.785,3.292,-1.328,-0.698
12.400,2.591,4.791,3.296,-1.487,-0.199
12.542,2.601,4.797,3.300,-1.458,0.352
12.567,2.683,4.806,3.333,-1.430,0.453
12.600,2.691,4.803,3.338,-1.371,0.608
12.734,2.698,4.799,3.342,-1.285,0.773
12.767,2.723,4.749,3.373,-0.527,1.404
12.800,2.721,4.741,3.376,-0.510,1.411
12.942,2.714,4.727,3.383,-0.485,1.419
12.967,2.660,4.692,3.404,0.784,1.279
13.000,2.649,4.690,3.406,0.650,1.352
13.126,2.638,4.689,3.409,0.468,1.425
13.134,2.562,4.703,3.422,1.495,0.122
13.167,2.537,4.716,3.427,1.430,0.453
13.200,2.525,4.724,3.429,1.333,0.688
13.312,2.513,4.733,3.430,1.109,1.010
13.334,2.459,4.805,3.439,1.316,-0.720
13.367,2.448,4.834,3.441,1.485,-0.214
13.400,2.445,4.849,3.442,0.993,0.243
13.534,2.442,4.864,3.443,0.559,0.721
13.567,2.460,4.983,3.448,-0.458,-1.428
13.600,2.467,4.996,3.449,-0.699,-1.327
13.745,2.476,5.009,3.449,-0.955,-0.918
13.767,2.571,5.084,3.455,-1.416,-0.496
13.800,2.585,5.090,3.456,-1.476,-0.267
13.930,2.599,5.095,3.457,-1.500,0.005
13.934,2.652,5.105,3.464,-1.500,0.027
13.967,2.696,5.102,3.471,-1.436,0.435
14.000,2.705,5.100,3.473,-1.370,0.611
14.121,2.713,5.096,3.475,-1.275,0.791
14.134,2.740,5.066,3.482,-0.881,1.214
14.167,2.740,5.055,3.484,-0.775,1.284
14.200,2.738,5.049,3.485,-0.716,1.318
14.319,2.735,5.043,3.486,-0.677,1.339
14.334,2.698,5.018,3.489,0.887,1.210
14.367,2.678,5.015,3.490,0.606,1.372
14.400,2.667,5.015,3.490,0.457,1.429
14.534,2.656,5.016,3.491,0.258,1.478
14.567,2.556,5.057,3.492,1.498,0.080
14.600,2.545,5.067,3.493,1.456,0.360
14.725,2.533,5.078,3.492,1.265,0.807
14.734,2.480,5.161,3.491,0.866,-1.225
14.767,2.469,5.193,3.490,0.938,-1.171
14.800,2.465,5.210,3.490,1.072,-1.050
14.918,2.462,5.227,3.490,0.794,-0.356
14.934,2.467,5.325,3.491,0.390,-1.448
14.967,2.477,5.354,3.491,-0.161,-0.178
15.000,2.483,5.367,3.492,-0.361,0.283
15.124,2.490,5.380,3.492,-0.443,0.742
15.134,2.545,5.435,3.496,-1.339,-0.676
15.167,2.566,5.445,3.498,-1.472,-0.286
15.200,2.577,5.449,3.500,-1.497,0.088
15.334,2.588,5.452,3.502,-1.430,0.452
15.367,2.662,5.450,3.521,-1.353,0.648
15.400,2.669,5.448,3.523,-1.273,0.793
15.518,2.674,5.445,3.526,-1.173,0.935
15.534,2.687,5.424,3.539,-0.733,1.309
15.567,2.683,5.417,3.543,-0.639,1.357
15.600,2.680,5.414,3.545,-0.591,1.378
15.728,2.675,5.412,3.546,-0.573,1.386
15.734,2.628,5.408,3.551,1.267,0.803
15.767,2.606,5.413,3.552,0.963,1.150
15.800,2.594,5.417,3.552,0.754,1.297
15.918,2.581,5.421,3.552,0.459,1.428
15.934,2.502,5.469,3.552,1.379,-0.590
15.967,2.478,5.493,3.552,1.465,-0.323
16.000,2.466,5.506,3.552,1.498,-0.074
16.138,2.455,5.519,3.552,1.436,0.432
16.167,2.398,5.644,3.552,0.683,-1.335
16.200,2.396,5.659,3.552,0.716,-1.318
16.309,2.394,5.675,3.551,0.783,-1.279
16.334,2.408,5.756,3.548,-0.413,-1.442
16.367,2.420,5.778,3.546,-0.936,-1.172
16.400,2.427,5.787,3.545,-0.950,-0.253
16.508,2.435,5.795,3.544,-0.861,0.393
16.534,2.493,5.823,3.538,-1.494,-0.130
16.567,2.512,5.824,3.537,-1.454,0.370
16.600,2.522,5.823,3.536,-1.358,0.636
16.757,2.531,5.820,3.536,-1.217,0.877
16.767,2.576,5.776,3.535,-0.839,1.243
16.800,2.577,5.769,3.535,-0.798,1.270
16.908,2.577,5.762,3.535,-0.759,1.294
16.935,2.557,5.724,3.535,0.086,1.498
16.967,2.542,5.715,3.534,-0.020,1.500
17.000,2.534,5.712,3.534,-0.061,1.499
17.142,2.524,5.709,3.533,-0.143,1.493
17.167,2.433,5.726,3.526,1.447,0.397
17.200,2.420,5.733,3.525,1.355,0.644
17.348,2.396,5.750,3.523,0.883,1.213
17.367,2.325,5.839,3.516,1.245,-0.837
17.400,2.317,5.855,3.515,1.365,-0.622
17.551,2.311,5.871,3.514,1.442,-0.134
17.567,2.290,6.003,3.513,0.177,-1.490
17.600,2.292,6.018,3.513,0.126,-1.495
17.741,2.295,6.033,3.513,0.044,-1.499
17.767,2.352,6.121,3.509,-1.111,-1.008
17.800,2.362,6.127,3.508,-1.261,-0.812
17.958,2.383,6.137,3.506,-1.500,0.012
17.967,2.457,6.137,3.502,-1.428,0.459
18.000,2.466,6.133,3.502,-1.376,0.598
18.156,2.475,6.128,3.501,-1.300,0.749
18.167,2.511,6.061,3.498,-0.761,1.293
18.200,2.511,6.051,3.497,-0.717,1.318
18.346,2.510,6.042,3.497,-0.683,1.336
18.367,2.463,5.975,3.495,0.380,1.451
18.400,2.453,5.970,3.494,0.305,1.469
18.556,2.443,5.966,3.494,0.195,1.487
18.568,2.344,5.968,3.489,1.470,0.298
18.600,2.332,5.973,3.488,1.435,0.436
18.750,2.319,5.979,3.487,1.353,0.647
18.767,2.241,6.062,3.482,1.321,-0.711
18.800,2.235,6.076,3.481,1.383,-0.582
18.915,2.229,6.090,3.481,1.471,-0.293
18.934,2.219,6.178,3.478,0.305,-1.469
18.967,2.224,6.205,3.478,0.143,-1.289
19.000,2.228,6.218,3.478,-0.099,-0.357
19.149,2.233,6.231,3.477,-0.212,0.327
19.167,2.304,6.300,3.475,-1.386,-0.575
19.200,2.315,6.304,3.474,-1.460,-0.344
19.327,2.327,6.307,3.474,-1.500,-0.016
19.334,2.396,6.303,3.476,-1.431,0.450
19.367,2.416,6.294,3.478,-1.326,0.700
19.400,2.425,6.288,3.479,-1.243,0.840
19.558,2.434,6.282,3.480,-1.140,0.975
19.567,2.469,6.221,3.490,-0.600,1.375
19.600,2.469,6.214,3.492,-0.577,1.384
19.758,2.468,6.207,3.493,-0.562,1.391
19.767,2.423,6.172,3.499,0.833,1.247
19.800,2.413,6.171,3.499,0.725,1.313
19.961,2.403,6.172,3.499,0.564,1.390
19.967,2.313,6.213,3.497,1.460,-0.343
20.000,2.302,6.223,3.497,1.483,-0.224
20.152,2.292,6.234,3.497,1.500,0.010
20.167,2.235,6.346,3.495,0.808,-1.264
20.200,2.232,6.362,3.495,0.861,-1.229
20.358,2.230,6.377,3.495,0.961,-1.152
20.367,2.254,6.487,3.494,-0.462,-1.427
20.400,2.262,6.498,3.493,-0.578,-1.384
20.540,2.270,6.508,3.493,-0.742,-1.304
20.567,2.353,6.548,3.487,-1.486,-0.207
20.600,2.364,6.549,3.486,-1.500,0.019
20.750,2.375,6.548,3.485,-1.471,0.296
20.767,2.445,6.504,3.482,-1.149,0.964
20.800,2.450,6.495,3.482,-1.082,1.039
20.948,2.454,6.486,3.482,-1.009,1.110
20.967,2.451,6.408,3.482,-0.187,1.488
21.000,2.445,6.399,3.482,-0.199,1.487
21.158,2.439,6.391,3.482,-0.233,1.482
21.167,2.361,6.357,3.479,1.149,0.965
21.200,2.349,6.358,3.479,1.064,1.057
21.339,2.336,6.359,3.478,0.926,1.180
21.367,2.239,6.410,3.474,1.482,-0.230
21.400,2.229,6.420,3.473,1.500,-0.011
21.555,2.220,6.432,3.473,1.451,0.379
21.567,2.177,6.543,3.470,0.489,-1.418
21.600,2.176,6.558,3.469,0.496,-1.416
21.732,2.176,6.572,3.469,0.527,-1.404
21.734,2.178,6.587,3.469,0.206,-1.486
21.767,2.216,6.674,3.468,-0.960,-1.153
21.800,2.224,6.684,3.468,-1.241,-0.842
21.916,2.234,6.693,3.468,-1.414,-0.255
21.934,2.297,6.724,3.470,-1.485,-0.209
21.967,2.319,6.726,3.472,-1.477,0.259
22.000,2.329,6.725,3.473,-1.401,0.535
22.139,2.338,6.723,3.474,-1.267,0.803
22.167,2.386,6.682,3.480,-1.033,1.088
22.200,2.388,6.675,3.481,-0.946,1.164
22.297,2.388,6.667,3.482,-0.864,1.226
22.300,2.380,6.638,3.484,-0.407,1.444
22.334,2.369,6.625,3.486,-0.179,1.489
22.367,2.355,6.615,3.487,-0.187,1.488
22.400,2.346,6.611,3.487,-0.181,1.489
22.533,2.327,6.605,3.487,-0.216,1.484
22.535,2.316,6.604,3.487,0.486,1.419
22.567,2.242,6.617,3.485,1.086,1.034
22.600,2.229,6.623,3.485,0.907,1.195
22.702,2.216,6.630,3.484,0.637,1.358
22.734,2.144,6.694,3.480,1.379,-0.590
22.767,2.125,6.722,3.479,1.491,-0.168
22.800,2.116,6.738,3.478,1.486,0.207
22.897,2.108,6.754,3.478,1.012,0.699
22.900,2.090,6.805,3.476,0.655,-1.349
22.934,2.081,6.859,3.474,0.541,-1.399
22.967,2.081,6.895,3.474,0.388,-0.902
23.000,2.082,6.913,3.473,0.133,-0.142
23.135,2.084,6.930,3.473,-0.023,0.446
23.167,2.134,7.042,3.476,-0.924,-1.182
23.200,2.143,7.052,3.477,-1.103,-1.017
23.282,2.152,7.061,3.478,-1.310,-0.730
23.300,2.193,7.086,3.483,-1.400,-0.537
23.334,2.213,7.093,3.486,-1.499,-0.047
23.367,2.232,7.096,3.489,-1.367,0.618
23.400,2.241,7.096,3.490,-1.214,0.880
23.550,2.257,7.094,3.493,-0.901,1.199
23.567,2.285,7.065,3.505,-0.800,1.269
23.600,2.285,7.060,3.506,-0.726,1.313
23.745,2.285,7.055,3.508,-0.665,1.345
23.767,2.241,7.027,3.517,0.581,1.383
23.800,2.231,7.026,3.518,0.445,1.433
23.954,2.221,7.027,3.518,0.267,1.476
23.967,2.125,7.066,3.518,1.477,-0.260
24.000,2.112,7.076,3.518,1.495,-0.117
24.154,2.100,7.087,3.518,1.494,0.136
24.167,2.026,7.202,3.515,1.133,-0.983
24.200,2.021,7.218,3.515,1.227,-0.863
24.324,2.016,7.235,3.515,1.371,-0.608
24.334,2.012,7.328,3.515,0.093,-1.497
24.367,2.018,7.355,3.514,-0.017,-1.500
24.400,2.023,7.367,3.514,-0.188,-1.488
24.548,2.029,7.378,3.513,-0.269,-0.577
24.567,2.101,7.431,3.502,-1.488,-0.187
24.600,2.112,7.432,3.501,-1.489,0.178
24.750,2.134,7.432,3.498,-1.252,0.826
24.768,2.204,7.400,3.493,-1.200,0.900
24.800,2.212,7.392,3.493,-1.126,0.991
24.947,2.218,7.384,3.494,-1.038,1.083
24.967,2.240,7.315,3.499,-0.419,1.440
25.000,2.238,7.308,3.500,-0.402,1.445
25.143,2.235,7.301,3.501,-0.397,1.446
25.167,2.180,7.276,3.501,0.771,1.287
25.200,2.170,7.277,3.500,0.641,1.356
25.336,2.159,7.280,3.499,0.463,1.427
25.367,2.068,7.338,3.491,1.499,0.043
25.400,2.057,7.350,3.490,1.467,0.314
25.531,2.047,7.362,3.489,1.302,0.745
25.534,2.015,7.422,3.485,0.899,-1.200
25.567,1.996,7.490,3.482,0.774,-1.285
25.600,1.994,7.507,3.481,0.835,-1.246
25.703,1.992,7.525,3.481,0.893,-0.937
25.734,2.008,7.624,3.479,-0.297,-1.470
25.767,2.020,7.652,3.479,-0.664,-1.345
25.800,2.028,7.665,3.479,-0.783,-0.565
25.940,2.036,7.677,3.479,-0.692,0.176
25.967,2.117,7.737,3.479,-1.468,-0.306
26.000,2.128,7.740,3.479,-1.500,-0.002
26.123,2.138,7.741,3.479,-1.464,0.325
26.134,2.185,7.730,3.482,-1.288,0.768
26.167,2.195,7.720,3.482,-1.110,1.009
26.200,2.198,7.714,3.483,-0.996,1.122
26.344,2.200,7.708,3.483,-0.885,1.211
26.368,2.180,7.655,3.487,0.128,1.495
26.400,2.173,7.650,3.488,0.082,1.498
26.550,2.165,7.645,3.488,0.009,1.500
26.567,2.075,7.638,3.489,1.357,0.639
26.600,2.062,7.641,3.489,1.261,0.813
26.756,2.049,7.646,3.489,1.085,1.035
26.767,1.954,7.720,3.488,1.253,-0.825
26.800,1.944,7.733,3.488,1.300,-0.748
26.950,1.936,7.746,3.488,1.377,-0.594
26.967,1.903,7.865,3.490,0.604,-1.373
27.000,1.904,7.879,3.490,0.662,-1.346
27.139,1.906,7.893,3.490,0.769,-1.173
27.167,1.954,7.975,3.489,-1.107,-1.012
27.200,1.964,7.981,3.488,-1.269,-0.800
27.356,1.974,7.986,3.487,-1.442,-0.412
27.367,2.068,7.984,3.481,-1.436,0.433
27.400,2.079,7.979,3.481,-1.398,0.545
27.553,2.090,7.973,3.480,-1.339,0.676
27.567,2.151,7.898,3.481,-0.766,1.290
27.600,2.154,7.887,3.481,-0.728,1.312
27.756,2.156,7.876,3.481,-0.690,1.332
27.767,2.138,7.804,3.485,0.274,1.475
27.800,2.131,7.798,3.485,0.227,1.483
27.958,2.124,7.792,3.485,0.159,1.492
27.967,2.046,7.789,3.481,1.428,0.458
28.000,2.035,7.793,3.481,1.367,0.618
28.151,2.024,7.799,3.480,1.238,0.848
28.167,1.951,7.879,3.476,1.243,-0.840
28.200,1.945,7.893,3.476,1.319,-0.714
28.341,1.940,7.907,3.475,1.440,-0.422
28.367,1.933,8.024,3.477,0.012,-1.500
28.400,1.937,8.037,3.477,-0.071,-1.498
28.557,1.942,8.050,3.478,-0.221,-1.484
28.567,2.012,8.125,3.477,-1.289,-0.767
28.600,2.023,8.130,3.477,-1.369,-0.613
28.759,2.035,8.133,3.476,-1.451,-0.379
28.767,2.127,8.125,3.476,-1.406,0.524
28.800,2.137,8.119,3.476,-1.359,0.635
28.929,2.146,8.113,3.476,-1.294,0.759
28.934,2.181,8.062,3.478,-0.809,1.263
28.967,2.185,8.042,3.479,-0.711,1.321
29.000,2.185,8.032,3.479,-0.658,1.348
29.099,2.184,8.023,3.480,-0.616,1.368
29.100,2.182,8.014,3.480,-0.241,1.481
29.134,2.158,7.975,3.483,0.226,1.483
29.167,2.142,7.964,3.483,0.111,1.496
29.200,2.133,7.961,3.483,0.062,1.499
29.333,2.123,7.958,3.483,-0.023,1.500
29.334,2.103,7.955,3.483,0.920,1.185
29.367,2.035,7.973,3.481,1.120,0.997
29.400,2.024,7.979,3.481,0.942,1.167
29.509,2.013,7.987,3.480,0.678,1.338
29.534,1.958,8.055,3.476,1.190,-0.913
29.567,1.945,8.085,3.475,1.387,-0.571
29.600,1.940,8.101,3.474,1.296,-0.139
29.715,1.936,8.117,3.474,0.805,0.472
29.735,1.932,8.222,3.471,-0.010,-1.500
29.767,1.939,8.256,3.471,-0.248,-1.479
29.800,1.944,8.272,3.471,-0.475,-0.755
29.930,1.950,8.288,3.471,-0.493,0.017
29.934,1.992,8.357,3.472,-1.045,-1.076
29.967,2.025,8.388,3.473,-1.283,-0.777
30.000,2.036,8.396,3.473,-1.431,-0.451
30.118,2.047,8.403,3.473,-1.500,-0.027
30.134,2.110,8.423,3.478,-1.498,-0.071
30.167,2.126,8.422,3.480,-1.475,0.275
30.200,2.139,8.417,3.481,-1.328,0.697
30.344,2.144,8.413,3.482,-1.214,0.881
30.367,2.152,8.374,3.483,-0.434,1.436
30.400,2.148,8.367,3.483,-0.439,1.434
30.525,2.144,8.360,3.483,-0.467,1.425
30.534,2.096,8.327,3.483,0.570,1.388
30.567,2.073,8.320,3.484,0.374,1.453
30.600,2.061,8.318,3.484,0.265,1.476
30.737,2.035,8.316,3.485,0.024,1.500
30.767,1.941,8.340,3.487,1.433,0.443
30.800,1.928,8.348,3.488,1.336,0.682
30.942,1.917,8.356,3.488,1.105,1.015
30.967,1.847,8.458,3.486,0.977,-1.138
31.000,1.842,8.474,3.485,0.991,-1.126
31.149,1.838,8.490,3.484,1.108,-1.011
31.168,1.844,8.621,3.484,-0.280,-1.474
31.200,1.855,8.651,3.485,-0.626,-1.363
31.353,1.862,8.665,3.485,-0.929,-1.178
31.368,1.928,8.736,3.487,-1.261,-0.813
31.400,1.939,8.743,3.487,-1.347,-0.661
31.547,1.950,8.748,3.487,-1.425,-0.468
31.567,2.026,8.751,3.490,-1.500,0.034
31.600,2.032,8.747,3.490,-1.486,0.202
31.763,2.038,8.742,3.490,-1.455,0.366
31.767,2.054,8.706,3.489,-0.814,1.260
31.800,2.047,8.670,3.486,-0.372,1.453
31.951,2.042,8.661,3.486,-0.453,1.430
31.967,1.970,8.595,3.482,0.629,1.362
32.000,1.957,8.589,3.481,0.498,1.415
32.158,1.929,8.579,3.481,0.140,1.493
32.167,1.823,8.575,3.481,1.452,0.378
32.200,1.808,8.579,3.481,1.416,0.494
32.340,1.794,8.584,3.481,1.334,0.685
32.367,1.705,8.655,3.479,1.387,-0.571
32.400,1.698,8.667,3.478,1.425,-0.468
32.541,1.692,8.679,3.478,1.483,-0.124
32.567,1.684,8.785,3.472,-0.473,-1.423
32.600,1.689,8.797,3.471,-0.916,-0.726
32.761,1.700,8.820,3.470,-1.197,0.307
32.767,1.766,8.876,3.467,-1.425,-0.469
32.800,1.778,8.880,3.467,-1.462,-0.334
32.960,1.790,8.883,3.467,-1.491,-0.161
32.967,1.873,8.873,3.472,-1.485,0.215
33.000,1.881,8.868,3.473,-1.466,0.315
33.160,1.888,8.863,3.473,-1.441,0.417
33.167,1.906,8.803,3.477,-0.683,1.336
33.200,1.903,8.795,3.478,-0.707,1.323
33.354,1.900,8.787,3.478,-0.756,1.296
33.367,1.833,8.737,3.479,0.969,1.145
33.400,1.821,8.734,3.479,0.848,1.237
33.497,1.809,8.732,3.479,0.653,1.351
33.500,1.753,8.731,3.480,1.318,0.715
33.534,1.725,8.736,3.482,1.387,0.570
33.567,1.697,8.746,3.483,1.130,0.987
33.600,1.683,8.752,3.484,0.863,1.227
33.719,1.670,8.759,3.484,0.381,1.451
33.734,1.607,8.820,3.487,1.092,-1.028
33.767,1.594,8.845,3.487,1.101,-1.019
33.800,1.588,8.858,3.487,1.044,-1.077
33.893,1.584,8.872,3.487,0.410,-0.424
33.900,1.579,8.931,3.488,0.049,-1.499
33.934,1.583,8.961,3.489,-0.386,-1.450
33.967,1.591,8.990,3.490,-1.145,-0.872
34.000,1.597,9.003,3.491,-1.452,-0.344
34.110,1.603,9.016,3.491,-1.493,0.146
34.134,1.655,9.078,3.499,-1.255,-0.822
34.167,1.674,9.091,3.504,-1.435,-0.437
34.200,1.683,9.096,3.506,-1.487,-0.199
34.331,1.692,9.100,3.508,-1.499,0.058
34.334,1.715,9.106,3.514,-1.500,-0.028
34.367,1.736,9.100,3.521,-1.450,0.384
34.400,1.738,9.097,3.522,-1.410,0.512
34.556,1.738,9.093,3.522,-1.370,0.611
34.567,1.701,9.050,3.521,0.433,1.436
34.600,1.691,9.044,3.520,0.245,1.480
34.724,1.680,9.038,3.520,-0.012,1.500
34.734,1.596,9.014,3.518,0.978,1.137
34.767,1.563,9.010,3.518,0.607,1.372
34.800,1.530,9.010,3.519,0.109,1.496
34.952,1.514,9.011,3.519,-0.255,1.478
34.967,1.412,9.046,3.524,1.488,-0.190
35.000,1.400,9.054,3.524,1.500,-0.038
35.160,1.390,9.064,3.524,1.452,0.345
35.167,1.341,9.167,3.517,0.347,-1.459
35.200,1.339,9.182,3.515,0.216,-1.484
35.357,1.339,9.198,3.514,0.046,-1.499
35.367,1.374,9.308,3.507,-0.785,-1.278
35.400,1.382,9.319,3.507,-0.904,-1.197
35.534,1.390,9.329,3.507,-1.054,-1.067
35.567,1.465,9.376,3.506,-1.451,-0.381
35.600,1.474,9.377,3.507,-1.482,-0.229
35.751,1.482,9.377,3.507,-1.499,-0.063
35.767,1.521,9.342,3.504,-1.132,0.984
35.800,1.522,9.334,3.503,-1.139,0.976
35.970,1.521,9.326,3.502,-1.160,0.951
36.000,1.470,9.242,3.495,0.283,1.473
36.166,1.447,9.227,3.494,-0.074,1.498
36.167,1.435,9.220,3.493,0.681,1.336
36.200,1.330,9.198,3.487,1.326,0.701
36.367,1.313,9.199,3.486,1.221,0.871
36.400,1.153,9.254,3.478,1.468,-0.309
36.571,1.120,9.277,3.477,1.493,-0.146
36.601,1.012,9.417,3.469,0.780,-1.281
36.770,1.012,9.417,3.469,0.780,-1.281
36.800,0.988,9.579,3.460,-0.192,-1.488
36.968,0.991,9.596,3.459,-0.326,-1.464
37.000,1.061,9.719,3.451,-1.082,-1.039
37.161,1.072,9.728,3.450,-1.170,-0.939
37.167,1.177,9.766,3.442,-1.472,-0.291
37.200,1.191,9.766,3.441,-1.483,-0.223
37.348,1.204,9.765,3.441,-1.493,-0.150
37.367,1.286,9.721,3.439,-1.387,0.570
37.400,1.292,9.712,3.439,-1.383,0.581
37.545,1.298,9.703,3.439,-1.384,0.578
37.567,1.306,9.622,3.440,-0.819,1.257
37.600,1.302,9.613,3.440,-0.908,1.194
37.770,1.297,9.604,3.441,-1.020,1.100
37.800,1.211,9.553,3.441,0.923,1.183
37.949,1.198,9.552,3.440,0.669,1.343
37.967,1.077,9.580,3.436,1.486,-0.207
38.000,1.061,9.588,3.436,1.493,-0.149
38.156,1.044,9.597,3.435,1.500,0.028
38.167,0.914,9.698,3.443,1.106,-1.014
38.200,0.899,9.712,3.445,1.069,-1.053
38.363,0.872,9.742,3.450,0.925,-1.181
38.367,0.808,9.824,3.468,0.801,-1.268
38.400,0.794,9.847,3.473,0.678,-1.338
38.558,0.788,9.857,3.476,0.546,-1.397
38.567,0.779,9.904,3.486,-0.496,-1.416
38.600,0.783,9.905,3.486,-0.916,-1.188
38.765,0.786,9.905,3.486,-1.228,-0.861
38.767,0.791,9.904,3.485,-1.467,-0.313
38.800,0.849,9.857,3.477,-1.239,0.845
38.970,0.857,9.846,3.476,-1.264,0.807
39.000,0.912,9.713,3.471,-0.829,1.250
39.144,0.914,9.696,3.471,-0.892,1.206
39.167,0.899,9.563,3.474,-0.303,1.469
39.200,0.892,9.549,3.475,-0.399,1.446
39.343,0.885,9.535,3.475,-0.537,1.401
39.367,0.795,9.457,3.470,0.283,1.473
39.400,0.782,9.452,3.469,0.115,1.496
39.567,0.768,9.448,3.468,-0.143,1.493
39.600,0.644,9.463,3.459,1.488,0.190
39.741,0.632,9.470,3.458,1.454,0.369
39.767,0.559,9.561,3.452,0.746,-1.301
39.800,0.553,9.576,3.451,0.616,-1.368
39.962,0.547,9.593,3.451,0.358,-1.457
39.967,0.524,9.723,3.457,0.057,-1.499
40.000,0.523,9.762,3.461,-0.109,-1.496
40.127,0.523,9.781,3.464,-0.247,-1.480
40.134,0.537,9.884,3.482,-0.432,-1.436
40.167,0.544,9.911,3.487,-0.672,-1.341
40.200,0.549,9.924,3.490,-0.841,-1.242
40.349,0.553,9.935,3.492,-1.044,-1.077
40.367,0.590,9.986,3.508,-1.223,-0.869
40.400,0.593,9.988,3.510,-1.322,-0.708
40.570,0.596,9.988,3.511,-1.406,-0.522
40.600,0.594,9.947,3.514,-0.667,1.344
40.768,0.589,9.938,3.514,-0.851,1.235
40.800,0.510,9.833,3.505,0.472,1.424
40.968,0.497,9.820,3.504,0.280,1.474
41.000,0.343,9.704,3.500,0.909,1.193
41.134,0.323,9.693,3.501,0.787,1.277
41.167,0.162,9.636,3.508,1.334,0.685
41.200,0.143,9.633,3.509,1.279,0.783
41.320,0.124,9.631,3.510,1.179,0.928
41.334,0.029,9.641,3.512,1.499,0.065
41.367,0.004,9.652,3.511,1.480,0.244
41.400,-0.006,9.659,3.510,1.418,0.489
41.533,-0.016,9.666,3.509,0.744,0.726
41.534,-0.032,9.682,3.506,1.225,-0.866
41.567,-0.054,9.743,3.496,0.041,-1.499
41.600,-0.054,9.753,3.494,-0.434,-1.436
41.720,-0.053,9.764,3.493,-0.898,-0.909
41.734,-0.023,9.826,3.488,-0.866,-1.225
41.767,-0.007,9.842,3.488,-1.174,-0.933
41.800,0.002,9.850,3.488,-1.318,-0.717
41.935,0.012,9.856,3.489,-1.426,-0.464
41.967,0.085,9.876,3.499,-1.490,-0.174
42.000,0.092,9.875,3.500,-1.498,-0.077
42.164,0.099,9.872,3.502,-1.500,0.020
42.167,0.116,9.854,3.505,-1.332,0.690
42.200,0.115,9.817,3.505,-0.730,1.311
42.366,0.112,9.808,3.505,-0.855,1.233
42.367,0.101,9.791,3.504,-0.242,1.480
42.400,0.031,9.732,3.499,0.731,1.310
42.530,0.017,9.725,3.498,0.528,1.404
42.534,-0.064,9.701,3.494,1.344,0.665
42.567,-0.118,9.697,3.491,1.331,0.692
42.600,-0.137,9.697,3.491,1.273,0.794
42.739,-0.156,9.699,3.490,1.103,1.017
42.767,-0.294,9.744,3.491,1.495,-0.123
42.800,-0.308,9.754,3.491,1.498,-0.069
42.959,-0.321,9.763,3.491,1.497,0.094
42.967,-0.394,9.857,3.490,0.767,-1.289
43.000,-0.398,9.869,3.490,0.744,-1.303
43.121,-0.401,9.881,3.489,0.686,-1.334
43.134,-0.397,9.946,3.489,-0.193,-1.488
43.167,-0.387,9.963,3.488,-0.493,-1.417
43.200,-0.381,9.971,3.488,-0.641,-1.356
43.367,-0.375,9.977,3.488,-0.910,-1.192
43.400,-0.295,9.993,3.487,-1.488,-0.190
43.569,-0.286,9.990,3.487,-1.497,-0.097
43.600,-0.230,9.914,3.485,-0.873,1.220
43.743,-0.228,9.901,3.484,-0.883,1.212
43.767,-0.246,9.780,3.474,0.059,1.499
43.800,-0.253,9.763,3.473,0.068,1.498
43.970,-0.261,9.747,3.472,0.019,1.500
44.000,-0.372,9.617,3.469,0.931,1.176
44.169,-0.402,9.596,3.469,0.869,1.223
44.200,-0.513,9.552,3.473,1.315,0.721
44.356,-0.525,9.551,3.474,1.289,0.768
44.367,-0.595,9.582,3.474,1.475,-0.270
44.400,-0.601,9.590,3.474,1.485,-0.213
44.557,-0.605,9.599,3.473,1.496,-0.106
44.567,-0.604,9.697,3.465,0.217,-1.484
44.600,-0.600,9.711,3.464,0.284,-1.473
44.772,-0.594,9.724,3.464,0.366,-1.455
44.800,-0.503,9.832,3.463,-1.095,-1.025
44.969,-0.490,9.840,3.463,-1.099,-1.021
45.000,-0.368,9.872,3.467,-1.466,-0.317
45.171,-0.355,9.870,3.467,-1.474,-0.276
45.200,-0.258,9.808,3.470,-1.167,0.943
45.360,-0.251,9.797,3.470,-1.109,1.010
45.367,-0.221,9.686,3.470,-0.428,1.438
45.400,-0.222,9.671,3.469,-0.398,1.446
45.546,-0.224,9.656,3.469,-0.346,1.459
45.567,-0.274,9.543,3.473,0.364,1.455
45.600,-0.284,9.531,3.473,0.365,1.455
45.763,-0.295,9.520,3.474,0.382,1.451
45.767,-0.388,9.466,3.480,1.061,1.061
45.800,-0.400,9.464,3.481,1.037,1.083
45.964,-0.411,9.463,3.482,1.006,1.113
45.967,-0.450,9.469,3.484,1.446,0.398
46.000,-0.482,9.499,3.485,1.428,-0.459
46.163,-0.486,9.508,3.484,1.466,-0.316
46.167,-0.490,9.562,3.479,0.448,-1.431
46.200,-0.474,9.614,3.474,-0.264,-1.477
46.351,-0.468,9.628,3.472,-0.285,-1.473
46.367,-0.379,9.735,3.466,-1.016,-1.103
46.400,-0.364,9.747,3.466,-1.087,-1.033
46.529,-0.334,9.768,3.467,-1.235,-0.851
46.534,-0.255,9.806,3.472,-1.349,-0.656
46.567,-0.225,9.814,3.475,-1.427,-0.461
46.600,-0.211,9.816,3.476,-1.471,-0.292
46.722,-0.185,9.818,3.479,-1.499,0.064
46.734,-0.133,9.808,3.483,-1.454,0.370
46.767,-0.120,9.798,3.483,-1.396,0.548
46.800,-0.110,9.785,3.482,-1.313,0.725
46.946,-0.110,9.785,3.482,-1.313,0.725
46.967,-0.117,9.724,3.479,-0.100,1.497
47.000,-0.123,9.717,3.478,-0.230,1.482
47.127,-0.130,9.710,3.477,-0.350,1.459
47.134,-0.191,9.679,3.475,1.145,0.969
47.167,-0.217,9.675,3.474,1.026,1.094
47.200,-0.231,9.674,3.474,0.853,1.234
47.341,-0.244,9.675,3.474,0.594,1.377
47.367,-0.351,9.712,3.478,1.471,-0.294
47.400,-0.362,9.721,3.478,1.481,-0.236
47.527,-0.372,9.731,3.478,1.498,-0.072
47.534,-0.414,9.802,3.479,0.943,-1.166
47.567,-0.420,9.830,3.479,0.793,-1.273
47.600,-0.422,9.843,3.479,0.493,-1.417
47.765,-0.422,9.857,3.479,0.007,-0.792
47.767,-0.421,9.870,3.479,-0.337,-1.462
47.800,-0.377,9.960,3.479,-1.000,-1.118
47.943,-0.368,9.968,3.479,-1.100,-1.020
47.967,-0.278,9.993,3.475,-1.492,-0.154
48.000,-0.267,9.991,3.474,-1.499,-0.067
48.157,-0.255,9.988,3.474,-1.500,0.015
48.168,-0.180,9.929,3.473,-1.160,0.951
48.200,-0.174,9.919,3.473,-1.180,0.926
48.322,-0.169,9.908,3.473,-1.201,0.899
48.334,-0.161,9.841,3.475,-0.536,1.401
48.367,-0.166,9.820,3.476,-0.683,1.336
48.400,-0.170,9.811,3.477,-0.765,1.290
48.542,-0.176,9.802,3.477,-0.879,1.216
48.567,-0.248,9.764,3.475,0.838,1.244
48.600,-0.259,9.764,3.474,0.574,1.386
48.771,-0.272,9.765,3.473,0.180,1.489
48.800,-0.389,9.823,3.466,1.282,-0.779
48.970,-0.401,9.834,3.465,1.268,-0.801
49.000,-0.474,9.973,3.460,0.490,-1.418
49.164,-0.478,9.992,3.460,0.371,-1.453
49.167,-0.486,10.093,3.461,-0.019,-1.500
49.200,-0.477,10.176,3.465,-0.341,-1.461
49.369,-0.473,10.196,3.466,-0.480,-1.421
49.400,-0.406,10.348,3.480,-0.893,-1.205
49.561,-0.396,10.361,3.482,-0.978,-1.137
49.567,-0.321,10.421,3.490,-1.285,-0.774
49.600,-0.313,10.424,3.491,-1.327,-0.699
49.764,-0.306,10.425,3.492,-1.370,-0.611
49.767,-0.287,10.423,3.493,-1.489,-0.184
49.800,-0.271,10.395,3.492,-1.387,0.570
49.956,-0.272,10.387,3.491,-1.406,0.522
49.967,-0.313,10.308,3.484,0.472,1.424
50.001,-0.334,10.286,3.481,0.148,1.493
50.162,-0.346,10.275,3.480,-0.143,1.493
50.167,-0.435,10.215,3.480,1.091,1.030
50.200,-0.468,10.198,3.481,1.024,1.096
50.356,-0.485,10.191,3.482,0.887,1.210
50.367,-0.607,10.167,3.495,1.319,0.715
50.400,-0.619,10.168,3.496,1.245,0.837
50.564,-0.631,10.170,3.497,1.088,1.033
50.567,-0.666,10.187,3.498,1.500,-0.034
50.600,-0.686,10.226,3.494,0.688,-1.333
50.758,-0.687,10.236,3.492,0.101,-1.201
50.768,-0.652,10.327,3.478,-0.751,-1.298
50.800,-0.642,10.339,3.476,-0.894,-1.204
50.958,-0.632,10.350,3.474,-1.051,-1.070
50.967,-0.520,10.430,3.471,-1.314,-0.723
51.000,-0.505,10.437,3.472,-1.346,-0.663
51.166,-0.489,10.443,3.473,-1.379,-0.590
51.168,-0.459,10.453,3.475,-1.420,-0.484
51.200,-0.373,10.460,3.484,-1.493,-0.140
51.354,-0.356,10.454,3.485,-1.499,-0.047
51.367,-0.333,10.414,3.483,-0.963,1.150
51.401,-0.336,10.398,3.481,-1.138,0.977
51.567,-0.340,10.390,3.480,-1.232,0.855
51.600,-0.405,10.322,3.475,0.498,1.415
51.760,-0.417,10.315,3.475,0.229,1.482
51.767,-0.535,10.287,3.475,1.432,0.446
51.800,-0.552,10.287,3.475,1.413,0.503
51.966,-0.587,10.291,3.475,1.252,0.827
51.967,-0.605,10.295,3.476,1.500,0.035
52.001,-0.730,10.344,3.484,1.387,-0.571
52.148,-0.764,10.363,3.488,1.335,-0.684
52.167,-0.856,10.441,3.503,0.993,-1.124
52.200,-0.866,10.452,3.505,0.863,-1.227
52.366,-0.874,10.463,3.507,0.639,-1.357
52.367,-0.888,10.484,3.511,0.580,-1.383
52.400,-0.904,10.542,3.522,-0.313,-1.467
52.541,-0.902,10.547,3.523,-0.628,-1.362
52.567,-0.855,10.556,3.519,-1.499,-0.063
52.600,-0.846,10.553,3.518,-1.500,-0.011
52.767,-0.837,10.548,3.517,-1.500,0.027
52.800,-0.745,10.462,3.513,-1.215,0.880
52.950,-0.736,10.449,3.514,-1.250,0.829
52.967,-0.693,10.341,3.522,-0.928,1.178
53.000,-0.692,10.329,3.523,-0.995,1.123
53.148,-0.692,10.317,3.524,-1.081,1.040
53.167,-0.728,10.244,3.525,-0.188,1.488
53.200,-0.737,10.238,3.525,-0.398,1.446
53.356,-0.747,10.233,3.524,-0.672,1.341
53.367,-0.845,10.232,3.513,1.500,-0.035
53.400,-0.859,10.237,3.511,1.500,-0.001
53.550,-0.873,10.242,3.510,1.497,0.097
53.567,-0.978,10.322,3.503,1.216,-0.878
53.600,-1.000,10.348,3.503,0.912,-1.191
53.756,-1.009,10.362,3.504,0.162,-0.850
53.767,-1.050,10.453,3.510,0.309,-1.468
53.800,-1.052,10.474,3.511,-0.370,-1.454
53.966,-1.052,10.484,3.512,-0.825,-1.253
53.968,-1.051,10.493,3.512,-0.880,-1.214
54.000,-1.020,10.527,3.510,-1.368,-0.615
54.151,-1.013,10.527,3.508,-1.418,-0.488
54.167,-0.947,10.491,3.499,-1.380,0.589
54.200,-0.932,10.472,3.498,-1.396,0.549
54.366,-0.932,10.472,3.498,-1.396,0.549
54.367,-0.920,10.449,3.496,-1.152,0.960
54.400,-0.902,10.352,3.494,-0.649,1.352
54.553,-0.906,10.324,3.494,-0.873,1.220
54.567,-0.951,10.243,3.493,0.329,1.463
54.600,-0.961,10.235,3.492,0.179,1.489
54.728,-0.972,10.228,3.491,-0.056,1.499
54.735,-1.051,10.207,3.482,1.278,0.786
54.767,-1.080,10.210,3.479,1.104,1.016
54.800,-1.095,10.213,3.477,0.861,1.228
54.960,-1.109,10.217,3.476,0.175,1.256
54.967,-1.208,10.285,3.466,1.134,-0.982
55.000,-1.217,10.297,3.465,1.043,-1.078
55.147,-1.225,10.310,3.464,0.899,-1.201
55.167,-1.251,10.428,3.459,-0.117,-1.495
55.200,-1.250,10.442,3.459,-0.311,-1.467
55.350,-1.243,10.471,3.459,-0.853,-1.234
55.367,-1.195,10.547,3.461,-1.131,-0.986
55.400,-1.185,10.554,3.461,-1.214,-0.881
55.562,-1.167,10.565,3.462,-1.371,-0.609
55.567,-1.105,10.569,3.466,-1.500,-0.029
55.600,-1.099,10.566,3.467,-1.500,0.015
55.749,-1.093,10.561,3.467,-1.499,0.045
55.767,-1.079,10.498,3.467,-0.789,1.275
55.800,-1.082,10.488,3.466,-0.908,1.194
55.957,-1.086,10.477,3.465,-1.049,1.072
55.967,-1.157,10.399,3.463,0.514,1.409
56.000,-1.169,10.392,3.463,0.362,1.456
56.148,-1.183,10.385,3.463,0.089,1.497
56.167,-1.304,10.362,3.465,1.351,0.652
56.200,-1.319,10.363,3.466,1.279,0.784
56.293,-1.334,10.366,3.466,1.045,1.076
56.300,-1.387,10.388,3.467,1.486,-0.206
56.334,-1.409,10.404,3.467,1.152,-0.327
56.367,-1.427,10.424,3.467,-0.197,-0.146
56.400,-1.435,10.435,3.466,-0.751,-0.099
56.515,-1.442,10.446,3.466,-1.113,0.033
56.534,-1.460,10.523,3.469,-0.354,-1.458
56.567,-1.459,10.548,3.472,-0.913,-1.190
56.600,-1.457,10.561,3.474,-1.145,-0.969
56.752,-1.455,10.573,3.476,-1.332,-0.690
56.767,-1.429,10.649,3.501,-0.973,-1.141
56.800,-1.426,10.655,3.505,-1.098,-1.022
56.926,-1.424,10.660,3.508,-1.227,-0.863
56.934,-1.425,10.673,3.525,-1.257,-0.819
56.967,-1.432,10.669,3.528,-1.463,-0.330
57.000,-1.436,10.666,3.529,-1.493,-0.149
57.127,-1.441,10.662,3.530,-1.499,-0.041
57.134,-1.490,10.618,3.529,0.888,1.209
57.167,-1.514,10.598,3.528,0.592,1.378
57.200,-1.527,10.588,3.527,0.231,1.482
57.307,-1.540,10.577,3.527,-0.255,1.478
57.335,-1.637,10.508,3.530,0.928,1.179
57.367,-1.671,10.487,3.533,0.562,1.391
57.400,-1.704,10.469,3.538,-0.233,1.482
57.528,-1.720,10.461,3.540,-0.740,1.305
57.534,-1.793,10.433,3.551,1.106,1.013
57.567,-1.817,10.428,3.554,0.671,1.342
57.600,-1.827,10.427,3.555,0.123,1.318
57.741,-1.845,10.429,3.556,-0.815,0.894
57.767,-1.878,10.466,3.551,0.096,-1.497
57.800,-1.879,10.475,3.549,-0.634,-1.237
57.931,-1.878,10.497,3.545,-1.360,-0.496
57.934,-1.862,10.565,3.540,-1.074,-1.047
57.967,-1.851,10.596,3.541,-1.292,-0.763
58.000,-1.846,10.611,3.542,-1.369,-0.612
58.151,-1.840,10.626,3.543,-1.441,-0.415
58.168,-1.794,10.728,3.562,-1.084,-1.036
58.200,-1.790,10.737,3.565,-1.186,-0.919
58.358,-1.787,10.745,3.568,-1.291,-0.764
58.367,-1.793,10.775,3.576,-0.759,-1.294
58.400,-1.798,10.774,3.576,-1.115,-1.003
58.544,-1.804,10.772,3.574,-1.345,-0.663
58.567,-1.881,10.724,3.555,0.953,1.158
58.600,-1.894,10.714,3.552,0.722,1.315
58.746,-1.908,10.703,3.549,0.247,1.480
58.767,-2.028,10.593,3.540,0.846,1.239
58.800,-2.042,10.578,3.541,0.674,1.340
58.945,-2.071,10.549,3.543,0.103,1.496
58.968,-2.148,10.467,3.555,0.504,1.413
59.000,-2.156,10.459,3.557,0.169,1.490
59.154,-2.163,10.452,3.558,-0.236,1.481
59.167,-2.184,10.431,3.554,-0.933,1.174
59.200,-2.183,10.433,3.552,-1.183,0.922
59.333,-2.181,10.436,3.550,-1.302,0.745
59.335,-2.178,10.441,3.548,-1.488,0.186
59.367,-2.148,10.502,3.534,-1.367,-0.618
59.400,-2.143,10.515,3.533,-1.417,-0.492
59.551,-2.138,10.529,3.531,-1.465,-0.322
59.567,-2.123,10.655,3.528,-0.518,-1.408
59.600,-2.124,10.671,3.528,-0.634,-1.359
59.751,-2.127,10.687,3.528,-0.799,-1.269
59.767,-2.181,10.789,3.527,0.052,-1.499
59.800,-2.192,10.798,3.526,-0.128,-1.495
59.910,-2.203,10.805,3.525,-0.433,-1.436
59.934,-2.276,10.828,3.517,1.076,-1.045
59.967,-2.302,10.826,3.513,0.392,-0.969
60.000,-2.328,10.820,3.510,-0.677,-0.303
60.130,-2.328,10.820,3.510,-0.677,-0.303
60.134,-2.394,10.777,3.503,1.074,1.047
60.167,-2.412,10.756,3.501,0.371,1.454
60.200,-2.420,10.744,3.500,-0.214,1.344
60.355,-2.427,10.731,3.500,-0.730,1.050
60.367,-2.454,10.619,3.508,0.114,1.496
60.400,-2.454,10.606,3.510,-0.045,1.499
60.548,-2.454,10.593,3.512,-0.224,1.483
60.567,-2.433,10.518,3.529,-0.729,1.311
60.600,-2.429,10.513,3.531,-0.851,1.235
60.749,-2.425,10.510,3.532,-0.977,1.138
60.767,-2.395,10.518,3.540,-1.484,0.219
60.800,-2.392,10.524,3.540,-1.486,0.208
60.929,-2.390,10.531,3.541,-1.483,0.228
60.934,-2.390,10.592,3.540,-0.956,-1.156
60.967,-2.395,10.618,3.539,-1.183,-0.922
61.000,-2.399,10.631,3.539,-1.284,-0.775
61.137,-2.405,10.645,3.539,-1.395,-0.551
61.167,-2.478,10.752,3.538,0.494,-1.416
61.200,-2.491,10.763,3.538,0.341,-1.461
61.336,-2.505,10.774,3.538,0.046,-1.499
61.367,-2.633,10.822,3.534,1.249,-0.830
61.400,-2.650,10.824,3.533,1.221,-0.871
61.513,-2.667,10.824,3.533,1.033,-1.026
61.534,-2.755,10.803,3.528,1.443,0.409
61.567,-2.779,10.789,3.526,1.323,0.707
61.600,-2.789,10.780,3.524,1.016,0.803
61.744,-2.799,10.771,3.523,0.296,0.647
61.767,-2.835,10.683,3.513,0.284,1.473
61.800,-2.833,10.662,3.511,-0.079,1.498
61.918,-2.831,10.652,3.510,-0.354,1.458
61.934,-2.805,10.612,3.506,-0.829,1.250
61.967,-2.789,10.603,3.504,-1.015,1.104
62.001,-2.780,10.599,3.503,-1.082,1.039
62.159,-2.762,10.596,3.501,-1.241,0.842
62.167,-2.699,10.618,3.498,-1.459,-0.346
62.200,-2.692,10.625,3.497,-1.462,-0.334
62.358,-2.685,10.633,3.497,-1.474,-0.277
62.367,-2.665,10.723,3.491,-0.457,-1.429
62.400,-2.667,10.736,3.491,-0.476,-1.422
62.552,-2.670,10.749,3.490,-0.562,-1.391
62.567,-2.732,10.837,3.486,0.668,-1.343
62.600,-2.743,10.845,3.485,0.665,-1.345
62.758,-2.768,10.858,3.484,0.501,-1.414
62.767,-2.859,10.871,3.482,1.497,-0.101
62.800,-2.872,10.869,3.482,1.497,-0.093
62.961,-2.883,10.865,3.482,1.497,-0.093
62.967,-2.951,10.804,3.478,1.005,1.113
63.000,-2.955,10.793,3.477,0.999,1.119
63.150,-2.958,10.782,3.477,0.982,1.134
63.167,-2.945,10.693,3.474,0.111,1.496
63.200,-2.939,10.683,3.474,0.113,1.496
63.359,-2.931,10.674,3.474,0.082,1.498
63.367,-2.850,10.636,3.471,-1.247,0.834
63.400,-2.837,10.635,3.470,-1.248,0.832
63.557,-2.825,10.636,3.470,-1.238,0.846
63.567,-2.733,10.682,3.467,-1.304,-0.741
63.600,-2.724,10.692,3.467,-1.291,-0.764
63.759,-2.715,10.702,3.467,-1.291,-0.764
63.767,-2.679,10.805,3.469,-0.471,-1.424
63.800,-2.679,10.818,3.470,-0.425,-1.439
63.960,-2.680,10.831,3.470,-0.406,-1.444
63.967,-2.724,10.909,3.472,0.709,-1.322
64.000,-2.733,10.915,3.472,0.764,-1.291
64.158,-2.742,10.919,3.472,0.789,-1.276
64.167,-2.828,10.917,3.468,1.499,-0.060
64.200,-2.839,10.912,3.468,1.499,-0.055
64.348,-2.848,10.905,3.468,1.498,-0.067
64.367,-2.902,10.822,3.464,1.035,1.086
64.400,-2.905,10.809,3.463,1.092,1.028
64.558,-2.907,10.796,3.463,1.154,0.958
64.567,-2.882,10.693,3.462,-0.329,1.463
64.600,-2.874,10.682,3.462,-0.249,1.479
64.756,-2.866,10.672,3.462,-0.149,1.493
64.767,-2.775,10.625,3.461,-1.352,0.649
64.800,-2.763,10.624,3.461,-1.339,0.676
64.946,-2.738,10.625,3.461,-1.283,0.776
64.967,-2.663,10.661,3.461,-1.294,-0.759
65.000,-2.655,10.670,3.461,-1.219,-0.875
65.157,-2.642,10.689,3.461,-0.783,-1.041
65.167,-2.629,10.768,3.462,-0.026,-1.500
65.200,-2.632,10.779,3.462,0.154,-1.492
65.341,-2.635,10.790,3.463,0.329,-1.464
65.367,-2.696,10.852,3.465,1.152,-0.961
65.400,-2.718,10.858,3.465,1.263,-0.810
65.558,-2.718,10.858,3.465,1.263,-0.810
65.568,-2.802,10.841,3.469,1.461,0.340
65.600,-2.811,10.834,3.469,1.470,0.301
65.746,-2.826,10.818,3.470,1.485,0.213
65.767,-2.849,10.742,3.470,1.032,1.088
65.800,-2.846,10.718,3.470,1.227,0.862
65.924,-2.843,10.706,3.470,1.326,0.701
65.934,-2.811,10.653,3.470,0.296,1.470
65.967,-2.792,10.636,3.469,0.750,1.299
66.000,-2.781,10.629,3.469,1.055,1.066
66.155,-2.769,10.622,3.468,1.279,0.783
66.167,-2.655,10.608,3.461,-1.500,0.015
66.200,-2.639,10.611,3.460,-1.500,-0.011
66.349,-2.623,10.615,3.460,-1.500,-0.036
66.367,-2.497,10.684,3.460,-1.215,-0.879
66.400,-2.483,10.696,3.461,-1.121,-0.996
66.543,-2.469,10.708,3.462,-0.967,-1.146
66.567,-2.386,10.805,3.479,-0.684,-1.335
66.600,-2.380,10.816,3.481,-0.438,-1.434
66.709,-2.371,10.835,3.485,0.292,-1.471
66.734,-2.364,10.867,3.491,0.510,-1.411
66.767,-2.368,10.872,3.492,1.026,-1.094
66.800,-2.371,10.874,3.492,1.199,-0.902
66.909,-2.375,10.874,3.492,1.306,-0.739
66.934,-2.409,10.851,3.490,1.448,0.390
66.967,-2.421,10.835,3.489,1.478,0.254
67.000,-2.427,10.825,3.489,1.486,0.204
67.119,-2.432,10.815,3.490,1.495,0.116
67.134,-2.451,10.739,3.492,0.830,1.249
67.167,-2.450,10.712,3.493,1.073,1.049
67.200,-2.448,10.698,3.494,1.180,0.926
67.337,-2.441,10.671,3.496,1.370,0.610
67.367,-2.386,10.595,3.498,-0.254,1.478
67.400,-2.375,10.588,3.498,0.012,1.500
67.508,-2.363,10.581,3.498,0.461,1.428
67.534,-2.278,10.563,3.493,-0.919,1.185
67.567,-2.247,10.565,3.491,0.027,0.741
67.600,-2.231,10.568,3.490,0.565,0.430
67.761,-2.216,10.572,3.489,0.992,0.254
67.767,-2.108,10.639,3.486,-1.176,-0.932
67.800,-2.097,10.651,3.487,-1.084,-1.036
67.960,-2.086,10.664,3.487,-0.948,-1.162
67.967,-2.029,10.776,3.499,-0.386,-1.450
68.000,-2.025,10.790,3.501,-0.245,-1.480
68.160,-2.022,10.803,3.504,-0.042,-1.499
68.167,-2.025,10.883,3.519,0.594,-1.377
68.200,-2.029,10.889,3.520,0.756,-1.296
68.360,-2.033,10.893,3.521,0.919,-1.186
68.367,-2.078,10.892,3.524,1.475,-0.273
68.400,-2.084,10.886,3.524,1.480,-0.243
68.562,-2.090,10.880,3.524,1.479,-0.251
68.567,-2.114,10.822,3.523,0.941,1.168
68.600,-2.117,10.783,3.522,0.985,1.132
68.752,-2.117,10.769,3.521,1.129,0.988
68.767,-2.076,10.658,3.522,0.099,1.497
68.800,-2.067,10.645,3.522,0.280,1.474
68.923,-2.057,10.634,3.522,0.567,1.389
68.934,-1.983,10.581,3.522,-1.083,1.038
68.967,-1.955,10.572,3.521,-0.930,1.177
69.000,-1.941,10.568,3.520,-0.673,1.340
69.145,-1.927,10.566,3.520,-0.070,1.298
69.167,-1.826,10.589,3.516,-1.349,-0.657
69.200,-1.816,10.597,3.516,-1.215,-0.879
69.337,-1.807,10.605,3.515,-0.562,-0.906
69.367,-1.769,10.697,3.507,0.002,-1.500
69.400,-1.769,10.710,3.506,0.274,-1.475
69.482,-1.770,10.722,3.506,0.548,-1.396
69.500,-1.784,10.770,3.505,0.701,-1.326
69.534,-1.796,10.790,3.505,0.943,-1.166
69.567,-1.811,10.807,3.505,1.170,-0.939
69.600,-1.819,10.814,3.506,1.253,-0.824
69.696,-1.827,10.820,3.506,1.320,-0.713
69.700,-1.860,10.834,3.509,1.361,-0.631
69.734,-1.875,10.834,3.511,1.419,-0.485
69.767,-1.888,10.831,3.512,1.447,-0.396
69.800,-1.893,10.827,3.512,1.458,-0.351
69.920,-1.898,10.823,3.513,1.463,-0.332
69.934,-1.905,10.783,3.511,1.283,0.777
69.967,-1.899,10.764,3.509,1.407,0.521
70.000,-1.894,10.755,3.508,1.443,0.410
70.112,-1.889,10.745,3.507,1.478,0.255
70.134,-1.831,10.684,3.499,-0.476,1.423
70.167,-1.803,10.666,3.496,0.248,1.479
70.200,-1.788,10.657,3.495,0.641,1.167
70.328,-1.772,10.650,3.494,1.049,0.753
70.334,-1.664,10.617,3.489,-1.351,0.652
70.367,-1.625,10.613,3.487,-1.315,0.721
70.400,-1.606,10.613,3.487,-1.167,0.824
70.513,-1.587,10.613,3.487,-0.236,0.498
70.534,-1.481,10.636,3.488,-1.445,-0.404
70.567,-1.451,10.650,3.489,-1.326,-0.701
70.600,-1.437,10.658,3.489,-0.817,-0.947
70.707,-1.424,10.667,3.490,0.022,-0.786
70.734,-1.368,10.728,3.492,-0.441,-1.434
70.767,-1.358,10.749,3.493,0.460,-1.428
70.800,-1.354,10.759,3.494,0.827,-1.251
70.916,-1.351,10.769,3.495,1.107,-1.012
70.934,-1.354,10.812,3.502,0.785,-1.278
70.967,-1.360,10.820,3.505,1.098,-1.022
71.000,-1.363,10.822,3.506,1.213,-0.883
71.145,-1.370,10.824,3.509,1.352,-0.650
71.167,-1.387,10.798,3.517,1.498,0.072
71.200,-1.387,10.790,3.518,1.500,0.030
71.317,-1.385,10.773,3.519,1.499,-0.060
71.334,-1.364,10.717,3.519,-0.117,1.495
71.367,-1.349,10.692,3.518,0.329,1.464
71.400,-1.340,10.680,3.518,0.612,1.370
71.545,-1.330,10.667,3.518,0.993,1.124
71.567,-1.218,10.576,3.519,-1.025,1.095
71.600,-1.201,10.568,3.519,-0.914,1.189
71.705,-1.185,10.560,3.520,-0.701,1.326
71.734,-1.086,10.535,3.525,-1.408,0.517
71.767,-1.056,10.535,3.526,-1.370,0.610
71.800,-1.041,10.536,3.527,-0.503,0.362
71.945,-1.028,10.539,3.528,0.222,0.175
71.967,-0.951,10.590,3.524,-0.914,-1.190
72.000,-0.946,10.600,3.523,-0.376,-1.452
72.134,-0.939,10.621,3.521,0.808,-1.116
72.167,-0.949,10.700,3.517,0.786,-1.278
72.200,-0.955,10.711,3.517,0.946,-1.164
72.337,-0.961,10.721,3.517,1.093,-1.027
72.367,-1.027,10.774,3.523,1.240,-0.844
72.400,-1.036,10.776,3.524,1.278,-0.785
72.534,-1.044,10.777,3.525,1.313,-0.725
72.567,-1.088,10.752,3.529,1.500,-0.001
72.600,-1.089,10.745,3.529,1.500,-0.021
72.732,-1.089,10.729,3.527,1.497,-0.087
72.734,-1.085,10.710,3.525,0.619,1.367
72.767,-1.055,10.655,3.517,0.401,1.446
72.800,-1.045,10.643,3.515,0.701,1.326
72.915,-1.035,10.632,3.513,1.070,1.051
72.934,-0.952,10.567,3.505,-1.026,1.094
72.967,-0.919,10.550,3.503,-0.798,1.270
73.000,-0.901,10.543,3.502,-0.549,1.396
73.144,-0.884,10.536,3.502,0.106,1.114
73.167,-0.748,10.519,3.504,-1.496,0.115
73.201,-0.719,10.524,3.504,-1.500,0.013
73.335,-0.705,10.529,3.504,-0.992,-0.080
73.367,-0.637,10.583,3.499,-0.769,-1.288
73.400,-0.631,10.594,3.498,-0.385,-1.450
73.544,-0.627,10.604,3.497,0.127,-1.495
73.567,-0.630,10.691,3.494,0.568,-1.388
73.600,-0.640,10.708,3.495,0.901,-1.199
73.725,-0.646,10.716,3.495,1.054,-1.067
73.734,-0.686,10.742,3.496,1.222,-0.870
73.767,-0.703,10.745,3.497,1.315,-0.722
73.800,-0.712,10.745,3.498,1.356,-0.642
73.915,-0.721,10.744,3.498,1.383,-0.580
73.934,-0.762,10.716,3.501,1.469,0.302
73.968,-0.770,10.700,3.501,1.490,0.177
74.000,-0.773,10.691,3.501,1.494,0.132
74.133,-0.775,10.671,3.500,1.500,0.015
74.134,-0.775,10.660,3.500,1.069,1.052
74.167,-0.750,10.591,3.496,0.809,1.263
74.200,-0.733,10.568,3.495,1.195,0.907
74.338,-0.723,10.558,3.494,1.363,0.627
74.367,-0.627,10.499,3.488,-1.040,1.081
74.400,-0.611,10.493,3.487,-0.894,1.204
74.522,-0.594,10.489,3.486,-0.375,1.214
74.534,-0.486,10.484,3.484,-1.479,0.249
74.567,-0.451,10.491,3.484,-1.489,0.184
74.600,-0.433,10.495,3.484,-1.412,0.077
74.734,-0.417,10.501,3.485,-0.436,-0.044
74.767,-0.310,10.572,3.487,-1.025,-1.095
74.800,-0.301,10.583,3.487,-0.880,-1.215
74.904,-0.286,10.605,3.488,-0.110,-1.496
74.934,-0.268,10.660,3.492,0.028,-1.500
74.967,-0.268,10.679,3.493,0.564,-1.390
75.000,-0.269,10.687,3.494,0.719,-1.316
75.104,-0.272,10.695,3.495,0.924,-1.181
75.134,-0.302,10.724,3.499,1.183,-0.922
75.167,-0.315,10.726,3.500,1.270,-0.798
75.200,-0.321,10.725,3.501,1.267,-0.803
75.338,-0.328,10.723,3.502,1.286,-0.772
75.367,-0.364,10.673,3.506,1.304,0.742
75.400,-0.365,10.663,3.506,1.387,0.570
75.541,-0.366,10.653,3.507,1.459,0.350
75.567,-0.330,10.556,3.505,0.063,1.499
75.600,-0.320,10.544,3.504,0.190,1.488
75.742,-0.310,10.532,3.504,0.575,1.385
75.767,-0.198,10.463,3.499,-1.193,0.909
75.800,-0.182,10.458,3.499,-1.275,0.791
75.937,-0.165,10.454,3.498,-0.998,0.539
75.967,-0.040,10.463,3.496,-1.429,-0.456
76.000,-0.027,10.469,3.496,-1.267,-0.804
76.134,-0.014,10.475,3.496,-0.821,-1.012
76.167,0.052,10.549,3.494,-0.546,-1.397
76.200,0.056,10.559,3.494,-0.359,-1.456
76.336,0.058,10.569,3.494,-0.171,-1.490
76.368,0.042,10.635,3.495,0.489,-1.418
76.400,0.036,10.640,3.495,0.580,-1.383
76.544,0.029,10.644,3.494,0.648,-1.353
76.567,-0.036,10.638,3.493,1.488,-0.187
76.600,-0.053,10.626,3.492,1.437,-0.431
76.713,-0.061,10.618,3.492,1.388,-0.568
76.734,-0.092,10.565,3.490,1.447,0.395
76.767,-0.099,10.539,3.489,1.500,-0.006
76.800,-0.101,10.525,3.489,1.476,-0.268
76.932,-0.103,10.511,3.489,1.411,-0.509
76.934,-0.101,10.467,3.488,0.426,1.438
76.967,-0.078,10.397,3.488,0.188,1.488
77.000,-0.070,10.384,3.488,0.411,1.443
77.117,-0.061,10.372,3.487,0.863,1.211
77.135,0.011,10.310,3.486,-1.182,0.923
77.167,0.040,10.296,3.485,-1.240,0.844
77.200,0.055,10.290,3.485,-1.341,0.673
77.338,0.070,10.285,3.485,-0.692,0.103
77.367,0.188,10.282,3.491,-1.462,-0.336
77.400,0.200,10.286,3.492,-1.372,-0.606
77.535,0.212,10.290,3.493,-1.182,-0.924
77.567,0.272,10.348,3.499,-0.513,-1.409
77.600,0.275,10.356,3.499,-0.309,-1.468
77.735,0.277,10.364,3.500,-0.081,-1.498
77.767,0.254,10.417,3.504,0.636,-1.358
77.800,0.247,10.421,3.505,0.702,-1.325
77.875,0.239,10.423,3.505,0.746,-1.301
77.900,0.205,10.424,3.506,1.355,-0.643
77.934,0.186,10.418,3.506,1.284,-0.776
77.967,0.167,10.408,3.507,1.226,-0.864
78.000,0.158,10.402,3.507,1.211,-0.885
78.131,0.149,10.394,3.507,1.158,-0.953
78.134,0.110,10.330,3.507,1.326,0.700
78.167,0.103,10.303,3.506,1.451,0.380
78.200,0.102,10.289,3.505,1.492,0.152
78.350,0.102,10.259,3.504,1.453,-0.373
78.367,0.135,10.154,3.500,-0.262,1.477
78.400,0.144,10.140,3.499,-0.162,1.491
78.525,0.154,10.127,3.498,0.072,1.498
78.535,0.234,10.061,3.493,-1.121,0.997
78.567,0.265,10.046,3.491,-1.182,0.924
78.600,0.281,10.040,3.491,-1.290,0.766
78.742,0.297,10.035,3.490,-0.902,0.293
78.767,0.415,10.030,3.491,-1.484,-0.220
78.800,0.427,10.034,3.491,-1.424,-0.470
78.953,0.438,10.038,3.491,-1.289,-0.767
78.967,0.488,10.097,3.488,-0.719,-1.317
79.000,0.489,10.106,3.487,-0.465,-1.426
79.146,0.489,10.115,3.486,-0.200,-1.487
79.167,0.453,10.175,3.483,0.754,-1.297
79.200,0.444,10.180,3.483,0.778,-1.283
79.346,0.435,10.184,3.483,0.785,-1.278
79.367,0.347,10.181,3.482,1.441,-0.417
79.400,0.335,10.176,3.482,1.409,-0.514
79.510,0.325,10.169,3.482,1.355,-0.643
79.534,0.273,10.113,3.482,1.481,0.236
79.567,0.263,10.088,3.481,1.493,-0.140
79.600,0.259,10.075,3.480,1.466,-0.318
79.749,0.255,10.047,3.479,1.338,-0.678
79.767,0.275,9.949,3.474,0.155,1.492
79.800,0.282,9.935,3.473,0.373,1.453
79.941,0.300,9.910,3.471,0.831,0.397
79.967,0.390,9.837,3.468,-1.072,1.050
80.000,0.405,9.829,3.468,-1.140,0.795
80.151,0.421,9.822,3.468,-0.473,0.083
80.167,0.545,9.800,3.476,-1.496,-0.115
80.200,0.559,9.801,3.477,-1.446,-0.399
80.344,0.572,9.804,3.479,-1.300,-0.748
80.368,0.646,9.848,3.487,-0.801,-1.268
80.401,0.655,9.864,3.488,-0.333,-1.463
80.549,0.655,9.864,3.488,-0.333,-1.463
80.568,0.646,9.923,3.495,0.417,-1.441
80.600,0.640,9.928,3.495,0.474,-1.423
80.742,0.634,9.932,3.496,0.517,-1.408
80.767,0.563,9.934,3.499,1.293,-0.760
80.800,0.554,9.930,3.499,1.250,-0.829
80.947,0.534,9.918,3.500,1.139,-0.976
80.968,0.481,9.844,3.499,1.491,0.162
81.000,0.477,9.830,3.498,1.498,-0.074
81.118,0.470,9.801,3.497,1.382,-0.583
81.135,0.471,9.722,3.494,0.466,1.426
81.167,0.479,9.690,3.493,0.830,1.249
81.200,0.484,9.674,3.492,1.109,1.010
81.312,0.491,9.659,3.492,1.164,0.313
81.334,0.551,9.578,3.488,-0.804,1.266
81.367,0.578,9.556,3.487,-0.607,0.819
81.400,0.592,9.547,3.486,-0.261,0.081
81.544,0.621,9.532,3.485,0.245,-0.713
81.567,0.730,9.509,3.487,-1.495,-0.119
81.600,0.744,9.510,3.488,-1.426,-0.465
81.752,0.771,9.514,3.490,-0.887,-1.209
81.767,0.841,9.550,3.498,-1.046,-1.075
81.800,0.847,9.557,3.499,-0.913,-1.190
81.931,0.853,9.563,3.500,-0.732,-1.309
81.934,0.862,9.583,3.503,-0.396,-1.447
81.967,0.857,9.609,3.509,0.101,-1.497
82.000,0.853,9.613,3.509,0.212,-1.485
82.144,0.848,9.615,3.510,0.298,-1.470
82.167,0.784,9.603,3.510,1.468,-0.307
82.200,0.774,9.597,3.510,1.431,-0.451
82.322,0.754,9.581,3.509,1.293,-0.760
82.334,0.707,9.525,3.507,1.189,0.914
82.367,0.692,9.497,3.507,1.341,0.673
82.400,0.685,9.482,3.507,1.420,0.482
82.537,0.679,9.466,3.508,1.491,0.165
82.567,0.666,9.343,3.513,0.598,1.376
82.600,0.669,9.329,3.513,0.781,1.281
82.760,0.673,9.316,3.514,1.073,1.049
82.767,0.738,9.244,3.508,-1.127,0.990
82.800,0.749,9.239,3.507,-1.217,0.877
82.958,0.761,9.236,3.505,-1.326,0.700
82.967,0.868,9.250,3.495,-1.371,-0.608
83.000,0.881,9.256,3.494,-1.310,-0.730
83.141,0.894,9.263,3.493,-1.210,-0.887
83.168,0.965,9.346,3.492,-0.739,-1.305
83.200,0.969,9.357,3.492,-0.578,-1.384
83.337,0.973,9.368,3.492,-0.398,-1.446
83.368,0.964,9.441,3.494,0.281,-1.473
83.400,0.958,9.447,3.493,0.328,-1.464
83.544,0.952,9.452,3.493,0.365,-1.455
83.567,0.885,9.450,3.486,1.391,-0.562
83.600,0.875,9.445,3.485,1.335,-0.683
83.749,0.866,9.439,3.484,1.246,-0.835
83.767,0.804,9.353,3.478,1.206,0.891
83.800,0.799,9.338,3.477,1.324,0.706
83.936,0.792,9.308,3.476,1.500,0.020
83.967,0.799,9.199,3.477,0.287,1.472
84.001,0.810,9.171,3.477,0.768,1.205
84.158,0.817,9.157,3.477,0.812,0.301
84.167,0.890,9.086,3.476,-1.136,0.980
84.200,0.902,9.080,3.475,-1.270,0.799
84.353,0.915,9.074,3.475,-0.935,0.198
84.368,1.021,9.071,3.475,-1.431,-0.451
84.401,1.044,9.080,3.476,-1.083,-1.037
84.546,1.054,9.086,3.476,-0.775,-1.284
84.567,1.102,9.146,3.479,-0.521,-1.407
84.600,1.105,9.156,3.479,-0.397,-1.447
84.753,1.107,9.175,3.480,-0.125,-1.495
84.767,1.084,9.230,3.485,0.620,-1.366
84.800,1.077,9.235,3.486,0.617,-1.367
84.957,1.070,9.239,3.486,0.601,-1.374
84.967,0.999,9.235,3.489,1.492,-0.153
85.000,0.990,9.230,3.490,1.471,-0.292
85.144,0.982,9.224,3.490,1.421,-0.480
85.167,0.936,9.139,3.490,1.141,0.974
85.200,0.933,9.126,3.490,1.286,0.773
85.353,0.932,9.112,3.490,1.451,0.379
85.367,0.960,9.001,3.490,-0.307,1.468
85.400,0.977,8.978,3.491,-0.212,1.446
85.551,0.987,8.967,3.490,0.076,0.474
85.567,1.073,8.918,3.489,-1.393,0.558
85.600,1.087,8.915,3.489,-1.475,0.274
85.747,1.114,8.913,3.488,-1.243,-0.720
85.767,1.196,8.936,3.489,-1.218,-0.876
85.800,1.214,8.950,3.489,-0.864,-1.226
85.958,1.221,8.958,3.489,-0.620,-1.366
85.967,1.242,9.021,3.493,-0.215,-1.484
86.000,1.241,9.029,3.493,-0.138,-1.494
86.133,1.239,9.037,3.494,-0.060,-1.499
86.135,1.231,9.052,3.495,0.180,-1.489
86.167,1.187,9.076,3.495,0.890,-1.208
86.201,1.168,9.077,3.494,0.821,-1.255
86.346,1.158,9.075,3.494,0.760,-1.293
86.367,1.089,9.035,3.491,1.370,-0.611
86.400,1.080,9.025,3.491,1.286,-0.772
86.544,1.072,9.014,3.490,1.142,-0.972
86.567,1.040,8.901,3.483,0.751,1.298
86.600,1.041,8.884,3.482,0.878,1.216
86.752,1.042,8.867,3.480,1.111,1.008
86.767,1.094,8.733,3.475,-0.492,1.417
86.800,1.104,8.717,3.475,-0.506,1.412
86.949,1.116,8.703,3.474,-0.504,1.413
86.967,1.221,8.614,3.477,-1.238,0.847
87.000,1.234,8.607,3.478,-1.326,0.701
87.155,1.247,8.601,3.479,-1.425,0.468
87.167,1.330,8.593,3.483,-1.406,-0.522
87.200,1.337,8.596,3.482,-1.293,-0.761
87.348,1.342,8.600,3.482,-1.095,-1.025
87.367,1.349,8.657,3.477,0.113,-1.496
87.400,1.345,8.665,3.476,0.163,-1.491
87.553,1.339,8.674,3.475,0.203,-1.486
87.567,1.264,8.728,3.475,1.139,-0.976
87.600,1.251,8.731,3.475,1.097,-1.023
87.743,1.239,8.734,3.475,1.035,-1.086
87.767,1.144,8.721,3.483,1.471,-0.296
87.800,1.135,8.715,3.483,1.439,-0.425
87.955,1.126,8.708,3.484,1.375,-0.599
87.967,1.089,8.627,3.483,0.820,1.256
88.000,1.089,8.615,3.483,0.941,1.169
88.154,1.091,8.603,3.482,1.144,0.970
88.167,1.140,8.504,3.479,-0.719,1.317
88.200,1.151,8.493,3.478,-0.753,1.297
88.357,1.162,8.483,3.478,-0.799,1.269
88.367,1.267,8.434,3.481,-1.473,0.282
88.400,1.280,8.433,3.482,-1.495,0.121
88.550,1.293,8.432,3.483,-1.497,-0.088
88.567,1.373,8.462,3.486,-1.205,-0.894
88.600,1.379,8.469,3.486,-1.081,-1.040
88.753,1.384,8.477,3.486,-0.914,-1.189
88.767,1.383,8.548,3.484,0.306,-1.468
88.800,1.377,8.556,3.484,0.323,-1.465
88.956,1.371,8.563,3.484,0.332,-1.463
88.967,1.292,8.597,3.483,1.251,-0.827
89.000,1.281,8.597,3.482,1.209,-0.888
89.142,1.268,8.595,3.482,1.142,-0.973
89.167,1.183,8.549,3.482,1.466,-0.319
89.200,1.175,8.539,3.482,1.419,-0.486
89.337,1.168,8.528,3.482,1.321,-0.710
89.367,1.148,8.424,3.477,1.154,0.958
89.400,1.150,8.410,3.476,1.367,0.618
89.477,1.154,8.396,3.475,1.275,-0.058
89.500,1.179,8.339,3.472,-0.424,1.439
89.534,1.197,8.313,3.470,-0.283,0.857
89.567,1.220,8.288,3.469,-0.018,-0.255
89.600,1.233,8.276,3.469,0.062,-0.735
89.756,1.260,8.256,3.469,0.228,-1.235
89.767,1.367,8.207,3.479,-1.474,0.277
89.800,1.382,8.203,3.481,-1.497,0.099
89.962,1.397,8.200,3.484,-1.494,-0.139
89.967,1.500,8.186,3.512,-1.494,-0.135
90.000,1.509,8.186,3.515,-1.472,-0.288
90.126,1.518,8.185,3.519,-1.412,-0.507
90.134,1.551,8.187,3.537,-1.287,-0.771
90.167,1.554,8.188,3.541,-0.870,-1.222
90.200,1.554,8.188,3.543,-0.594,-1.377
90.333,1.553,8.189,3.545,-0.347,-1.459
90.336,1.550,8.189,3.547,-0.020,-1.500
90.367,1.506,8.186,3.556,1.315,-0.722
90.400,1.496,8.184,3.557,1.219,-0.874
90.549,1.486,8.181,3.558,1.082,-1.039
90.567,1.386,8.132,3.570,1.486,0.208
90.600,1.374,8.123,3.571,1.499,0.047
90.752,1.350,8.102,3.575,1.441,-0.416
90.767,1.292,8.017,3.586,1.198,0.902
90.800,1.287,8.004,3.587,1.351,0.652
90.961,1.281,7.979,3.589,1.491,-0.165
90.967,1.295,7.905,3.590,0.331,1.463
91.000,1.301,7.897,3.589,0.479,1.421
91.137,1.308,7.890,3.588,0.663,0.841
91.167,1.395,7.867,3.572,-1.483,-0.226
91.200,1.408,7.869,3.570,-1.401,-0.536
91.355,1.436,7.876,3.565,-0.976,-1.139
91.367,1.530,7.931,3.556,-1.047,-1.075
91.400,1.542,7.941,3.555,-0.954,-1.157
91.557,1.553,7.952,3.555,-0.830,-1.250
91.567,1.613,8.032,3.561,-0.738,-1.306
91.600,1.617,8.040,3.561,-0.661,-1.346
91.750,1.619,8.047,3.562,-0.568,-1.388
91.767,1.603,8.071,3.557,0.156,-1.492
91.800,1.597,8.069,3.555,0.212,-1.485
91.957,1.591,8.066,3.553,0.235,-1.481
91.967,1.520,8.004,3.531,1.461,0.338
92.000,1.510,7.991,3.528,1.496,0.114
92.157,1.501,7.978,3.526,1.479,-0.248
92.167,1.436,7.841,3.512,0.759,1.294
92.200,1.431,7.822,3.512,0.824,1.253
92.360,1.426,7.803,3.511,0.940,1.169
92.367,1.422,7.669,3.512,0.012,1.500
92.400,1.425,7.656,3.512,0.049,1.499
92.563,1.430,7.643,3.512,0.128,1.495
92.567,1.461,7.595,3.509,-0.881,1.214
92.600,1.495,7.577,3.504,-1.256,0.819
92.762,1.513,7.574,3.502,-0.773,-0.401
92.767,1.570,7.599,3.495,-1.169,-0.940
92.800,1.577,7.607,3.494,-1.007,-1.112
92.961,1.582,7.616,3.493,-0.806,-1.265
92.967,1.597,7.695,3.490,-0.078,-1.498
93.000,1.592,7.720,3.490,0.058,-1.499
93.160,1.584,7.745,3.490,0.126,-1.495
93.167,1.527,7.811,3.492,0.764,-1.291
93.200,1.516,7.817,3.492,0.746,-1.301
93.361,1.506,7.821,3.492,0.708,-1.323
93.367,1.420,7.821,3.493,1.473,-0.283
93.400,1.411,7.816,3.493,1.442,-0.411
93.557,1.402,7.810,3.492,1.377,-0.594
93.567,1.366,7.729,3.485,0.951,1.160
93.600,1.366,7.717,3.484,1.087,1.034
93.759,1.367,7.703,3.482,1.304,0.742
93.767,1.414,7.597,3.475,-0.632,1.361
93.800,1.424,7.585,3.474,-0.674,1.340
93.960,1.435,7.574,3.473,-0.726,1.312
93.967,1.543,7.517,3.472,-1.428,0.460
94.000,1.557,7.515,3.472,-1.463,0.332
94.160,1.570,7.513,3.473,-1.494,0.134
94.167,1.659,7.537,3.474,-1.355,-0.642
94.200,1.666,7.544,3.473,-1.271,-0.797
94.350,1.677,7.559,3.473,-0.965,-1.148
94.367,1.681,7.622,3.469,-0.146,-1.493
94.400,1.678,7.631,3.469,-0.071,-1.498
94.557,1.667,7.647,3.468,0.067,-1.498
94.567,1.600,7.684,3.466,1.107,-1.012
94.600,1.588,7.686,3.466,1.056,-1.065
94.746,1.576,7.687,3.466,0.980,-1.136
94.767,1.478,7.657,3.467,1.379,-0.591
94.800,1.468,7.649,3.468,1.306,-0.739
94.963,1.458,7.640,3.468,1.176,-0.932
94.967,1.418,7.571,3.468,1.059,1.062
95.000,1.411,7.530,3.467,1.081,1.040
95.155,1.411,7.516,3.466,1.310,0.730
95.167,1.451,7.400,3.464,-0.548,1.396
95.200,1.460,7.387,3.464,-0.581,1.383
95.362,1.471,7.375,3.464,-0.616,1.368
95.367,1.576,7.305,3.465,-1.316,0.720
95.400,1.590,7.301,3.465,-1.381,0.585
95.555,1.604,7.298,3.466,-1.455,0.364
95.567,1.698,7.309,3.470,-1.374,-0.602
95.600,1.706,7.314,3.470,-1.280,-0.783
95.761,1.719,7.327,3.469,-0.975,-1.140
95.767,1.731,7.388,3.467,-0.086,-1.498
95.800,1.728,7.397,3.467,-0.032,-1.500
95.951,1.724,7.406,3.467,0.014,-1.500
95.967,1.659,7.458,3.466,0.892,-1.206
96.000,1.648,7.461,3.467,0.849,-1.237
96.147,1.636,7.464,3.467,0.781,-1.281
96.167,1.543,7.444,3.470,1.492,-0.157
96.200,1.533,7.437,3.470,1.464,-0.326
96.302,1.524,7.429,3.471,1.395,-0.550
96.334,1.486,7.364,3.470,1.377,0.594
96.367,1.482,7.337,3.469,1.499,-0.055
96.400,1.481,7.323,3.468,1.430,-0.453
96.553,1.481,7.309,3.467,1.219,-0.874
96.567,1.525,7.201,3.462,-0.703,1.325
96.600,1.535,7.188,3.461,-0.739,1.305
96.740,1.558,7.166,3.460,-0.913,1.190
96.767,1.665,7.104,3.461,-1.427,0.463
96.801,1.698,7.093,3.463,-1.499,-0.044
96.927,1.714,7.089,3.464,-1.421,-0.481
96.934,1.788,7.081,3.473,-1.491,-0.161
96.967,1.812,7.083,3.476,-1.389,-0.567
97.000,1.823,7.085,3.478,-1.252,-0.827
97.158,1.842,7.091,3.480,-0.785,-1.278
97.167,1.872,7.123,3.486,-0.727,-1.312
97.200,1.872,7.128,3.487,-0.593,-1.378
97.349,1.871,7.132,3.488,-0.457,-1.429
97.367,1.824,7.152,3.491,1.056,-1.065
97.400,1.814,7.151,3.491,0.974,-1.140
97.551,1.804,7.150,3.491,0.861,-1.228
97.567,1.709,7.101,3.492,1.457,0.357
97.600,1.697,7.091,3.492,1.486,0.206
97.757,1.686,7.080,3.493,1.500,-0.033
97.767,1.622,6.968,3.497,0.868,1.223
97.800,1.619,6.953,3.497,0.953,1.159
97.947,1.616,6.938,3.498,1.076,1.045
97.967,1.633,6.834,3.501,0.042,1.499
98.000,1.639,6.825,3.501,0.093,1.497
98.126,1.646,6.816,3.500,0.273,1.461
98.134,1.704,6.786,3.494,-1.448,0.391
98.168,1.727,6.784,3.492,-1.476,-0.268
98.200,1.739,6.785,3.491,-1.252,-0.827
98.312,1.751,6.787,3.489,-0.874,-1.219
98.334,1.818,6.822,3.488,-1.013,-1.107
98.367,1.836,6.839,3.489,-0.752,-1.298
98.400,1.844,6.848,3.490,-0.602,-1.374
98.540,1.852,6.858,3.491,-0.436,-1.435
98.567,1.878,6.925,3.505,-0.321,-1.465
98.600,1.877,6.931,3.507,-0.247,-1.480
98.732,1.875,6.936,3.508,-0.173,-1.490
98.734,1.849,6.946,3.512,0.781,-1.280
98.767,1.836,6.940,3.512,0.722,-1.315
98.800,1.829,6.936,3.511,0.674,-1.340
98.936,1.821,6.931,3.511,0.586,-1.381
98.967,1.759,6.848,3.505,1.194,0.908
99.000,1.753,6.833,3.504,1.309,0.732
99.111,1.747,6.818,3.503,1.449,0.388
99.134,1.727,6.711,3.502,0.941,1.168
99.167,1.727,6.674,3.502,1.299,0.750
99.200,1.728,6.655,3.503,1.052,0.198
99.356,1.731,6.637,3.504,0.878,-0.389
99.367,1.784,6.512,3.507,-0.696,1.329
99.400,1.794,6.501,3.507,-0.738,1.306
99.555,1.806,6.490,3.507,-0.796,1.271
99.567,1.918,6.446,3.501,-1.487,0.201
99.600,1.933,6.445,3.500,-1.498,0.076
99.711,1.948,6.446,3.499,-1.496,-0.104
99.734,2.026,6.470,3.496,-1.329,-0.696
99.767,2.046,6.484,3.494,-1.150,-0.963
99.800,2.055,6.492,3.494,-1.011,-1.108
99.942,2.062,6.501,3.494,-0.843,-1.241
99.967,2.081,6.570,3.492,-0.468,-1.425
100.000,2.079,6.577,3.492,-0.372,-1.453
100.102,2.075,6.583,3.492,-0.289,-1.472
100.134,2.036,6.603,3.488,0.954,-1.158
100.167,2.016,6.602,3.485,0.820,-1.256
100.200,2.006,6.599,3.484,0.767,-1.289
100.321,1.995,6.596,3.483,0.662,-1.346
100.334,1.928,6.552,3.475,1.405,0.526
100.367,1.907,6.529,3.473,1.477,0.264
100.400,1.898,6.516,3.472,1.498,0.067
100.508,1.889,6.503,3.471,1.477,-0.261
100.534,1.854,6.408,3.467,1.049,1.072
100.567,1.850,6.375,3.466,1.310,0.730
100.600,1.849,6.359,3.466,1.193,0.325
100.755,1.850,6.343,3.466,0.944,-0.217
100.768,1.893,6.235,3.464,-0.418,1.440
100.800,1.903,6.225,3.463,-0.502,1.413
100.945,1.913,6.217,3.462,-0.416,0.943
100.968,2.023,6.184,3.453,-1.494,0.134
101.000,2.038,6.184,3.452,-1.498,-0.067
101.149,2.053,6.186,3.451,-1.461,-0.339
101.168,2.158,6.234,3.450,-1.272,-0.796
101.200,2.168,6.243,3.450,-1.214,-0.881
101.344,2.177,6.252,3.450,-1.137,-0.978
101.367,2.212,6.329,3.456,-0.600,-1.375
101.400,2.211,6.338,3.456,-0.521,-1.407
101.512,2.209,6.345,3.457,-0.447,-1.432
101.534,2.179,6.375,3.458,0.564,-1.390
101.567,2.163,6.377,3.457,0.499,-1.415
101.600,2.153,6.376,3.457,0.482,-1.421
101.727,2.143,6.375,3.456,0.409,-1.443
101.734,2.077,6.342,3.451,1.475,0.274
101.767,2.055,6.323,3.450,1.500,0.017
101.800,2.044,6.312,3.449,1.489,-0.177
101.949,2.034,6.299,3.449,1.416,-0.494
101.967,1.977,6.177,3.448,0.912,1.191
102.000,1.974,6.160,3.448,1.005,1.113
102.121,1.972,6.144,3.448,1.194,0.908
102.134,1.981,6.051,3.452,0.133,1.494
102.167,1.991,6.025,3.453,0.150,1.492
102.200,1.998,6.013,3.454,0.155,1.492
102.336,2.005,6.002,3.454,0.172,0.846
102.367,2.087,5.948,3.453,-1.418,0.490
102.400,2.098,5.946,3.453,-1.464,0.328
102.486,2.110,5.946,3.453,-1.497,0.088
102.500,2.156,5.954,3.453,-1.468,-0.310
102.534,2.178,5.963,3.455,-1.376,-0.598
102.567,2.197,5.977,3.456,-1.153,-0.960
102.600,2.206,5.984,3.457,-0.998,-1.120
102.742,2.214,5.992,3.459,-0.823,-1.254
102.767,2.245,6.064,3.473,-0.422,-1.440
102.800,2.245,6.072,3.475,-0.374,-1.453
102.922,2.241,6.085,3.479,-0.269,-1.476
102.934,2.215,6.105,3.484,0.682,-1.336
102.967,2.200,6.106,3.485,0.618,-1.367
103.000,2.191,6.105,3.485,0.584,-1.382
103.125,2.182,6.103,3.485,0.504,-1.413
103.134,2.123,6.067,3.483,1.437,0.431
103.167,2.104,6.046,3.482,1.484,0.217
103.200,2.095,6.034,3.481,1.499,0.044
103.335,2.086,6.021,3.481,1.474,-0.277
103.367,2.046,5.895,3.480,0.799,1.269
103.400,2.045,5.878,3.480,0.861,1.229
103.530,2.045,5.862,3.480,1.015,1.105
103.534,2.066,5.772,3.481,-0.271,1.475
103.567,2.081,5.747,3.481,-0.361,1.456
103.600,2.098,5.726,3.481,-0.484,1.155
103.697,2.108,5.717,3.481,-0.336,0.547
103.700,2.140,5.695,3.479,-1.332,0.690
103.734,2.164,5.686,3.479,-1.420,0.483
103.767,2.187,5.682,3.478,-1.494,0.133
103.800,2.209,5.682,3.478,-1.241,-0.388
103.900,2.209,5.682,3.478,-1.241,-0.388
103.934,2.265,5.705,3.480,-1.262,-0.811
103.967,2.277,5.718,3.481,-1.023,-1.097
104.000,2.282,5.725,3.481,-0.877,-1.217
104.145,2.286,5.733,3.482,-0.692,-1.234
104.167,2.279,5.792,3.489,0.033,-1.500
104.200,2.273,5.798,3.490,0.056,-1.499
104.358,2.267,5.802,3.491,0.048,-1.499
104.367,2.191,5.807,3.491,1.364,-0.624
104.400,2.180,5.803,3.491,1.336,-0.682
104.552,2.168,5.798,3.491,1.265,-0.806
104.567,2.085,5.719,3.488,1.247,0.833
104.600,2.077,5.705,3.488,1.283,0.777
104.723,2.070,5.691,3.488,1.349,0.657
104.734,2.046,5.597,3.489,0.647,1.353
104.767,2.046,5.566,3.490,0.685,1.334
104.800,2.048,5.552,3.491,0.719,1.317
104.949,2.050,5.537,3.491,0.714,1.020
104.968,2.105,5.450,3.490,-0.732,1.309
105.000,2.115,5.443,3.489,-0.818,1.257
105.138,2.126,5.437,3.489,-0.845,1.111
105.167,2.221,5.434,3.482,-1.499,-0.054
105.200,2.233,5.439,3.481,-1.492,-0.153
105.347,2.244,5.444,3.480,-1.476,-0.267
105.367,2.308,5.521,3.475,-0.863,-1.227
105.400,2.312,5.533,3.474,-0.814,-1.260
105.553,2.314,5.545,3.474,-0.767,-1.289
105.567,2.298,5.638,3.473,0.268,-1.476
105.600,2.292,5.647,3.473,0.264,-1.477
105.755,2.285,5.656,3.473,0.241,-1.481
105.767,2.206,5.691,3.472,1.249,-0.830
105.800,2.195,5.691,3.472,1.221,-0.871
105.951,2.184,5.689,3.471,1.164,-0.946
105.968,2.110,5.640,3.470,1.331,0.692
106.000,2.103,5.630,3.470,1.363,0.626
106.152,2.098,5.619,3.470,1.417,0.492
106.167,2.090,5.516,3.468,0.125,1.495
106.200,2.094,5.502,3.468,0.122,1.495
106.356,2.099,5.489,3.468,0.147,1.493
106.367,2.171,5.410,3.468,-1.187,0.917
106.400,2.195,5.399,3.467,-1.254,0.823
106.558,2.208,5.395,3.467,-1.300,0.749
106.567,2.293,5.398,3.469,-1.490,-0.169
106.600,2.313,5.408,3.470,-1.465,-0.322
106.750,2.313,5.408,3.470,-1.465,-0.322
106.767,2.359,5.477,3.470,-0.685,-1.335
106.800,2.360,5.487,3.470,-0.647,-1.353
106.953,2.360,5.498,3.470,-0.617,-1.367
106.967,2.321,5.573,3.471,0.633,-1.360
107.000,2.312,5.580,3.471,0.611,-1.370
107.116,2.293,5.591,3.471,0.536,-1.401
107.135,2.236,5.603,3.473,1.312,-0.728
107.169,2.212,5.600,3.474,1.252,-0.827
107.200,2.201,5.597,3.474,1.215,-0.879
107.348,2.179,5.588,3.475,1.048,-1.036
107.367,2.123,5.527,3.476,1.165,0.945
107.400,2.119,5.515,3.475,1.201,0.898
107.552,2.115,5.503,3.475,1.276,0.788
107.567,2.128,5.391,3.473,0.054,1.499
107.600,2.134,5.378,3.472,0.032,1.500
107.752,2.142,5.364,3.472,0.038,1.500
107.767,2.230,5.284,3.471,-1.011,1.108
107.800,2.244,5.278,3.471,-1.066,1.055
107.923,2.270,5.270,3.470,-1.214,0.881
107.934,2.335,5.268,3.471,-1.499,0.063
107.967,2.358,5.274,3.471,-1.494,-0.133
108.000,2.368,5.279,3.471,-1.475,-0.275
108.116,2.378,5.285,3.471,-1.441,-0.418
108.134,2.416,5.337,3.468,-0.795,-1.272
108.167,2.420,5.358,3.467,-0.749,-1.300
108.200,2.421,5.368,3.466,-0.705,-1.324
108.320,2.420,5.379,3.466,-0.679,-1.337
108.334,2.394,5.439,3.466,0.503,-1.413
108.367,2.378,5.455,3.466,0.472,-1.424
108.400,2.369,5.461,3.466,0.459,-1.428
108.528,2.350,5.472,3.466,0.390,-1.448
108.534,2.294,5.481,3.467,1.423,-0.475
108.567,2.271,5.477,3.468,1.394,-0.554
108.600,2.260,5.473,3.468,1.367,-0.618
108.697,2.250,5.468,3.468,1.300,-0.747
108.700,2.214,5.440,3.469,1.461,0.339
108.734,2.200,5.420,3.469,1.391,0.562
108.767,2.190,5.398,3.469,1.276,0.372
108.800,2.187,5.386,3.469,0.951,0.228
108.905,2.182,5.361,3.469,0.512,-0.055
108.934,2.191,5.297,3.469,0.063,1.499
108.967,2.202,5.273,3.469,-0.067,1.024
109.000,2.209,5.262,3.469,-0.133,0.707
109.118,2.217,5.251,3.470,-0.112,0.371
109.134,2.281,5.201,3.473,-1.261,0.812
109.167,2.307,5.192,3.476,-1.323,0.706
109.200,2.319,5.188,3.477,-1.368,0.615
109.323,2.332,5.186,3.478,-1.413,0.503
109.334,2.403,5.191,3.489,-1.499,-0.064
109.367,2.422,5.199,3.492,-1.484,-0.219
109.400,2.431,5.204,3.493,-1.464,-0.327
109.558,2.438,5.210,3.495,-1.437,-0.432
109.567,2.462,5.274,3.502,-0.451,-1.430
109.600,2.461,5.282,3.502,-0.437,-1.435
109.743,2.458,5.291,3.502,-0.441,-1.434
109.767,2.398,5.345,3.505,0.891,-1.207
109.800,2.387,5.349,3.505,0.870,-1.222
109.919,2.375,5.353,3.505,0.808,-1.264
109.934,2.299,5.352,3.508,1.491,-0.165
109.968,2.274,5.344,3.509,1.480,-0.244
110.000,2.263,5.338,3.510,1.471,-0.292
110.125,2.241,5.324,3.511,1.339,-0.456
110.134,2.201,5.275,3.511,1.057,1.064
110.167,2.191,5.252,3.511,1.083,1.037
110.200,2.188,5.239,3.510,1.096,1.024
110.307,2.185,5.214,3.510,0.730,0.555
110.334,2.198,5.154,3.509,-0.172,1.490
110.367,2.210,5.132,3.509,-0.293,1.471
110.400,2.217,5.123,3.508,-0.301,1.062
110.535,2.235,5.106,3.508,-0.255,0.440
110.567,2.314,5.076,3.504,-1.450,0.386
110.600,2.326,5.076,3.504,-1.470,0.298
110.707,2.338,5.077,3.504,-1.486,0.202
110.734,2.400,5.104,3.503,-1.399,-0.542
110.767,2.415,5.120,3.503,-1.340,-0.674
110.800,2.422,5.128,3.503,-1.290,-0.765
110.917,2.427,5.138,3.503,-1.247,-0.833
110.934,2.439,5.196,3.505,-0.345,-1.460
110.967,2.435,5.215,3.505,-0.326,-1.464
111.000,2.431,5.223,3.505,-0.308,-1.468
111.136,2.427,5.231,3.505,-0.320,-1.466
111.167,2.357,5.269,3.503,1.203,-0.896
111.200,2.346,5.269,3.503,1.187,-0.917
111.320,2.323,5.267,3.501,1.115,-1.004
111.334,2.263,5.243,3.500,1.443,0.410
111.367,2.241,5.226,3.499,1.458,0.354
111.400,2.231,5.217,3.499,1.465,0.320
111.549,2.221,5.206,3.499,1.485,0.210
111.567,2.176,5.107,3.500,0.739,1.306
111.600,2.175,5.094,3.500,0.736,1.307
111.740,2.175,5.082,3.500,0.757,1.295
111.767,2.211,5.001,3.500,-0.504,1.413
111.800,2.220,4.994,3.499,-0.544,1.398
111.902,2.229,4.988,3.499,-0.573,1.386
111.934,2.295,4.976,3.494,-1.429,0.455
111.967,2.319,4.980,3.493,-1.463,0.333
112.000,2.331,4.984,3.492,-1.482,0.234
112.158,2.353,4.995,3.491,-1.136,0.007
112.167,2.412,5.061,3.488,-0.997,-1.121
112.200,2.421,5.085,3.487,-1.000,-1.118
112.355,2.425,5.097,3.487,-1.008,-1.111
112.367,2.416,5.182,3.488,0.103,-1.496
112.400,2.410,5.193,3.488,0.095,-1.497
112.553,2.404,5.203,3.488,0.061,-1.499
112.567,2.328,5.251,3.487,1.119,-0.998
112.600,2.316,5.253,3.486,1.135,-0.980
112.754,2.305,5.254,3.486,1.125,-0.992
112.767,2.220,5.219,3.484,1.329,0.696
112.800,2.212,5.210,3.483,1.323,0.707
112.953,2.198,5.190,3.483,1.306,0.738
112.967,2.181,5.104,3.481,0.446,1.432
113.000,2.183,5.091,3.480,0.413,1.442
113.155,2.186,5.079,3.480,0.398,1.446
113.167,2.244,4.998,3.479,-0.850,1.236
113.200,2.255,4.992,3.478,-0.862,1.227
113.355,2.266,4.987,3.478,-0.863,1.227
113.368,2.363,4.985,3.475,-1.499,0.050
113.400,2.374,4.990,3.475,-1.499,0.048
113.544,2.385,4.995,3.474,-1.498,0.067
113.568,2.441,5.072,3.470,-1.153,-0.960
113.600,2.444,5.084,3.469,-1.146,-0.967
113.747,2.446,5.097,3.468,-1.174,-0.934
113.767,2.419,5.192,3.464,0.334,-1.462
113.801,2.411,5.202,3.463,0.334,-1.462
113.940,2.392,5.219,3.462,0.302,-1.469
113.967,2.304,5.250,3.457,1.392,-0.559
114.000,2.291,5.251,3.457,1.387,-0.571
114.139,2.277,5.250,3.456,1.379,-0.590
114.167,2.181,5.206,3.454,1.388,0.569
114.200,2.164,5.187,3.454,1.312,0.728
114.351,2.164,5.187,3.454,1.312,0.728
114.367,2.137,5.096,3.454,0.427,1.438
114.400,2.138,5.085,3.454,0.298,1.470
114.546,2.141,5.074,3.454,0.206,1.486
114.567,2.196,5.011,3.454,-1.118,1.000
114.600,2.206,5.007,3.454,-1.183,0.922
114.752,2.217,5.004,3.453,-1.216,0.879
114.768,2.311,5.018,3.455,-1.496,-0.109
114.800,2.322,5.024,3.455,-1.492,-0.154
114.958,2.333,5.032,3.456,-1.492,-0.155
114.967,2.386,5.114,3.460,-0.842,-1.242
115.000,2.389,5.126,3.460,-0.873,-1.220
115.145,2.390,5.150,3.461,-0.963,-1.150
115.167,2.362,5.225,3.465,0.003,-1.500
115.200,2.354,5.233,3.465,-0.134,-1.494
115.342,2.336,5.247,3.465,-0.439,-1.434
115.367,2.255,5.265,3.464,1.389,-0.568
115.400,2.230,5.260,3.464,1.234,-0.853
115.540,2.217,5.256,3.464,0.896,-0.999
115.567,2.139,5.201,3.464,1.289,0.768
115.600,2.130,5.190,3.464,1.311,0.729
115.735,2.122,5.178,3.465,1.269,0.654
115.767,2.090,5.073,3.471,0.259,1.478
115.800,2.091,5.060,3.472,0.143,1.493
115.934,2.092,5.048,3.473,-0.029,1.500
115.967,2.139,4.977,3.477,-1.025,1.095
116.000,2.148,4.973,3.477,-1.157,0.955
116.141,2.158,4.969,3.477,-1.284,0.775
116.167,2.239,4.981,3.477,-1.484,-0.219
116.201,2.257,4.994,3.477,-1.456,-0.362
116.348,2.264,5.002,3.477,-1.441,-0.417
116.367,2.294,5.077,3.476,-0.854,-1.233
116.400,2.294,5.090,3.476,-0.872,-1.220
116.543,2.293,5.102,3.476,-0.917,-1.187
116.567,2.248,5.187,3.475,0.273,-1.475
116.600,2.238,5.195,3.475,0.192,-1.488
116.722,2.228,5.201,3.475,0.054,-1.499
116.734,2.153,5.222,3.472,1.362,-0.628
116.767,2.125,5.221,3.471,1.281,-0.781
116.800,2.112,5.218,3.470,1.202,-0.897
116.941,2.098,5.214,3.470,1.006,-1.113
116.967,2.009,5.151,3.467,1.258,0.818
117.000,2.001,5.139,3.467,1.254,0.824
117.101,1.994,5.127,3.466,1.262,0.810
117.134,1.975,5.047,3.466,0.426,1.438
117.167,1.978,5.020,3.466,0.122,1.495
117.200,1.980,5.008,3.466,-0.162,1.378
117.353,1.984,4.995,3.466,-0.361,0.820
117.367,2.045,4.921,3.467,-1.086,1.035
117.400,2.056,4.916,3.467,-1.216,0.878
117.555,2.066,4.913,3.467,-1.313,0.725
117.567,2.150,4.921,3.469,-1.478,-0.256
117.600,2.158,4.926,3.469,-1.471,-0.295
117.738,2.166,4.933,3.470,-1.464,-0.327
117.767,2.197,5.011,3.470,-1.094,-1.027
117.800,2.197,5.022,3.470,-1.112,-1.006
117.949,2.192,5.045,3.470,-1.145,-0.969
117.967,2.142,5.112,3.469,0.273,-1.475
118.000,2.132,5.120,3.469,0.061,-1.499
118.156,2.120,5.126,3.468,-0.186,-1.488
118.167,2.006,5.139,3.463,1.469,-0.305
118.200,1.991,5.136,3.462,1.446,-0.397
118.352,1.976,5.132,3.461,1.395,-0.551
118.367,1.870,5.061,3.458,1.301,0.747
118.400,1.860,5.049,3.457,1.282,0.778
118.551,1.851,5.037,3.457,1.273,0.794
118.567,1.816,4.932,3.459,0.096,1.497
118.600,1.816,4.920,3.459,-0.151,1.492
118.757,1.817,4.909,3.460,-0.466,1.426
118.767,1.861,4.849,3.459,-1.166,0.943
118.800,1.879,4.844,3.458,-1.379,0.590
118.956,1.888,4.844,3.458,-1.448,0.393
118.967,1.954,4.869,3.457,-1.384,-0.578
119.000,1.969,4.885,3.457,-1.372,-0.607
119.158,1.976,4.895,3.457,-1.371,-0.608
119.167,1.997,4.974,3.460,-0.585,-1.381
119.200,1.996,4.986,3.461,-0.660,-1.347
119.357,1.993,4.998,3.461,-0.763,-1.291
119.367,1.940,5.074,3.465,0.622,-1.365
119.400,1.929,5.080,3.465,0.491,-1.417
119.555,1.918,5.084,3.465,0.279,-1.474
119.567,1.819,5.084,3.463,1.497,-0.099
119.600,1.795,5.073,3.463,1.459,-0.349
119.758,1.783,5.066,3.463,1.296,-0.726
119.767,1.724,4.992,3.461,0.752,1.298
119.800,1.715,4.966,3.460,0.370,1.454
119.943,1.713,4.952,3.460,-0.112,1.496
119.967,1.722,4.861,3.463,-0.668,1.343
120.000,1.727,4.849,3.464,-0.866,1.225
120.128,1.733,4.839,3.464,-1.093,1.027
120.134,1.782,4.794,3.469,-1.296,0.754
120.167,1.800,4.787,3.471,-1.430,0.454
120.200,1.818,4.785,3.474,-1.496,0.114
120.349,1.826,4.785,3.475,-1.500,-0.037
120.367,1.868,4.814,3.481,-1.321,-0.710
120.400,1.871,4.821,3.482,-1.323,-0.707
120.552,1.873,4.837,3.483,-1.333,-0.687
120.568,1.847,4.900,3.485,-0.106,-1.496
120.600,1.839,4.909,3.485,-0.279,-1.474
120.730,1.830,4.917,3.485,-0.507,-1.412
120.734,1.785,4.943,3.485,0.401,-1.445
120.767,1.728,4.957,3.484,0.734,-1.308
120.800,1.697,4.958,3.483,0.007,-1.500
120.938,1.682,4.957,3.483,-0.509,-1.411
120.967,1.581,4.920,3.482,1.495,0.126
121.000,1.569,4.911,3.482,1.104,-0.067
121.147,1.547,4.889,3.481,-0.298,-0.398
121.167,1.499,4.791,3.475,0.339,1.461
121.200,1.494,4.759,3.474,-0.127,1.495
121.343,1.493,4.744,3.474,-0.575,1.386
121.367,1.513,4.644,3.476,-0.695,1.330
121.401,1.519,4.632,3.476,-0.883,1.212
121.551,1.532,4.611,3.478,-1.238,0.846
121.567,1.582,4.569,3.486,-1.346,0.662
121.600,1.589,4.567,3.487,-1.406,0.522
121.746,1.595,4.567,3.488,-1.454,0.367
121.767,1.620,4.596,3.492,-1.395,-0.552
121.801,1.619,4.603,3.492,-1.387,-0.571
121.959,1.615,4.620,3.491,-1.383,-0.581
121.967,1.567,4.690,3.488,0.338,-1.461
122.000,1.556,4.700,3.487,0.173,-1.490
122.152,1.544,4.710,3.487,-0.083,-1.498
122.167,1.420,4.767,3.485,0.986,-1.130
122.200,1.403,4.770,3.485,0.847,-1.238
122.324,1.385,4.773,3.486,0.563,-1.390
122.334,1.289,4.767,3.488,1.491,-0.160
122.367,1.262,4.757,3.489,1.442,-0.413
122.400,1.250,4.750,3.489,0.849,-0.542
122.549,1.239,4.743,3.489,0.052,-0.608
122.567,1.185,4.659,3.480,0.479,1.421
122.600,1.183,4.646,3.479,0.092,1.497
122.735,1.183,4.633,3.477,-0.459,1.428
122.767,1.216,4.532,3.473,-0.920,1.185
122.800,1.232,4.511,3.474,-1.221,0.872
122.946,1.241,4.501,3.475,-1.349,0.655
122.967,1.306,4.459,3.484,-1.426,0.467
123.000,1.315,4.457,3.486,-1.461,0.342
123.127,1.330,4.455,3.489,-1.497,0.098
123.135,1.354,4.468,3.494,-1.441,-0.418
123.167,1.358,4.479,3.494,-1.430,-0.452
123.200,1.358,4.486,3.494,-1.425,-0.468
123.320,1.357,4.493,3.494,-1.430,-0.454
123.334,1.327,4.542,3.491,-0.132,-1.494
123.367,1.308,4.559,3.490,-0.569,-1.388
123.400,1.285,4.575,3.489,-0.912,-1.191
123.516,1.273,4.583,3.488,-1.093,-1.027
123.534,1.197,4.610,3.485,1.334,-0.686
123.567,1.163,4.615,3.484,1.200,-0.901
123.600,1.145,4.616,3.484,1.047,-1.074
123.752,1.128,4.616,3.484,0.642,-1.355
123.768,0.992,4.583,3.487,1.473,0.282
123.800,0.977,4.575,3.488,1.471,0.291
123.958,0.963,4.566,3.489,1.478,0.257
123.967,0.883,4.475,3.491,0.745,1.302
124.000,0.878,4.463,3.491,0.591,1.379
124.144,0.871,4.438,3.492,-0.000,1.500
124.167,0.879,4.366,3.493,-0.719,1.317
124.200,0.883,4.358,3.493,-0.922,1.183
124.339,0.889,4.352,3.493,-1.128,0.989
124.367,0.952,4.335,3.493,-1.496,0.105
124.400,0.960,4.337,3.493,-1.499,0.044
124.548,0.976,4.346,3.493,-1.498,-0.069
124.567,1.013,4.404,3.494,-1.333,-0.688
124.600,1.015,4.415,3.494,-1.343,-0.668
124.694,1.016,4.426,3.494,-1.367,-0.618
124.700,1.009,4.472,3.494,-0.442,-1.433
124.734,0.999,4.495,3.494,-0.650,-1.352
124.767,0.985,4.516,3.494,-0.922,-1.183
124.800,0.977,4.525,3.494,-1.026,-1.094
124.948,0.967,4.534,3.493,-1.162,-0.948
124.967,0.864,4.576,3.488,1.203,-0.897
125.000,0.849,4.577,3.487,1.090,-1.031
125.151,0.833,4.576,3.486,0.809,-1.263
125.167,0.703,4.535,3.482,1.435,0.436
125.200,0.673,4.515,3.482,1.406,0.522
125.359,0.659,4.504,3.482,1.352,0.577
125.367,0.582,4.413,3.485,0.922,1.183
125.400,0.575,4.400,3.486,0.780,1.281
125.516,0.569,4.386,3.487,0.568,1.388
125.534,0.555,4.315,3.491,-0.164,1.491
125.567,0.558,4.297,3.491,-0.599,1.375
125.600,0.561,4.290,3.491,-0.872,1.220
125.755,0.565,4.283,3.491,-1.131,0.985
125.767,0.618,4.267,3.488,-1.499,0.066
125.800,0.626,4.270,3.488,-1.500,0.016
125.940,0.633,4.274,3.488,-1.500,-0.022
125.967,0.677,4.339,3.487,-1.156,-0.956
126.000,0.679,4.351,3.487,-1.204,-0.895
126.154,0.680,4.362,3.488,-1.267,-0.803
126.167,0.653,4.454,3.490,0.078,-1.498
126.200,0.645,4.464,3.491,-0.093,-1.497
126.350,0.636,4.473,3.491,-0.343,-1.460
126.367,0.539,4.514,3.488,1.285,-0.774
126.400,0.525,4.514,3.487,1.211,-0.885
126.547,0.511,4.513,3.487,1.026,-1.094
126.567,0.408,4.470,3.483,1.430,0.453
126.600,0.397,4.460,3.483,1.392,0.560
126.741,0.388,4.450,3.482,0.544,0.331
126.767,0.347,4.350,3.479,0.086,1.498
126.800,0.346,4.338,3.479,-0.284,1.473
126.959,0.349,4.313,3.479,-1.049,1.072
126.967,0.387,4.243,3.480,-1.087,1.033
127.000,0.404,4.230,3.481,-1.269,0.800
127.151,0.413,4.225,3.481,-1.351,0.652
127.167,0.473,4.221,3.487,-1.484,0.217
127.200,0.480,4.224,3.488,-1.493,0.144
127.342,0.487,4.228,3.488,-1.498,0.084
127.367,0.507,4.291,3.489,-0.950,-1.160
127.400,0.505,4.302,3.489,-1.052,-1.069
127.553,0.497,4.323,3.487,-1.240,-0.844
127.567,0.437,4.397,3.484,0.425,-1.439
127.600,0.425,4.406,3.484,0.188,-1.488
127.743,0.411,4.414,3.484,-0.191,-1.488
127.767,0.289,4.450,3.483,1.191,-0.912
127.800,0.273,4.450,3.483,1.054,-1.068
127.953,0.258,4.448,3.483,0.673,-1.341
127.967,0.155,4.403,3.482,1.429,0.457
128.000,0.146,4.393,3.481,1.393,0.556
128.156,0.137,4.382,3.480,0.779,0.429
128.167,0.109,4.279,3.472,-0.049,1.499
128.200,0.111,4.266,3.471,-0.304,1.469
128.351,0.113,4.252,3.470,-0.633,1.360
128.367,0.168,4.163,3.467,-1.100,1.020
128.400,0.178,4.155,3.467,-1.217,0.877
128.555,0.188,4.149,3.467,-1.320,0.713
128.567,0.267,4.132,3.473,-1.482,0.234
128.600,0.275,4.135,3.473,-1.490,0.175
128.753,0.282,4.138,3.474,-1.495,0.125
128.767,0.307,4.195,3.474,-0.970,-1.144
128.800,0.305,4.205,3.473,-1.057,-1.064
128.950,0.303,4.215,3.472,-1.163,-0.948
128.967,0.242,4.296,3.468,0.245,-1.480
129.000,0.230,4.304,3.468,0.014,-1.500
129.155,0.217,4.312,3.468,-0.340,-1.461
129.167,0.097,4.346,3.467,1.353,-0.647
129.200,0.081,4.345,3.467,1.313,-0.725
129.353,0.066,4.344,3.467,1.210,-0.886
129.367,-0.041,4.296,3.468,1.314,0.723
129.400,-0.051,4.287,3.468,1.261,0.812
129.539,-0.060,4.276,3.467,1.162,0.949
129.567,-0.095,4.179,3.466,0.171,1.490
129.600,-0.094,4.166,3.466,-0.067,1.499
129.734,-0.093,4.155,3.466,-0.398,1.446
129.767,-0.047,4.085,3.467,-1.091,1.029
129.800,-0.038,4.080,3.467,-1.229,0.860
129.901,-0.029,4.077,3.466,-1.337,0.680
129.934,0.030,4.078,3.467,-1.477,0.264
129.967,0.048,4.087,3.468,-1.498,0.068
130.000,0.056,4.093,3.468,-1.500,-0.018
130.144,0.063,4.100,3.469,-1.499,-0.060
130.167,0.090,4.178,3.469,-0.917,-1.187
130.200,0.088,4.189,3.469,-0.997,-1.121
130.338,0.086,4.200,3.469,-1.101,-1.019
130.367,0.029,4.283,3.469,0.277,-1.474
130.400,0.018,4.291,3.469,0.079,-1.498
130.510,0.006,4.298,3.469,-0.228,-1.483
130.534,-0.079,4.322,3.468,1.098,-1.022
130.567,-0.109,4.322,3.467,0.651,-1.351
130.600,-0.124,4.320,3.467,0.131,-1.204
130.722,-0.139,4.318,3.467,-0.453,-0.973
130.734,-0.218,4.280,3.467,1.303,0.744
130.767,-0.239,4.259,3.467,1.200,0.900
130.800,-0.248,4.247,3.466,1.009,1.110
130.901,-0.257,4.235,3.466,0.225,0.772
130.934,-0.285,4.148,3.465,0.112,1.496
130.967,-0.286,4.118,3.465,-0.450,1.431
131.000,-0.285,4.103,3.466,-0.876,1.218
131.097,-0.283,4.089,3.467,-1.187,0.918
131.100,-0.266,4.037,3.471,-0.762,1.292
131.134,-0.254,4.017,3.473,-0.950,1.161
131.167,-0.241,4.000,3.476,-1.201,0.898
131.200,-0.234,3.993,3.477,-1.308,0.734
131.347,-0.227,3.987,3.478,-1.394,0.555
131.367,-0.185,3.980,3.488,-1.485,0.212
131.400,-0.183,3.983,3.489,-1.494,0.131
131.556,-0.181,3.988,3.490,-1.498,0.068
131.567,-0.207,4.048,3.487,-0.008,-1.500
131.600,-0.215,4.058,3.486,-0.204,-1.486
131.725,-0.224,4.068,3.485,-0.484,-1.420
131.734,-0.301,4.127,3.481,1.020,-1.100
131.767,-0.333,4.144,3.482,0.830,-1.249
131.800,-0.349,4.152,3.482,0.651,-1.351
131.949,-0.366,4.159,3.483,0.288,-1.472
131.967,-0.496,4.186,3.495,1.414,-0.501
132.000,-0.523,4.184,3.497,1.297,-0.754
132.161,-0.523,4.184,3.497,1.297,-0.754
132.167,-0.595,4.136,3.498,0.998,1.120
132.200,-0.599,4.126,3.496,0.847,1.238
132.306,-0.602,4.116,3.495,0.570,1.388
132.334,-0.597,4.049,3.489,-0.570,1.387
132.367,-0.586,4.026,3.487,-1.021,1.099
132.400,-0.579,4.015,3.487,-1.214,0.881
132.557,-0.572,4.005,3.487,-1.364,0.625
132.567,-0.492,3.950,3.492,-1.374,0.601
132.600,-0.481,3.947,3.493,-1.403,0.530
132.742,-0.471,3.946,3.495,-1.431,0.449
132.767,-0.417,3.968,3.501,-1.418,-0.488
132.800,-0.414,3.975,3.501,-1.421,-0.479
132.940,-0.413,3.982,3.500,-1.431,-0.451
132.967,-0.440,4.053,3.494,-0.396,-1.447
133.001,-0.449,4.062,3.493,-0.581,-1.383
133.152,-0.469,4.079,3.491,-0.980,-1.135
133.168,-0.568,4.124,3.485,0.523,-1.406
133.200,-0.584,4.127,3.484,0.135,-1.494
133.349,-0.601,4.130,3.483,-0.468,-1.356
133.367,-0.736,4.112,3.480,1.494,0.131
133.400,-0.751,4.105,3.480,1.498,0.085
133.561,-0.766,4.097,3.480,1.500,-0.023
133.567,-0.845,4.018,3.475,0.854,1.233
133.600,-0.859,3.990,3.474,0.748,1.300
133.720,-0.865,3.975,3.473,0.590,1.379
133.735,-0.876,3.892,3.472,-0.158,1.492
133.767,-0.872,3.868,3.472,-0.489,1.418
133.800,-0.868,3.857,3.472,-0.724,1.314
133.950,-0.864,3.847,3.473,-0.986,1.130
133.967,-0.808,3.801,3.473,-1.333,0.689
134.000,-0.800,3.801,3.473,-1.414,0.501
134.153,-0.792,3.801,3.473,-1.463,0.331
134.167,-0.744,3.839,3.474,-1.401,-0.535
134.200,-0.741,3.847,3.474,-1.405,-0.525
134.340,-0.739,3.857,3.474,-1.419,-0.486
134.368,-0.761,3.945,3.473,-0.342,-1.461
134.400,-0.768,3.956,3.473,-0.506,-1.412
134.539,-0.786,3.977,3.473,-0.883,-1.212
134.567,-0.878,4.031,3.471,-0.406,-1.444
134.600,-0.893,4.036,3.470,-0.643,-1.355
134.753,-0.909,4.039,3.470,-0.932,-1.176
134.767,-1.040,4.029,3.467,1.470,-0.301
134.800,-1.056,4.023,3.467,1.422,-0.477
134.932,-1.072,4.016,3.467,0.944,-0.694
134.934,-1.158,3.952,3.467,1.256,0.820
134.968,-1.182,3.925,3.467,1.012,1.107
135.000,-1.204,3.896,3.469,-0.272,0.584
135.144,-1.204,3.896,3.469,-0.272,0.584
135.167,-1.255,3.779,3.481,0.067,1.499
135.200,-1.257,3.766,3.483,-0.193,1.487
135.336,-1.259,3.754,3.485,-0.574,1.386
135.367,-1.239,3.692,3.494,-1.129,0.988
135.401,-1.234,3.688,3.494,-1.280,0.783
135.496,-1.229,3.686,3.495,-1.392,0.560
135.500,-1.205,3.689,3.496,-1.468,0.307
135.534,-1.193,3.697,3.497,-1.500,-0.026
135.568,-1.183,3.709,3.498,-1.484,-0.218
135.600,-1.179,3.716,3.498,-1.471,-0.295
135.737,-1.172,3.734,3.499,-1.454,-0.370
135.767,-1.177,3.808,3.502,-0.651,-1.351
135.801,-1.181,3.820,3.502,-0.774,-1.285
135.933,-1.194,3.841,3.503,-1.033,-1.087
135.935,-1.202,3.852,3.503,-0.493,-1.417
135.967,-1.269,3.902,3.502,0.644,-1.355
136.000,-1.283,3.908,3.502,0.401,-1.445
136.136,-1.297,3.913,3.501,-0.016,-1.500
136.168,-1.422,3.915,3.498,1.487,-0.194
136.200,-1.437,3.910,3.498,1.457,-0.355
136.362,-1.465,3.898,3.497,0.669,-0.682
136.367,-1.541,3.827,3.492,0.899,1.200
136.400,-1.548,3.814,3.491,0.788,1.277
136.559,-1.559,3.788,3.489,0.263,1.477
136.567,-1.563,3.696,3.487,-0.394,1.447
136.602,-1.555,3.674,3.487,-0.861,1.228
136.761,-1.550,3.664,3.487,-1.112,1.006
136.768,-1.496,3.620,3.486,-1.330,0.694
136.800,-1.487,3.618,3.486,-1.385,0.577
136.956,-1.478,3.617,3.486,-1.432,0.448
136.967,-1.417,3.646,3.487,-1.382,-0.584
137.000,-1.412,3.654,3.487,-1.383,-0.582
137.159,-1.405,3.671,3.487,-1.390,-0.564
137.167,-1.412,3.745,3.487,-0.320,-1.465
137.200,-1.418,3.756,3.487,-0.445,-1.433
137.360,-1.431,3.776,3.487,-0.762,-1.292
137.367,-1.508,3.828,3.485,0.581,-1.383
137.400,-1.522,3.833,3.485,0.362,-1.456
137.544,-1.550,3.838,3.484,-0.380,-1.451
137.567,-1.650,3.822,3.481,1.442,-0.415
137.600,-1.663,3.816,3.481,1.366,-0.619
137.758,-1.687,3.800,3.480,-0.019,-0.685
137.767,-1.747,3.716,3.474,0.679,1.338
137.800,-1.752,3.701,3.473,0.506,1.412
137.949,-1.756,3.686,3.472,0.240,1.481
137.967,-1.750,3.565,3.472,-0.484,1.420
138.000,-1.746,3.552,3.472,-0.639,1.357
138.137,-1.734,3.526,3.474,-1.042,1.079
138.167,-1.678,3.465,3.480,-1.273,0.794
138.200,-1.669,3.460,3.481,-1.345,0.664
138.353,-1.661,3.457,3.482,-1.409,0.514
138.367,-1.611,3.465,3.490,-1.430,-0.453
138.401,-1.606,3.476,3.490,-1.428,-0.460
138.556,-1.604,3.483,3.490,-1.432,-0.446
138.567,-1.626,3.545,3.489,0.198,-1.487
138.600,-1.633,3.554,3.489,0.038,-1.500
138.757,-1.642,3.563,3.488,-0.201,-1.486
138.767,-1.742,3.623,3.488,1.204,-0.895
138.800,-1.757,3.627,3.489,1.136,-0.980
138.956,-1.772,3.630,3.489,0.996,-1.122
138.967,-1.886,3.622,3.495,1.481,-0.237
139.001,-1.909,3.610,3.496,1.425,-0.467
139.139,-1.909,3.610,3.496,1.425,-0.467
139.167,-1.961,3.536,3.494,0.292,1.471
139.201,-1.964,3.514,3.493,-0.687,1.305
139.351,-1.963,3.502,3.492,-1.060,0.764
139.368,-1.930,3.424,3.491,-0.977,1.138
139.401,-1.913,3.406,3.492,-1.221,0.871
139.556,-1.904,3.398,3.493,-1.334,0.686
139.567,-1.836,3.367,3.503,-1.449,0.386
139.600,-1.820,3.367,3.506,-1.482,0.228
139.735,-1.820,3.367,3.506,-1.482,0.228
139.767,-1.784,3.403,3.511,-1.462,-0.337
139.800,-1.784,3.411,3.511,-1.449,-0.386
139.960,-1.785,3.419,3.510,-1.449,-0.387
139.967,-1.824,3.485,3.504,-0.262,-1.477
140.000,-1.845,3.503,3.501,-0.460,-1.428
140.156,-1.857,3.512,3.500,-0.771,-1.287
140.167,-1.984,3.562,3.492,1.359,-0.635
140.202,-2.020,3.567,3.490,1.241,-0.842
140.342,-2.038,3.568,3.490,1.074,-1.047
140.367,-2.161,3.547,3.491,1.487,-0.196
140.400,-2.191,3.534,3.492,1.408,-0.518
140.534,-2.191,3.534,3.492,1.408,-0.518
140.567,-2.277,3.458,3.493,0.974,1.140
140.600,-2.283,3.447,3.493,0.783,1.279
140.718,-2.288,3.436,3.493,0.240,1.147
140.734,-2.294,3.372,3.493,-0.311,1.467
140.767,-2.288,3.353,3.494,-0.765,1.291
140.800,-2.283,3.345,3.494,-1.087,1.033
140.935,-2.277,3.337,3.494,-1.303,0.742
140.967,-2.213,3.307,3.499,-1.467,0.315
141.000,-2.204,3.308,3.500,-1.485,0.208
141.132,-2.196,3.310,3.501,-1.496,0.107
141.134,-2.161,3.333,3.505,-1.386,-0.573
141.167,-2.148,3.356,3.506,-1.374,-0.603
141.200,-2.146,3.365,3.507,-1.374,-0.602
141.351,-2.145,3.375,3.507,-1.388,-0.570
141.367,-2.175,3.455,3.508,-0.052,-1.499
141.400,-2.183,3.463,3.507,-0.226,-1.483
141.555,-2.193,3.472,3.507,-0.465,-1.426
141.567,-2.299,3.511,3.501,1.367,-0.618
141.600,-2.315,3.512,3.500,1.325,-0.704
141.758,-2.331,3.512,3.500,1.228,-0.861
141.767,-2.450,3.474,3.497,1.378,0.593
141.800,-2.463,3.465,3.497,1.370,0.610
141.959,-2.475,3.456,3.497,1.363,0.627
141.967,-2.535,3.366,3.497,0.658,1.348
142.000,-2.538,3.355,3.497,0.522,1.406
142.150,-2.540,3.343,3.497,0.330,1.463
142.167,-2.518,3.277,3.496,-0.906,1.195
142.200,-2.511,3.272,3.496,-1.078,1.043
142.330,-2.504,3.269,3.495,-1.240,0.844
142.334,-2.449,3.270,3.491,-1.497,-0.094
142.367,-2.430,3.280,3.490,-1.486,-0.203
142.400,-2.421,3.286,3.490,-1.478,-0.255
142.559,-2.412,3.293,3.489,-1.472,-0.286
142.567,-2.365,3.378,3.489,-0.845,-1.239
142.600,-2.363,3.390,3.489,-0.896,-1.203
142.755,-2.362,3.402,3.489,-0.968,-1.146
142.767,-2.394,3.489,3.491,0.177,-1.490
142.800,-2.402,3.497,3.491,0.040,-1.499
142.937,-2.421,3.510,3.491,-0.367,-1.454
142.967,-2.502,3.525,3.487,1.174,-0.934
143.000,-2.515,3.523,3.486,0.977,-1.139
143.159,-2.527,3.520,3.486,0.472,-1.424
143.167,-2.614,3.457,3.481,1.116,1.002
143.200,-2.622,3.445,3.480,1.060,1.062
143.355,-2.629,3.432,3.480,0.962,1.150
143.367,-2.652,3.314,3.479,0.001,1.500
143.400,-2.650,3.299,3.480,-0.164,1.491
143.560,-2.647,3.285,3.480,-0.363,1.455
143.567,-2.594,3.192,3.484,-1.085,1.035
143.600,-2.584,3.185,3.484,-1.161,0.950
143.758,-2.575,3.178,3.484,-1.244,0.838
143.767,-2.500,3.166,3.488,-1.500,0.009
143.800,-2.493,3.170,3.488,-1.500,-0.038
143.942,-2.486,3.174,3.488,-1.498,-0.078
143.967,-2.464,3.237,3.486,-0.974,-1.140
144.000,-2.466,3.247,3.485,-1.041,-1.080
144.135,-2.473,3.268,3.483,-1.183,-0.922
144.167,-2.532,3.338,3.479,0.353,-1.458
144.200,-2.544,3.346,3.479,0.133,-1.494
144.335,-2.557,3.353,3.478,-0.200,-1.487
144.367,-2.677,3.378,3.475,1.407,-0.519
144.400,-2.693,3.376,3.475,1.358,-0.637
144.558,-2.708,3.373,3.475,1.210,-0.887
144.567,-2.812,3.317,3.473,1.262,0.812
144.600,-2.822,3.306,3.472,1.223,0.869
144.737,-2.831,3.294,3.472,1.167,0.942
144.767,-2.862,3.193,3.470,-0.007,1.500
144.800,-2.861,3.181,3.471,-0.233,1.482
144.960,-2.860,3.169,3.471,-0.549,1.396
144.967,-2.812,3.104,3.471,-1.199,0.902
145.000,-2.803,3.100,3.470,-1.270,0.799
145.154,-2.793,3.097,3.470,-1.339,0.677
145.167,-2.721,3.113,3.471,-1.443,-0.408
145.200,-2.714,3.120,3.471,-1.442,-0.415
145.356,-2.707,3.127,3.471,-1.443,-0.411
145.367,-2.687,3.209,3.472,-0.589,-1.379
145.400,-2.689,3.220,3.472,-0.673,-1.340
145.550,-2.693,3.232,3.473,-0.789,-1.276
145.567,-2.755,3.307,3.473,0.496,-1.416
145.600,-2.767,3.313,3.473,0.305,-1.469
145.750,-2.779,3.319,3.473,-0.001,-1.500
145.767,-2.886,3.325,3.473,1.478,-0.256
145.800,-2.899,3.321,3.473,1.452,-0.376
145.915,-2.912,3.316,3.473,1.339,-0.677
145.934,-2.975,3.265,3.472,0.988,1.129
145.967,-2.989,3.242,3.471,0.743,1.303
146.000,-2.995,3.229,3.470,0.294,1.471
146.109,-3.000,3.216,3.470,-0.356,0.926
146.134,-3.006,3.136,3.473,-0.270,1.475
146.167,-3.000,3.112,3.475,-0.871,1.221
146.200,-2.995,3.100,3.476,-1.148,0.966
146.309,-2.990,3.090,3.477,-1.354,0.646
146.334,-2.948,3.044,3.485,-1.292,0.761
146.367,-2.933,3.037,3.489,-1.419,0.486
146.400,-2.926,3.035,3.490,-1.462,0.335
146.544,-2.919,3.034,3.492,-1.488,0.193
146.567,-2.887,3.060,3.501,-1.340,-0.675
146.600,-2.887,3.066,3.502,-1.351,-0.651
146.729,-2.888,3.074,3.502,-1.373,-0.604
146.734,-2.918,3.124,3.502,0.273,-1.475
146.767,-2.937,3.142,3.501,-0.066,-1.499
146.800,-2.948,3.150,3.500,-0.301,-1.469
146.922,-2.960,3.158,3.500,-0.620,-1.366
146.934,-3.048,3.193,3.499,1.327,-0.700
146.967,-3.081,3.198,3.499,1.213,-0.883
147.000,-3.097,3.200,3.499,1.031,-1.089
147.135,-3.114,3.200,3.499,0.639,-1.357
147.167,-3.233,3.167,3.503,1.474,0.277
147.200,-3.245,3.159,3.503,1.477,0.261
147.340,-3.256,3.150,3.503,1.488,0.192
147.367,-3.307,3.060,3.501,0.608,1.371
147.400,-3.309,3.047,3.500,0.305,1.469
147.532,-3.309,3.035,3.499,-0.237,1.481
147.535,-3.307,3.011,3.498,-0.509,1.411
147.567,-3.276,2.949,3.496,-1.078,1.043
147.600,-3.268,2.942,3.496,-1.223,0.869
147.757,-3.259,2.935,3.496,-1.346,0.662
147.767,-3.179,2.916,3.498,-1.500,0.022
147.800,-3.170,2.918,3.499,-1.500,-0.016
147.948,-3.161,2.921,3.500,-1.499,-0.053
147.968,-3.119,2.976,3.502,-1.318,-0.716
148.000,-3.118,2.985,3.501,-1.329,-0.696
148.157,-3.118,2.995,3.501,-1.354,-0.644
148.167,-3.159,3.070,3.498,0.083,-1.498
148.200,-3.180,3.085,3.496,-0.315,-1.467
148.334,-3.192,3.091,3.495,-0.605,-1.372
148.367,-3.295,3.113,3.489,1.264,-0.808
148.400,-3.327,3.110,3.487,0.766,-1.196
148.558,-3.343,3.107,3.487,-0.002,-1.025
148.567,-3.448,3.060,3.484,1.360,0.633
148.600,-3.472,3.039,3.483,1.282,0.779
148.760,-3.472,3.039,3.483,1.282,0.779
148.767,-3.531,2.937,3.483,0.530,1.403
148.800,-3.534,2.923,3.483,0.236,1.481
148.961,-3.536,2.898,3.483,-0.736,1.307
148.967,-3.514,2.831,3.484,-0.859,1.229
149.000,-3.507,2.825,3.483,-1.030,1.090
149.158,-3.500,2.819,3.483,-1.196,0.905
149.167,-3.431,2.818,3.480,-1.486,-0.206
149.200,-3.414,2.828,3.480,-1.478,-0.258
149.347,-3.414,2.828,3.480,-1.478,-0.258
149.367,-3.374,2.905,3.479,-1.054,-1.068
149.400,-3.374,2.917,3.479,-1.107,-1.013
149.549,-3.374,2.929,3.479,-1.177,-0.929
149.567,-3.413,3.017,3.480,-0.402,-1.445
149.600,-3.433,3.033,3.480,-0.699,-1.327
149.755,-3.433,3.033,3.480,-0.699,-1.327
149.767,-3.538,3.060,3.473,1.343,-0.669
149.800,-3.553,3.058,3.472,1.280,-0.782
149.960,-3.568,3.056,3.471,1.117,-1.001
149.967,-3.672,3.007,3.466,1.342,0.670
150.000,-3.698,2.986,3.465,1.305,0.739
150.148,-3.721,2.961,3.465,0.653,0.672
150.167,-3.774,2.866,3.469,0.386,1.449
150.200,-3.778,2.853,3.469,0.191,1.488
150.359,-3.780,2.840,3.470,-0.131,1.494
150.367,-3.766,2.764,3.475,-0.686,1.334
150.400,-3.761,2.758,3.475,-0.877,1.217
150.558,-3.755,2.754,3.475,-1.077,1.045
150.567,-3.696,2.758,3.474,-1.499,0.045
150.600,-3.688,2.764,3.473,-1.500,-0.024
150.747,-3.675,2.778,3.473,-1.492,-0.150
150.767,-3.649,2.854,3.473,-0.878,-1.216
150.800,-3.649,2.868,3.473,-0.956,-1.156
150.943,-3.649,2.881,3.473,-1.056,-1.065
150.967,-3.691,2.983,3.475,0.021,-1.500
151.000,-3.701,2.994,3.476,-0.144,-1.493
151.098,-3.722,3.013,3.476,-0.577,-1.385
151.100,-3.758,3.034,3.477,0.946,-1.164
151.134,-3.785,3.044,3.477,0.842,-1.241
151.167,-3.813,3.049,3.477,0.256,-1.478
151.200,-3.826,3.050,3.477,-0.140,-1.493
151.303,-3.840,3.050,3.477,-0.629,-1.326
151.334,-3.916,3.026,3.476,1.500,0.030
151.367,-3.937,3.009,3.476,0.564,-0.151
151.400,-3.946,2.999,3.475,-0.169,-0.240
151.559,-3.954,2.989,3.475,-0.673,-0.366
151.567,-3.995,2.877,3.475,0.112,1.496
151.600,-3.996,2.861,3.476,-0.071,1.498
151.728,-3.997,2.845,3.477,-0.307,1.468
151.734,-3.988,2.754,3.490,-0.376,1.452
151.767,-3.981,2.727,3.495,-0.671,1.342
151.800,-3.977,2.714,3.498,-0.865,1.226
151.961,-3.973,2.702,3.501,-1.081,1.040
151.967,-3.941,2.646,3.520,-1.132,0.984
152.000,-3.934,2.639,3.525,-1.225,0.865
152.158,-3.931,2.637,3.527,-1.318,0.716
152.167,-3.928,2.658,3.536,-1.492,-0.158
152.200,-3.935,2.673,3.535,-1.465,-0.323
152.352,-3.935,2.673,3.535,-1.465,-0.323
152.368,-3.999,2.757,3.530,0.449,-1.431
152.400,-4.011,2.769,3.529,0.258,-1.478
152.558,-4.024,2.781,3.528,-0.045,-1.499
152.567,-4.155,2.866,3.527,1.160,-0.950
152.600,-4.173,2.874,3.528,1.094,-1.026
152.757,-4.208,2.887,3.530,0.834,-1.247
152.767,-4.319,2.904,3.537,1.441,-0.418
152.800,-4.332,2.902,3.537,1.412,-0.505
152.948,-4.343,2.900,3.537,1.354,-0.646
152.967,-4.400,2.852,3.529,0.810,1.262
153.000,-4.403,2.843,3.527,0.472,1.424
153.159,-4.403,2.824,3.523,-0.717,0.494
153.167,-4.372,2.754,3.513,-0.963,1.150
153.200,-4.363,2.745,3.512,-1.069,1.053
153.356,-4.344,2.728,3.510,-1.299,0.751
153.367,-4.265,2.696,3.512,-1.443,0.408
153.400,-4.253,2.695,3.512,-1.463,0.333
153.541,-4.232,2.697,3.514,-1.492,0.153
153.567,-4.178,2.731,3.515,-1.416,-0.495
153.600,-4.175,2.739,3.515,-1.411,-0.509
153.751,-4.172,2.747,3.514,-1.414,-0.500
153.767,-4.189,2.823,3.508,-0.322,-1.465
153.800,-4.197,2.832,3.507,-0.482,-1.421
153.961,-4.214,2.849,3.505,-0.846,-1.239
153.967,-4.304,2.889,3.497,1.085,-1.035
154.001,-4.334,2.893,3.495,0.730,-1.310
154.156,-4.350,2.893,3.494,0.269,-1.476
154.167,-4.459,2.867,3.491,1.440,0.419
154.200,-4.473,2.860,3.491,1.442,0.414
154.354,-4.486,2.851,3.491,1.448,0.392
154.368,-4.560,2.761,3.489,0.821,1.256
154.400,-4.565,2.748,3.489,0.678,1.338
154.496,-4.569,2.735,3.489,0.410,1.443
154.500,-4.573,2.688,3.489,0.081,1.498
154.534,-4.569,2.667,3.489,-0.564,1.390
154.567,-4.561,2.649,3.489,-1.240,0.845
154.600,-4.556,2.642,3.489,-1.402,0.532
154.755,-4.543,2.629,3.489,-1.498,0.076
154.767,-4.487,2.620,3.492,-1.500,0.012
154.800,-4.479,2.622,3.493,-1.499,-0.057
154.960,-4.472,2.626,3.494,-1.495,-0.117
154.967,-4.441,2.682,3.500,-0.838,-1.244
155.001,-4.441,2.691,3.500,-0.908,-1.194
155.158,-4.445,2.709,3.501,-1.077,-1.044
155.167,-4.493,2.767,3.503,0.714,-1.319
155.200,-4.504,2.774,3.503,0.579,-1.384
155.356,-4.515,2.779,3.503,0.346,-1.460
155.367,-4.623,2.790,3.504,1.478,-0.257
155.400,-4.637,2.787,3.504,1.458,-0.350
155.542,-4.650,2.782,3.505,1.406,-0.523
155.567,-4.735,2.714,3.503,1.026,1.094
155.600,-4.742,2.703,3.503,0.910,1.192
155.756,-4.747,2.690,3.502,0.662,1.346
155.767,-4.751,2.591,3.500,-0.208,1.486
155.800,-4.747,2.580,3.499,-0.491,1.417
155.947,-4.741,2.570,3.499,-0.788,1.276
155.968,-4.672,2.517,3.495,-1.318,0.716
156.000,-4.662,2.515,3.495,-1.379,0.590
156.155,-4.651,2.515,3.494,-1.430,0.453
156.167,-4.574,2.545,3.492,-1.389,-0.566
156.200,-4.567,2.553,3.492,-1.391,-0.562
156.345,-4.561,2.562,3.491,-1.398,-0.545
156.367,-4.548,2.648,3.489,-0.623,-1.365
156.400,-4.551,2.659,3.489,-0.724,-1.314
156.553,-4.555,2.670,3.489,-0.856,-1.232
156.567,-4.623,2.735,3.486,0.341,-1.461
156.600,-4.636,2.740,3.485,0.101,-1.497
156.746,-4.648,2.743,3.484,-0.258,-1.478
156.767,-4.760,2.733,3.477,1.462,-0.336
156.800,-4.774,2.727,3.476,1.410,-0.512
156.942,-4.787,2.719,3.475,0.743,-0.690
156.967,-4.873,2.627,3.469,0.902,1.199
157.000,-4.881,2.613,3.468,0.785,1.278
157.125,-4.887,2.598,3.467,0.571,1.387
157.134,-4.903,2.506,3.469,0.157,1.492
157.167,-4.901,2.477,3.470,-0.252,1.479
157.201,-4.895,2.450,3.472,-0.969,1.145
157.329,-4.890,2.438,3.472,-1.252,0.827
157.334,-4.859,2.390,3.476,-1.114,1.005
157.367,-4.843,2.377,3.477,-1.298,0.751
157.400,-4.827,2.369,3.479,-1.438,0.427
157.531,-4.827,2.369,3.479,-1.438,0.427
157.534,-4.796,2.366,3.483,-1.500,-0.027
157.567,-4.774,2.378,3.486,-1.475,-0.275
157.600,-4.767,2.390,3.487,-1.461,-0.340
157.734,-4.765,2.397,3.488,-1.460,-0.346
157.767,-4.778,2.457,3.489,-0.739,-1.306
157.800,-4.784,2.466,3.489,-0.888,-1.209
157.939,-4.792,2.475,3.489,-1.056,-1.065
157.967,-4.885,2.532,3.487,0.946,-1.164
158.000,-4.901,2.536,3.487,0.758,-1.294
158.107,-4.916,2.539,3.487,0.382,-1.451
158.134,-5.018,2.537,3.487,1.481,-0.241
158.167,-5.052,2.528,3.487,1.410,-0.512
158.200,-5.068,2.522,3.487,0.581,-0.560
158.302,-5.084,2.515,3.487,-0.149,-0.572
158.334,-5.163,2.456,3.487,1.096,1.024
158.367,-5.182,2.431,3.487,0.781,1.280
158.400,-5.190,2.418,3.487,0.067,1.066
158.533,-5.197,2.405,3.488,-0.547,0.596
158.534,-5.208,2.377,3.489,0.072,1.498
158.567,-5.216,2.299,3.494,-0.373,1.453
158.601,-5.211,2.277,3.496,-0.958,1.154
158.741,-5.208,2.267,3.497,-1.226,0.864
158.767,-5.169,2.223,3.504,-1.338,0.678
158.800,-5.163,2.221,3.505,-1.404,0.528
158.895,-5.156,2.220,3.506,-1.453,0.374
158.900,-5.128,2.230,3.510,-1.451,-0.380
158.934,-5.124,2.236,3.510,-1.450,-0.385
158.967,-5.118,2.248,3.512,-1.443,-0.409
159.000,-5.116,2.256,3.512,-1.437,-0.432
159.144,-5.115,2.264,3.513,-1.442,-0.414
159.167,-5.143,2.340,3.516,-0.322,-1.465
159.200,-5.151,2.349,3.516,-0.521,-1.407
159.352,-5.170,2.366,3.516,-0.937,-1.171
159.367,-5.265,2.405,3.513,0.962,-1.151
159.400,-5.281,2.408,3.512,0.768,-1.289
159.539,-5.297,2.409,3.511,0.338,-1.462
159.567,-5.427,2.383,3.509,1.484,0.220
159.600,-5.442,2.375,3.509,1.487,0.200
159.748,-5.456,2.367,3.508,1.494,0.132
159.767,-5.536,2.271,3.504,0.885,1.211
159.800,-5.541,2.258,3.503,0.644,1.355
159.947,-5.545,2.244,3.502,0.204,1.486
159.967,-5.542,2.144,3.499,-0.555,1.394
160.000,-5.537,2.134,3.498,-0.735,1.308
160.150,-5.531,2.126,3.498,-0.944,1.166
160.167,-5.465,2.091,3.492,-1.403,0.530
160.200,-5.456,2.092,3.492,-1.439,0.424
160.352,-5.447,2.093,3.491,-1.466,0.319
160.367,-5.390,2.142,3.488,-1.395,-0.550
160.400,-5.386,2.152,3.487,-1.397,-0.546
160.554,-5.383,2.162,3.487,-1.409,-0.514
160.567,-5.398,2.255,3.483,-0.310,-1.468
160.600,-5.405,2.266,3.483,-0.439,-1.434
160.711,-5.412,2.277,3.482,-0.616,-1.368
160.734,-5.479,2.329,3.479,0.795,-1.272
160.767,-5.506,2.340,3.477,0.417,-1.441
160.800,-5.521,2.344,3.477,0.121,-1.495
160.932,-5.536,2.347,3.476,-0.342,-1.460
160.934,-5.566,2.349,3.475,0.778,-1.282
160.967,-5.654,2.332,3.472,1.500,0.032
161.000,-5.667,2.325,3.472,1.498,-0.082
161.149,-5.680,2.317,3.471,0.711,-0.254
161.167,-5.749,2.225,3.465,0.679,1.337
161.200,-5.753,2.211,3.464,0.517,1.408
161.336,-5.756,2.197,3.463,0.234,1.482
161.367,-5.744,2.089,3.462,-0.514,1.409
161.400,-5.738,2.077,3.463,-0.720,1.316
161.524,-5.732,2.067,3.463,-0.924,1.181
161.534,-5.684,2.023,3.466,-1.264,0.808
161.567,-5.666,2.017,3.467,-1.378,0.593
161.600,-5.657,2.015,3.468,-1.427,0.463
161.744,-5.648,2.014,3.469,-1.463,0.333
161.767,-5.599,2.046,3.474,-1.366,-0.620
161.800,-5.597,2.053,3.474,-1.377,-0.596
161.954,-5.595,2.062,3.475,-1.396,-0.550
161.967,-5.620,2.140,3.475,0.011,-1.500
162.000,-5.637,2.160,3.475,-0.338,-1.461
162.151,-5.637,2.160,3.475,-0.338,-1.461
162.167,-5.739,2.213,3.475,1.107,-1.013
162.200,-5.754,2.216,3.475,0.989,-1.128
162.347,-5.769,2.218,3.475,0.730,-1.311
162.367,-5.885,2.196,3.478,1.477,-0.263
162.400,-5.897,2.189,3.478,1.445,-0.403
162.498,-5.908,2.181,3.479,0.542,-0.456
162.500,-5.937,2.153,3.478,0.953,1.158
162.534,-5.956,2.118,3.477,0.587,1.380
162.567,-5.964,2.092,3.476,-0.324,1.317
162.600,-5.966,2.079,3.475,-0.914,0.896
162.752,-5.967,2.066,3.475,-1.244,0.501
162.767,-5.940,1.967,3.482,-0.870,1.222
162.800,-5.934,1.957,3.484,-0.985,1.131
162.942,-5.927,1.948,3.485,-1.116,1.002
162.968,-5.877,1.910,3.502,-1.336,0.682
163.000,-5.873,1.910,3.504,-1.397,0.546
163.150,-5.870,1.910,3.505,-1.444,0.407
163.167,-5.871,1.950,3.509,-0.873,-1.220
163.200,-5.876,1.959,3.508,-1.003,-1.115
163.352,-5.881,1.968,3.507,-1.147,-0.966
163.367,-5.963,2.056,3.501,0.735,-1.307
163.400,-5.992,2.077,3.501,0.433,-1.436
163.553,-6.008,2.086,3.501,0.125,-1.495
163.567,-6.125,2.133,3.506,1.280,-0.783
163.600,-6.141,2.136,3.507,1.175,-0.932
163.751,-6.157,2.138,3.508,0.967,-1.147
163.767,-6.259,2.117,3.511,1.447,0.396
163.800,-6.275,2.103,3.509,1.349,0.423
163.926,-6.275,2.103,3.509,1.349,0.423
163.934,-6.297,2.044,3.501,0.130,1.494
163.967,-6.295,2.022,3.498,-0.622,1.365
164.000,-6.292,2.011,3.497,-1.029,1.092
164.152,-6.288,2.000,3.495,-1.326,0.702
164.167,-6.227,1.929,3.494,-1.261,0.813
164.200,-6.218,1.923,3.495,-1.325,0.704
164.323,-6.208,1.918,3.496,-1.386,0.575
164.334,-6.157,1.910,3.503,-1.485,0.215
164.367,-6.144,1.915,3.505,-1.499,0.058
164.400,-6.140,1.918,3.505,-1.500,-0.025
164.519,-6.136,1.923,3.506,-1.497,-0.088
164.535,-6.134,1.963,3.505,-0.506,-1.412
164.567,-6.142,1.980,3.504,-0.799,-1.269
164.601,-6.147,1.989,3.503,-0.935,-1.173
164.713,-6.162,2.007,3.501,-1.167,-0.942
164.734,-6.217,2.049,3.499,0.599,-1.375
164.767,-6.245,2.062,3.498,0.033,-1.500
164.800,-6.259,2.067,3.498,-0.306,-1.468
164.946,-6.275,2.072,3.498,-0.736,-1.307
164.967,-6.403,2.077,3.498,1.478,-0.255
165.000,-6.418,2.073,3.498,1.454,-0.370
165.096,-6.448,2.061,3.498,0.608,-0.613
165.100,-6.488,2.037,3.498,1.452,0.378
165.134,-6.512,2.016,3.497,0.961,0.868
165.167,-6.532,1.992,3.497,-0.237,0.397
165.200,-6.541,1.980,3.497,-0.449,0.314
165.351,-6.556,1.953,3.497,-0.971,0.061
165.367,-6.580,1.861,3.507,-0.025,1.500
165.400,-6.581,1.850,3.510,-0.158,1.492
165.500,-6.581,1.839,3.513,-0.411,1.443
165.534,-6.573,1.788,3.529,-0.622,1.365
165.567,-6.570,1.778,3.535,-1.085,1.035
165.600,-6.568,1.774,3.537,-1.205,0.893
165.747,-6.567,1.772,3.539,-1.318,0.624
165.767,-6.565,1.785,3.555,-1.284,-0.775
165.800,-6.567,1.791,3.556,-1.189,-0.676
165.904,-6.572,1.806,3.558,-1.150,-0.509
165.934,-6.600,1.855,3.562,0.226,-1.483
165.967,-6.617,1.877,3.564,-0.114,-1.496
166.000,-6.626,1.888,3.565,-0.159,-1.492
166.149,-6.637,1.899,3.566,-0.381,-1.182
166.167,-6.742,1.969,3.575,1.113,-1.006
166.200,-6.757,1.974,3.576,1.106,-1.014
166.328,-6.772,1.979,3.577,1.034,-1.087
166.334,-6.855,1.982,3.581,1.496,-0.106
166.367,-6.879,1.975,3.582,1.496,-0.106
166.400,-6.890,1.970,3.582,1.498,-0.083
166.560,-6.900,1.964,3.582,1.495,-0.125
166.567,-6.948,1.892,3.573,0.665,1.345
166.600,-6.949,1.881,3.571,0.657,1.348
166.734,-6.948,1.859,3.568,0.586,1.381
166.767,-6.912,1.786,3.559,-0.576,1.385
166.800,-6.904,1.778,3.557,-0.556,1.393
166.932,-6.894,1.771,3.556,-0.577,1.385
166.934,-6.863,1.753,3.553,-1.264,0.808
166.967,-6.805,1.743,3.549,-1.383,0.581
167.000,-6.783,1.746,3.548,-1.386,0.574
167.097,-6.772,1.750,3.547,-1.380,0.587
167.100,-6.745,1.765,3.545,-1.458,-0.353
167.134,-6.730,1.780,3.543,-1.405,-0.526
167.167,-6.718,1.798,3.541,-1.251,-0.538
167.200,-6.714,1.808,3.540,-0.811,-0.423
167.343,-6.711,1.818,3.538,-0.565,-0.277
167.367,-6.725,1.906,3.529,0.151,-1.492
167.400,-6.731,1.916,3.528,0.265,-1.476
167.524,-6.739,1.925,3.527,0.319,-1.466
167.534,-6.802,1.968,3.522,1.265,-0.806
167.567,-6.828,1.975,3.520,1.300,-0.748
167.600,-6.841,1.978,3.519,1.349,-0.656
167.741,-6.854,1.979,3.519,1.372,-0.606
167.767,-6.949,1.955,3.519,1.479,0.247
167.800,-6.958,1.948,3.519,1.474,0.277
167.936,-6.966,1.940,3.518,1.473,0.286
167.967,-6.994,1.864,3.515,0.654,1.350
168.000,-6.992,1.853,3.514,0.726,1.313
168.086,-6.990,1.843,3.513,0.800,1.269
168.100,-6.969,1.805,3.510,-0.129,1.494
168.134,-6.953,1.789,3.509,0.027,1.500
168.167,-6.933,1.775,3.507,0.241,1.480
168.200,-6.922,1.770,3.507,0.451,1.303
168.358,-6.910,1.765,3.506,0.591,1.051
168.367,-6.808,1.763,3.501,-1.498,0.082
168.400,-6.795,1.767,3.500,-1.495,0.126
168.554,-6.782,1.772,3.500,-1.484,0.218
168.567,-6.696,1.850,3.498,-0.995,-1.122
168.600,-6.688,1.863,3.498,-0.952,-1.159
168.758,-6.681,1.876,3.498,-0.903,-1.198
168.768,-6.655,1.981,3.506,-0.288,-1.472
168.800,-6.656,1.992,3.507,-0.164,-1.491
168.957,-6.658,2.003,3.508,-0.027,-1.500
168.968,-6.703,2.058,3.511,1.075,-1.046
169.000,-6.712,2.060,3.510,1.197,-0.904
169.131,-6.720,2.061,3.509,1.286,-0.772
169.134,-6.758,2.054,3.507,1.498,0.075
169.167,-6.794,2.030,3.505,1.410,0.511
169.200,-6.802,2.022,3.505,1.409,0.514
169.354,-6.810,2.013,3.505,1.415,0.498
169.367,-6.840,1.918,3.504,0.719,1.316
169.400,-6.839,1.906,3.504,0.812,1.261
169.552,-6.837,1.893,3.504,0.911,1.192
169.567,-6.787,1.815,3.503,-0.304,1.469
169.600,-6.777,1.808,3.502,-0.079,1.498
169.749,-6.766,1.803,3.501,0.196,1.487
169.767,-6.665,1.800,3.493,-1.434,0.439
169.800,-6.652,1.804,3.492,-1.351,0.652
169.934,-6.639,1.810,3.491,-0.939,0.938
169.967,-6.556,1.890,3.483,-0.844,-1.240
170.000,-6.549,1.903,3.482,-0.587,-1.380
170.128,-6.542,1.917,3.481,-0.071,-1.363
170.134,-6.527,2.004,3.481,0.064,-1.499
170.167,-6.530,2.032,3.482,0.402,-1.445
170.200,-6.533,2.046,3.482,0.652,-1.351
170.338,-6.537,2.059,3.483,0.947,-1.163
170.367,-6.591,2.133,3.490,1.224,-0.867
170.400,-6.599,2.138,3.491,1.300,-0.747
170.530,-6.607,2.142,3.492,1.373,-0.604
170.534,-6.642,2.146,3.497,1.500,-0.030
170.567,-6.657,2.136,3.499,1.495,0.121
170.600,-6.662,2.124,3.499,1.478,0.253
170.742,-6.662,2.124,3.499,1.478,0.253
170.767,-6.645,2.056,3.497,0.242,1.480
170.800,-6.638,2.047,3.496,0.426,1.438
170.956,-6.620,2.027,3.495,0.840,1.243
170.967,-6.530,1.970,3.492,-1.103,1.017
171.000,-6.514,1.965,3.492,-1.013,1.107
171.114,-6.498,1.960,3.492,-0.836,1.245
171.134,-6.401,1.951,3.496,-1.334,0.687
171.167,-6.370,1.956,3.497,-0.919,1.072
171.200,-6.356,1.959,3.498,-0.120,0.952
171.355,-6.342,1.964,3.499,0.474,0.870
171.367,-6.265,2.032,3.500,-0.974,-1.141
171.400,-6.260,2.044,3.500,-0.856,-1.232
171.515,-6.256,2.056,3.499,-0.662,-1.346
171.534,-6.255,2.139,3.498,0.236,-1.481
171.567,-6.263,2.168,3.498,0.761,-1.292
171.600,-6.268,2.182,3.498,1.035,-1.086
171.736,-6.275,2.196,3.499,1.272,-0.795
171.767,-6.345,2.280,3.508,1.223,-0.869
171.800,-6.363,2.292,3.511,1.350,-0.654
171.911,-6.363,2.292,3.511,1.350,-0.654
171.934,-6.408,2.303,3.519,1.479,-0.250
171.967,-6.416,2.299,3.521,1.499,-0.051
172.000,-6.419,2.296,3.521,1.499,0.042
172.113,-6.421,2.291,3.521,1.496,0.106
172.135,-6.409,2.253,3.516,0.972,1.142
172.167,-6.397,2.236,3.513,1.163,0.948
172.200,-6.389,2.227,3.512,1.221,0.872
172.325,-6.379,2.219,3.510,1.300,0.749
172.334,-6.303,2.170,3.502,-1.116,1.002
172.367,-6.271,2.157,3.500,-0.888,1.209
172.400,-6.254,2.152,3.499,-0.662,1.346
172.554,-6.236,2.148,3.498,-0.184,1.489
172.567,-6.084,2.146,3.497,-1.496,0.103
172.600,-6.066,2.150,3.497,-1.492,0.151
172.751,-6.031,2.161,3.498,-1.456,0.360
172.767,-5.936,2.227,3.496,-1.170,-0.939
172.800,-5.926,2.239,3.495,-1.073,-1.048
172.956,-5.910,2.263,3.494,-0.231,-0.971
172.967,-5.890,2.345,3.491,0.122,-1.495
173.000,-5.891,2.355,3.490,0.295,-1.471
173.154,-5.897,2.372,3.489,0.816,-1.259
173.167,-5.944,2.406,3.484,1.342,-0.670
173.200,-5.953,2.406,3.483,1.395,-0.551
173.334,-5.971,2.404,3.481,1.472,-0.290
173.367,-6.030,2.363,3.479,1.391,0.562
173.400,-6.036,2.354,3.478,1.395,0.552
173.517,-6.042,2.344,3.478,1.406,0.522
173.534,-6.056,2.275,3.479,0.809,1.263
173.567,-6.053,2.251,3.480,0.951,1.160
173.600,-6.050,2.240,3.480,1.023,1.097
173.719,-6.045,2.229,3.481,1.118,1.000
173.734,-5.999,2.174,3.481,-0.468,1.425
173.767,-5.976,2.163,3.480,-0.071,1.498
173.800,-5.964,2.159,3.480,0.195,1.487
173.952,-5.951,2.155,3.479,0.560,1.392
173.967,-5.835,2.168,3.471,-1.485,0.212
174.000,-5.820,2.174,3.470,-1.335,0.420
174.153,-5.806,2.182,3.469,-0.356,0.483
174.167,-5.709,2.277,3.463,-0.838,-1.244
174.201,-5.693,2.306,3.463,-0.531,-1.403
174.345,-5.686,2.322,3.463,-0.174,-1.490
174.367,-5.664,2.426,3.468,0.082,-1.498
174.400,-5.665,2.439,3.470,0.319,-1.466
174.554,-5.669,2.463,3.472,0.958,-1.154
174.567,-5.705,2.519,3.477,1.174,-0.933
174.600,-5.712,2.522,3.477,1.297,-0.753
174.703,-5.726,2.527,3.478,1.452,-0.377
174.734,-5.760,2.518,3.481,1.479,0.251
174.767,-5.771,2.508,3.482,1.471,0.295
174.800,-5.775,2.501,3.483,1.464,0.326
174.930,-5.779,2.494,3.483,1.464,0.325
174.934,-5.786,2.458,3.485,0.751,1.299
174.967,-5.776,2.417,3.487,0.734,1.308
175.000,-5.772,2.406,3.488,0.866,1.225
175.140,-5.766,2.396,3.488,1.026,1.094
175.167,-5.684,2.333,3.490,-0.804,1.266
175.200,-5.656,2.325,3.490,-0.366,1.455
175.348,-5.642,2.323,3.490,0.096,1.497
175.367,-5.535,2.335,3.490,-1.495,0.122
175.400,-5.520,2.341,3.490,-1.300,0.297
175.534,-5.506,2.348,3.490,-0.332,0.376
175.567,-5.418,2.436,3.487,-0.772,-1.286
175.600,-5.412,2.449,3.486,-0.421,-1.440
175.756,-5.406,2.463,3.486,0.230,-1.037
175.767,-5.398,2.571,3.489,0.265,-1.476
175.800,-5.401,2.583,3.489,0.433,-1.436
175.956,-5.405,2.594,3.490,0.620,-1.366
175.967,-5.458,2.648,3.494,1.251,-0.828
176.000,-5.466,2.650,3.495,1.309,-0.733
176.150,-5.474,2.651,3.495,1.364,-0.623
176.167,-5.527,2.622,3.498,1.474,0.279
176.200,-5.531,2.615,3.498,1.468,0.308
176.349,-5.536,2.597,3.498,1.461,0.338
176.367,-5.525,2.519,3.497,0.295,1.471
176.400,-5.519,2.507,3.496,0.449,1.431
176.544,-5.512,2.496,3.496,0.655,1.349
176.567,-5.422,2.420,3.494,-0.534,1.402
176.600,-5.408,2.413,3.494,-0.334,1.462
176.740,-5.393,2.408,3.494,0.013,1.500
176.767,-5.272,2.401,3.493,-1.446,0.397
176.800,-5.259,2.404,3.493,-1.409,0.514
176.918,-5.233,2.415,3.493,-0.502,0.730
176.934,-5.182,2.459,3.490,-1.077,-1.044
176.967,-5.168,2.482,3.488,-0.814,-1.260
177.000,-5.162,2.494,3.487,-0.269,-1.354
177.141,-5.158,2.507,3.486,0.399,-0.810
177.167,-5.160,2.611,3.486,0.422,-1.439
177.200,-5.164,2.623,3.487,0.611,-1.370
177.352,-5.170,2.634,3.487,0.838,-1.244
177.367,-5.231,2.688,3.493,1.323,-0.706
177.400,-5.240,2.690,3.493,1.371,-0.608
177.552,-5.249,2.691,3.494,1.415,-0.499
177.567,-5.301,2.663,3.497,1.385,0.576
177.600,-5.307,2.647,3.497,1.397,0.545
177.740,-5.307,2.647,3.497,1.397,0.545
177.767,-5.290,2.564,3.496,0.346,1.460
177.800,-5.283,2.553,3.495,0.507,1.412
177.942,-5.266,2.532,3.495,0.875,1.218
177.967,-5.179,2.480,3.492,-0.044,1.499
178.000,-5.165,2.475,3.491,0.273,1.475
178.126,-5.134,2.470,3.490,0.924,1.182
178.134,-5.056,2.475,3.487,-1.499,0.058
178.167,-5.026,2.485,3.486,-1.488,0.186
178.200,-5.011,2.491,3.486,-0.943,0.314
178.337,-4.983,2.507,3.485,0.386,0.373
178.367,-4.906,2.589,3.482,-0.887,-1.210
178.400,-4.892,2.617,3.483,-0.251,-1.479
178.546,-4.886,2.631,3.483,0.392,-1.062
178.568,-4.870,2.724,3.491,0.369,-1.454
178.600,-4.874,2.747,3.494,0.879,-1.215
178.742,-4.877,2.757,3.495,1.146,-0.968
178.767,-4.912,2.801,3.504,1.299,-0.749
178.800,-4.924,2.804,3.506,1.434,-0.441
178.942,-4.924,2.804,3.506,1.434,-0.441
178.968,-4.962,2.777,3.513,1.390,0.565
179.000,-4.965,2.769,3.513,1.398,0.543
179.143,-4.966,2.752,3.514,1.419,0.485
179.168,-4.940,2.679,3.515,0.272,1.475
179.200,-4.923,2.658,3.515,0.671,1.342
179.318,-4.913,2.648,3.515,0.908,1.194
179.334,-4.850,2.606,3.514,-1.061,1.060
179.367,-4.819,2.595,3.513,-0.802,1.267
179.400,-4.804,2.591,3.512,-0.566,1.389
179.533,-4.788,2.587,3.512,-0.092,1.497
179.535,-4.755,2.584,3.512,-1.036,1.084
179.567,-4.662,2.599,3.511,-1.498,-0.071
179.600,-4.648,2.605,3.511,-1.500,-0.006
179.721,-4.635,2.612,3.511,-1.176,0.153
179.734,-4.577,2.673,3.505,-1.035,-1.085
179.767,-4.565,2.699,3.502,-0.453,-1.377
179.800,-4.561,2.712,3.501,0.343,-0.926
179.923,-4.559,2.725,3.500,0.835,-0.522
179.934,-4.565,2.800,3.496,0.510,-1.411
179.967,-4.575,2.822,3.496,1.001,-1.117
