t,x,y,z,cmd_vx,cmd_vy
0.000,4.091,1.087,4.340,-0.682,1.336
0.153,4.091,1.087,4.303,-0.682,1.336
0.167,4.091,1.087,3.863,-0.682,1.336
0.200,4.091,1.087,3.791,-0.682,1.336
0.345,4.091,1.087,3.718,-0.682,1.336
0.367,4.089,1.092,3.162,-0.683,1.336
0.400,4.088,1.094,3.097,-0.683,1.336
0.506,4.085,1.099,2.971,-0.683,1.336
0.534,4.071,1.126,2.671,-0.683,1.336
0.567,4.063,1.143,2.559,-0.683,1.336
0.600,4.058,1.152,2.504,-0.683,1.336
0.736,4.052,1.163,2.450,-0.683,1.336
0.767,3.994,1.277,2.052,0.680,-1.337
0.800,3.985,1.295,2.006,0.679,-1.337
0.951,3.975,1.314,1.961,0.048,-0.100
0.967,3.894,1.477,1.633,0.670,-1.342
1.000,3.884,1.497,1.596,0.666,-1.344
1.139,3.874,1.518,1.560,0.658,-1.348
1.167,3.818,1.654,1.311,0.488,-1.418
1.200,3.814,1.667,1.285,0.417,-1.441
1.333,3.809,1.690,1.234,-0.342,-0.085
1.334,3.808,1.708,1.187,-0.624,-1.195
1.368,3.817,1.733,1.086,-1.348,0.658
1.400,3.821,1.735,1.069,-1.138,0.977
1.551,3.826,1.736,1.052,-0.985,1.131
1.567,3.871,1.711,0.941,-1.001,1.117
1.600,3.876,1.706,0.931,-0.951,1.160
1.748,3.881,1.700,0.922,-0.903,1.198
1.767,3.890,1.661,0.880,-0.540,1.399
1.800,3.887,1.658,0.878,-0.564,1.390
1.951,3.884,1.657,0.876,-0.597,1.376
1.967,3.825,1.676,0.867,1.318,0.717
2.000,3.815,1.683,0.867,0.962,1.151
2.143,3.793,1.700,0.866,0.049,1.499
2.167,3.711,1.789,0.875,1.182,-0.924
2.200,3.700,1.805,0.877,1.284,-0.775
2.331,3.690,1.822,0.880,1.319,-0.208
2.334,3.642,1.928,0.902,0.762,-1.292
2.367,3.632,1.963,0.911,0.720,-1.316
2.400,3.629,1.980,0.916,0.422,-0.856
2.545,3.627,1.997,0.921,-0.122,0.190
2.567,3.642,2.105,0.956,-0.918,-1.186
2.600,3.648,2.114,0.960,-1.298,-0.752
2.753,3.655,2.123,0.964,-1.500,0.016
2.767,3.723,2.149,0.994,-1.493,0.142
2.800,3.732,2.148,0.998,-1.437,0.430
2.956,3.741,2.145,1.002,-1.335,0.684
2.967,3.786,2.095,1.037,-0.919,1.185
3.000,3.788,2.087,1.041,-0.889,1.208
3.106,3.788,2.069,1.050,-0.835,1.246
3.134,3.770,2.026,1.072,-0.120,1.495
3.167,3.755,2.012,1.081,-0.274,1.475
3.200,3.747,2.005,1.085,-0.337,1.462
3.351,3.737,2.000,1.089,-0.424,1.439
3.367,3.641,1.990,1.117,1.274,0.791
3.400,3.627,1.993,1.121,1.107,1.012
3.513,3.614,1.998,1.124,0.811,1.262
3.534,3.536,2.048,1.144,1.397,0.545
3.567,3.513,2.072,1.151,0.802,1.268
3.600,3.503,2.085,1.154,0.392,1.448
3.750,3.493,2.099,1.158,-0.015,1.500
3.767,3.449,2.229,1.187,0.331,-1.463
3.800,3.448,2.247,1.191,0.239,-1.481
3.914,3.448,2.266,1.195,0.037,-1.500
3.934,3.467,2.380,1.223,-0.459,-1.428
3.967,3.480,2.417,1.234,-0.860,-1.229
4.000,3.487,2.436,1.239,-1.172,-0.936
4.137,3.495,2.454,1.245,-1.466,-0.317
4.167,3.562,2.573,1.298,-1.104,-1.016
4.200,3.570,2.584,1.305,-1.229,-0.860
4.287,3.577,2.594,1.312,-1.374,-0.601
4.300,3.598,2.624,1.337,-1.263,-0.809
4.334,3.603,2.633,1.349,-1.476,-0.269
4.367,3.605,2.638,1.359,-1.427,0.464
4.400,3.605,2.639,1.363,-1.304,0.741
4.545,3.603,2.639,1.367,-1.178,0.929
4.567,3.550,2.613,1.394,0.696,1.329
4.600,3.539,2.607,1.397,0.483,1.420
4.748,3.526,2.601,1.399,0.215,1.484
4.767,3.396,2.563,1.430,1.258,0.817
4.800,3.378,2.561,1.435,1.169,0.940
4.939,3.360,2.559,1.440,1.013,1.106
4.967,3.234,2.578,1.482,1.488,0.190
5.000,3.222,2.584,1.486,1.452,0.378
5.131,3.210,2.591,1.491,1.337,0.681
5.134,3.183,2.617,1.502,1.328,-0.697
5.167,3.158,2.670,1.517,1.066,-1.055
5.200,3.157,2.682,1.520,0.947,-0.721
5.345,3.157,2.694,1.523,0.382,0.086
5.367,3.195,2.785,1.546,-1.075,-1.047
5.400,3.204,2.794,1.549,-1.244,-0.838
5.518,3.214,2.802,1.552,-1.419,-0.486
5.534,3.288,2.834,1.574,-1.475,-0.275
5.567,3.315,2.837,1.583,-1.499,0.050
5.600,3.328,2.836,1.588,-1.478,0.255
5.744,3.341,2.835,1.592,-1.423,0.475
5.767,3.422,2.797,1.631,-1.254,0.824
5.800,3.428,2.790,1.636,-1.208,0.890
5.936,3.433,2.782,1.640,-1.158,0.953
5.967,3.434,2.725,1.676,-0.600,1.375
6.000,3.429,2.720,1.680,-0.600,1.375
6.124,3.423,2.715,1.684,-0.625,1.363
6.134,3.368,2.702,1.704,1.085,1.036
6.167,3.344,2.706,1.710,0.740,1.305
6.200,3.331,2.709,1.713,0.515,1.409
6.323,3.317,2.713,1.716,0.215,1.485
6.334,3.231,2.760,1.733,1.408,-0.517
6.367,3.204,2.784,1.739,1.479,-0.248
6.400,3.192,2.797,1.742,1.500,0.031
6.536,3.180,2.811,1.745,1.235,0.581
6.567,3.114,2.942,1.772,0.860,-1.229
6.600,3.111,2.958,1.775,0.864,-1.226
6.703,3.108,2.975,1.779,0.917,-1.187
6.734,3.116,3.065,1.800,-0.196,-1.487
6.767,3.126,3.089,1.807,-0.656,-1.349
6.800,3.132,3.100,1.810,-1.000,-0.768
6.935,3.140,3.110,1.813,-0.999,-0.020
6.967,3.218,3.153,1.839,-1.484,-0.218
7.000,3.228,3.153,1.842,-1.500,-0.033
7.119,3.248,3.151,1.849,-1.441,0.418
7.134,3.288,3.129,1.869,-1.226,0.865
7.167,3.299,3.115,1.877,-1.106,1.013
7.200,3.302,3.108,1.881,-1.040,1.081
7.345,3.307,3.092,1.889,-0.929,1.178
7.367,3.289,3.038,1.919,0.035,1.500
7.400,3.283,3.031,1.923,-0.055,1.499
7.520,3.275,3.026,1.927,-0.173,1.490
7.534,3.213,3.012,1.949,1.184,0.920
7.567,3.187,3.015,1.955,0.912,1.191
7.600,3.174,3.018,1.958,0.721,1.315
7.742,3.161,3.023,1.961,0.429,1.437
7.767,3.063,3.096,1.986,1.351,-0.651
7.800,3.053,3.109,1.989,1.414,-0.501
7.945,3.044,3.123,1.993,1.484,-0.218
7.967,3.009,3.255,2.017,0.259,-1.478
8.000,3.009,3.272,2.021,0.190,-1.488
8.124,3.011,3.289,2.024,0.066,-1.499
8.134,3.040,3.377,2.044,-0.666,-1.344
8.167,3.057,3.400,2.051,-0.937,-1.171
8.200,3.066,3.410,2.054,-1.149,-0.964
8.343,3.076,3.419,2.057,-1.383,-0.581
8.367,3.157,3.451,2.085,-1.500,-0.018
8.400,3.166,3.450,2.088,-1.492,0.153
8.540,3.174,3.447,2.092,-1.459,0.349
8.567,3.209,3.399,2.118,-0.965,1.148
8.600,3.209,3.391,2.120,-0.915,1.189
8.692,3.207,3.382,2.123,-0.880,1.215
8.700,3.191,3.345,2.136,-0.286,1.472
8.734,3.176,3.328,2.142,-0.289,1.472
8.767,3.158,3.312,2.148,-0.327,1.464
8.800,3.147,3.305,2.152,-0.334,1.462
8.907,3.136,3.299,2.155,-0.403,1.445
8.934,3.056,3.281,2.174,1.152,0.960
8.967,3.027,3.283,2.181,0.820,1.256
9.000,3.012,3.286,2.184,0.626,1.363
9.101,2.998,3.289,2.187,0.343,1.460
9.134,2.915,3.334,2.207,1.491,-0.160
9.167,2.892,3.357,2.213,1.439,0.424
9.200,2.882,3.370,2.217,1.099,0.917
9.319,2.872,3.383,2.220,0.574,1.209
9.334,2.833,3.478,2.237,0.523,-1.406
9.367,2.828,3.512,2.242,0.479,-1.421
9.400,2.827,3.529,2.245,0.345,-1.155
9.519,2.827,3.547,2.248,0.030,-0.252
9.534,2.849,3.646,2.271,-0.588,-1.380
9.567,2.863,3.676,2.279,-0.896,-1.203
9.600,2.871,3.689,2.284,-1.209,-0.887
9.732,2.879,3.702,2.288,-1.410,-0.278
9.734,2.888,3.714,2.293,-1.368,-0.615
9.767,2.954,3.770,2.328,-1.437,-0.429
9.800,2.963,3.774,2.333,-1.492,-0.159
9.912,2.971,3.777,2.338,-1.489,0.185
9.934,3.003,3.775,2.366,-1.313,0.725
9.967,3.006,3.768,2.374,-1.102,1.018
10.000,3.006,3.763,2.377,-0.987,1.129
10.065,3.005,3.758,2.381,-0.896,1.203
10.067,2.995,3.740,2.392,-0.222,1.483
10.100,2.989,3.733,2.396,-0.254,1.478
10.134,2.975,3.720,2.404,-0.303,1.469
10.167,2.957,3.708,2.412,-0.301,1.469
10.200,2.946,3.703,2.416,-0.291,1.472
10.279,2.935,3.698,2.420,-0.347,1.459
10.300,2.884,3.685,2.437,1.206,0.892
10.334,2.856,3.684,2.445,0.942,1.167
10.367,2.827,3.687,2.454,0.596,1.376
10.400,2.812,3.690,2.458,0.448,1.432
10.492,2.798,3.694,2.462,0.218,1.484
10.500,2.743,3.721,2.479,1.492,0.151
10.534,2.719,3.740,2.487,1.362,0.629
10.567,2.698,3.764,2.495,0.779,1.143
10.600,2.688,3.777,2.498,0.497,1.206
10.701,2.680,3.790,2.502,0.198,1.381
10.734,2.648,3.886,2.521,0.549,-1.396
10.767,2.646,3.922,2.527,0.475,-1.324
10.800,2.646,3.941,2.531,0.145,-0.485
10.917,2.647,3.959,2.534,-0.071,0.185
10.934,2.675,4.073,2.560,-0.459,-1.428
10.967,2.689,4.110,2.571,-0.629,-1.362
11.000,2.697,4.127,2.576,-0.822,-1.255
11.111,2.706,4.144,2.582,-1.092,-1.028
11.134,2.761,4.228,2.618,-1.107,-1.012
11.167,2.778,4.249,2.630,-1.400,-0.538
11.200,2.787,4.258,2.637,-1.500,-0.021
11.338,2.794,4.266,2.643,-1.419,0.485
11.367,2.830,4.293,2.685,-1.460,0.342
11.400,2.830,4.292,2.690,-1.348,0.658
11.496,2.830,4.291,2.694,-1.192,0.910
11.500,2.811,4.274,2.713,0.233,1.482
11.534,2.804,4.269,2.717,0.108,1.496
11.567,2.786,4.259,2.724,-0.054,1.499
11.600,2.776,4.254,2.728,-0.098,1.497
11.724,2.764,4.249,2.732,-0.197,1.487
11.734,2.681,4.227,2.759,1.336,0.681
11.767,2.650,4.224,2.769,1.199,0.901
11.800,2.634,4.224,2.774,1.087,1.033
11.919,2.619,4.225,2.779,0.900,1.200
11.934,2.532,4.251,2.811,1.483,-0.228
11.967,2.508,4.266,2.821,1.499,0.044
12.000,2.497,4.275,2.826,1.461,0.340
12.135,2.487,4.285,2.830,1.318,0.716
12.167,2.444,4.382,2.862,0.810,-1.262
12.200,2.444,4.395,2.866,0.901,-1.199
12.317,2.444,4.408,2.869,1.009,-0.925
12.334,2.470,4.480,2.891,-0.511,-1.410
12.367,2.487,4.500,2.898,-0.933,-0.611
12.400,2.496,4.509,2.902,-0.926,0.048
12.500,2.506,4.517,2.906,-0.826,0.605
12.534,2.578,4.547,2.933,-1.495,-0.128
12.567,2.602,4.550,2.943,-1.458,0.354
12.600,2.614,4.550,2.949,-1.371,0.609
12.697,2.625,4.549,2.954,-1.233,0.854
12.700,2.664,4.538,2.977,-1.323,0.708
12.734,2.679,4.529,2.989,-1.216,0.878
12.767,2.690,4.520,3.000,-1.049,1.073
12.800,2.693,4.515,3.006,-0.953,1.158
12.886,2.696,4.510,3.012,-0.862,1.228
12.900,2.696,4.494,3.034,-0.537,1.401
12.934,2.690,4.488,3.044,-0.465,1.426
12.967,2.680,4.485,3.054,-0.401,1.445
13.000,2.673,4.484,3.058,-0.370,1.454
13.091,2.665,4.484,3.063,-0.384,1.450
13.100,2.628,4.495,3.078,1.413,0.504
13.134,2.605,4.506,3.085,1.143,0.971
13.167,2.581,4.522,3.091,0.680,1.337
13.200,2.568,4.531,3.094,0.490,1.418
13.299,2.543,4.553,3.101,0.125,1.495
13.300,2.531,4.566,3.104,1.378,-0.593
13.334,2.483,4.624,3.118,1.159,-0.953
13.367,2.462,4.658,3.126,1.312,-0.727
13.400,2.453,4.676,3.130,1.431,-0.336
13.535,2.445,4.695,3.134,0.883,0.312
13.567,2.412,4.847,3.169,0.334,-1.462
13.600,2.413,4.864,3.173,0.304,-1.469
13.734,2.414,4.881,3.178,0.166,-0.928
13.767,2.460,4.987,3.208,-0.872,-1.220
13.800,2.469,4.996,3.212,-1.113,-1.006
13.923,2.478,5.004,3.215,-1.373,-0.604
13.934,2.541,5.027,3.235,-1.497,-0.098
13.967,2.561,5.026,3.242,-1.470,0.296
14.000,2.571,5.024,3.246,-1.401,0.536
14.143,2.588,5.017,3.254,-1.150,0.963
14.167,2.623,4.968,3.280,-0.744,1.303
14.200,2.624,4.959,3.284,-0.697,1.328
14.333,2.624,4.950,3.288,-0.658,1.348
14.334,2.623,4.942,3.292,-0.322,1.465
14.367,2.587,4.890,3.320,0.303,1.469
14.400,2.578,4.885,3.324,0.229,1.482
14.535,2.568,4.881,3.327,0.120,1.495
14.567,2.478,4.883,3.353,1.375,0.600
14.600,2.466,4.888,3.356,1.272,0.795
14.717,2.443,4.902,3.361,0.870,1.222
14.734,2.393,4.954,3.374,1.307,-0.736
14.767,2.378,4.980,3.378,1.467,-0.315
14.800,2.371,4.994,3.380,1.343,0.114
14.922,2.366,5.009,3.382,0.828,0.633
14.934,2.354,5.104,3.395,0.146,-1.493
14.967,2.358,5.135,3.399,0.053,-1.499
15.000,2.362,5.150,3.401,-0.087,-1.497
15.094,2.367,5.164,3.403,-0.221,-0.747
15.100,2.396,5.215,3.410,-0.693,-1.330
15.134,2.414,5.236,3.414,-1.201,-0.899
15.167,2.435,5.253,3.417,-1.222,0.225
15.200,2.446,5.260,3.419,-1.176,0.784
15.305,2.457,5.266,3.421,-0.998,1.120
15.334,2.521,5.280,3.438,-1.484,0.216
15.367,2.538,5.278,3.444,-1.366,0.619
15.400,2.546,5.276,3.448,-1.256,0.819
15.485,2.553,5.273,3.451,-1.119,0.999
15.500,2.570,5.261,3.464,-1.096,1.024
15.534,2.573,5.254,3.470,-0.881,1.214
15.567,2.571,5.249,3.476,-0.686,1.334
15.600,2.569,5.247,3.479,-0.606,1.372
15.715,2.566,5.245,3.481,-0.561,1.391
15.734,2.526,5.247,3.492,1.271,0.797
15.767,2.506,5.255,3.494,0.862,1.228
15.800,2.495,5.260,3.495,0.633,1.360
15.903,2.484,5.266,3.496,0.352,1.458
15.934,2.410,5.323,3.500,1.449,-0.389
15.967,2.387,5.349,3.501,1.485,0.211
16.000,2.376,5.363,3.501,1.191,0.727
16.088,2.366,5.378,3.502,0.721,1.086
16.100,2.331,5.445,3.504,0.803,-1.267
16.134,2.320,5.480,3.505,0.903,-1.197
16.167,2.312,5.516,3.506,0.660,-0.452
16.200,2.310,5.534,3.507,0.344,0.190
16.281,2.309,5.569,3.509,-0.045,0.916
16.300,2.315,5.619,3.511,-0.341,-1.461
16.334,2.323,5.649,3.514,-0.648,-0.696
16.367,2.336,5.676,3.516,-0.686,0.357
16.400,2.343,5.688,3.517,-0.732,0.828
16.521,2.350,5.699,3.519,-0.681,1.173
16.534,2.403,5.749,3.532,-1.395,-0.551
16.567,2.421,5.759,3.538,-1.497,-0.090
16.600,2.429,5.763,3.541,-1.482,0.233
16.740,2.437,5.767,3.545,-1.374,0.602
16.767,2.473,5.783,3.570,-1.411,0.508
16.800,2.473,5.784,3.573,-1.282,0.779
16.956,2.473,5.785,3.576,-1.114,1.004
16.967,2.432,5.792,3.588,1.332,0.690
17.000,2.422,5.793,3.589,1.139,0.976
17.151,2.411,5.795,3.589,0.829,1.250
17.167,2.295,5.821,3.600,1.499,0.047
17.200,2.279,5.826,3.602,1.481,0.239
17.351,2.263,5.831,3.604,1.420,0.483
17.367,2.152,5.888,3.624,1.454,-0.368
17.400,2.142,5.896,3.626,1.487,-0.199
17.522,2.133,5.904,3.628,1.497,0.090
17.534,2.101,5.952,3.633,1.080,-1.041
17.567,2.099,5.967,3.634,1.335,-0.684
17.600,2.100,5.974,3.633,0.992,0.094
17.693,2.102,5.980,3.633,0.602,0.679
17.700,2.120,6.000,3.628,-1.266,-0.805
17.734,2.136,6.006,3.625,-1.181,0.480
17.767,2.155,6.010,3.622,-0.909,1.193
17.800,2.166,6.011,3.620,-0.789,1.276
17.951,2.178,6.010,3.619,-0.637,1.358
17.967,2.286,5.990,3.620,-1.352,0.650
18.000,2.298,5.986,3.621,-1.301,0.747
18.142,2.323,5.980,3.625,-1.139,0.976
18.167,2.382,5.973,3.635,-1.290,0.766
18.200,2.387,5.974,3.635,-1.212,0.884
18.354,2.390,5.977,3.635,-1.106,1.014
18.367,2.380,6.020,3.625,0.448,-1.061
18.400,2.374,6.028,3.622,0.222,-0.231
18.551,2.359,6.046,3.617,-0.087,0.825
18.568,2.278,6.121,3.605,1.315,-0.721
18.600,2.264,6.132,3.604,1.402,-0.534
18.750,2.250,6.142,3.604,1.492,-0.151
18.767,2.149,6.204,3.611,1.431,-0.449
18.800,2.139,6.209,3.612,1.484,-0.216
18.961,2.130,6.213,3.613,1.496,0.110
18.967,2.092,6.217,3.612,1.222,0.870
19.000,2.091,6.212,3.609,1.005,1.114
19.157,2.092,6.209,3.608,0.756,1.295
19.167,2.139,6.170,3.593,-0.903,1.198
19.200,2.150,6.165,3.591,-0.851,1.236
19.358,2.162,6.160,3.589,-0.774,1.285
19.367,2.277,6.143,3.580,-1.424,0.472
19.400,2.292,6.145,3.580,-1.396,0.550
19.544,2.307,6.147,3.580,-1.346,0.661
19.567,2.407,6.199,3.576,-1.485,-0.210
19.600,2.415,6.208,3.575,-1.499,-0.044
19.737,2.423,6.218,3.573,-1.486,0.205
19.767,2.443,6.309,3.560,-0.890,-1.208
19.800,2.440,6.321,3.558,-1.056,-1.065
19.911,2.437,6.332,3.556,-1.332,-0.690
19.934,2.392,6.389,3.544,0.846,-1.239
19.967,2.370,6.403,3.540,0.642,-0.232
20.000,2.358,6.409,3.538,0.423,0.470
20.140,2.345,6.414,3.536,0.153,0.915
20.167,2.230,6.420,3.530,1.471,0.292
20.200,2.215,6.417,3.531,1.407,0.519
20.345,2.202,6.413,3.531,1.270,0.798
20.367,2.119,6.372,3.541,1.090,1.031
20.400,2.112,6.366,3.542,0.952,1.159
20.551,2.107,6.361,3.543,0.780,1.281
20.567,2.101,6.334,3.550,0.261,1.477
20.600,2.105,6.334,3.550,0.137,1.494
20.753,2.110,6.334,3.550,0.046,1.499
20.767,2.177,6.367,3.542,-1.496,-0.109
20.800,2.200,6.385,3.539,-1.460,0.345
20.953,2.211,6.396,3.538,-1.346,0.662
20.967,2.292,6.493,3.534,-1.175,-0.933
21.000,2.302,6.509,3.534,-1.278,-0.785
21.121,2.311,6.525,3.534,-1.394,-0.555
21.134,2.350,6.621,3.540,-0.874,-1.219
21.167,2.356,6.650,3.543,-1.098,-1.022
21.200,2.357,6.663,3.544,-1.319,-0.715
21.338,2.358,6.676,3.544,-1.492,-0.157
21.367,2.325,6.743,3.541,1.078,-1.043
21.400,2.317,6.747,3.539,1.108,-0.592
21.513,2.308,6.749,3.538,0.626,0.170
21.534,2.239,6.742,3.526,1.296,0.755
21.567,2.213,6.732,3.524,0.963,1.150
21.600,2.187,6.717,3.522,0.577,1.384
21.736,2.187,6.717,3.522,0.577,1.384
21.767,2.104,6.640,3.528,0.846,1.239
21.800,2.098,6.631,3.530,0.753,1.297
21.932,2.092,6.622,3.531,0.639,1.357
21.935,2.078,6.586,3.538,0.393,1.448
21.967,2.081,6.575,3.540,0.176,1.490
22.000,2.084,6.573,3.539,0.077,1.498
22.124,2.088,6.572,3.539,0.002,1.500
22.134,2.124,6.592,3.531,-1.498,0.083
22.167,2.140,6.607,3.527,-1.385,0.575
22.200,2.149,6.617,3.525,-1.265,0.806
22.343,2.157,6.628,3.523,-1.066,1.056
22.367,2.223,6.744,3.512,-0.944,-1.166
22.400,2.230,6.761,3.512,-1.042,-1.079
22.544,2.235,6.779,3.512,-1.203,-0.895
22.567,2.246,6.918,3.516,-0.271,-1.475
22.600,2.243,6.934,3.517,-0.345,-1.460
22.746,2.239,6.949,3.517,-0.496,-1.416
22.767,2.180,7.041,3.517,0.852,-1.234
22.800,2.170,7.048,3.517,1.008,-1.111
22.934,2.160,7.054,3.516,1.071,-0.726
22.967,2.074,7.061,3.512,1.428,0.459
23.000,2.065,7.057,3.511,1.253,0.824
23.117,2.056,7.052,3.511,0.966,1.148
23.134,2.019,7.004,3.507,0.823,1.254
23.167,2.015,6.984,3.507,0.549,1.396
23.200,2.014,6.973,3.506,0.400,1.446
23.338,2.014,6.963,3.506,0.270,1.476
23.367,2.052,6.892,3.507,-0.606,1.372
23.400,2.060,6.886,3.507,-0.581,1.383
23.517,2.078,6.877,3.507,-0.518,1.408
23.534,2.130,6.874,3.507,-1.402,0.533
23.567,2.150,6.881,3.506,-1.271,0.796
23.600,2.160,6.886,3.506,-1.184,0.921
23.742,2.170,6.892,3.506,-1.049,1.072
23.767,2.223,6.973,3.501,-1.279,-0.784
23.800,2.226,6.986,3.500,-1.403,-0.532
23.912,2.227,7.000,3.499,-1.499,-0.057
23.934,2.216,7.090,3.493,-0.066,-1.499
23.967,2.203,7.119,3.492,-0.205,-1.486
24.000,2.195,7.133,3.491,-0.225,-0.615
24.148,2.186,7.147,3.491,-0.292,0.155
24.167,2.089,7.230,3.486,1.284,-0.775
24.200,2.075,7.237,3.485,1.358,-0.638
24.310,2.061,7.242,3.485,1.446,-0.399
24.334,1.977,7.251,3.486,1.492,0.154
24.367,1.952,7.246,3.487,1.345,0.664
24.400,1.941,7.242,3.487,1.116,1.003
24.514,1.930,7.238,3.488,0.853,1.234
24.534,1.885,7.199,3.492,0.791,1.274
24.567,1.878,7.184,3.494,0.528,1.404
24.600,1.876,7.177,3.495,0.394,1.447
24.730,1.876,7.170,3.496,0.274,1.475
24.734,1.891,7.139,3.502,-0.502,1.414
24.767,1.903,7.134,3.503,-0.465,1.426
24.800,1.910,7.134,3.503,-0.443,1.433
24.901,1.917,7.134,3.504,-0.396,1.447
24.934,1.969,7.158,3.504,-1.404,0.527
24.967,1.986,7.174,3.503,-1.171,0.938
25.000,1.995,7.184,3.503,-1.041,1.079
25.141,2.003,7.195,3.503,-0.849,1.236
25.167,2.046,7.313,3.498,-0.727,-1.312
25.200,2.048,7.330,3.497,-0.828,-1.251
25.293,2.048,7.348,3.497,-1.025,-1.095
25.300,2.041,7.423,3.496,-0.075,-1.498
25.334,2.031,7.461,3.496,-0.077,-1.498
25.367,2.018,7.498,3.497,-0.133,-1.159
25.400,2.010,7.516,3.498,-0.118,-0.327
25.504,2.001,7.533,3.499,-0.169,0.319
25.534,1.939,7.622,3.505,1.064,-1.058
25.567,1.917,7.644,3.509,0.929,-0.107
25.600,1.905,7.653,3.510,0.688,0.527
25.713,1.894,7.662,3.512,0.427,0.950
25.734,1.833,7.692,3.526,1.496,-0.113
25.767,1.817,7.696,3.531,1.401,0.537
25.800,1.811,7.696,3.533,1.130,0.986
25.906,1.805,7.696,3.536,0.814,1.260
25.934,1.787,7.689,3.550,0.461,1.428
25.967,1.790,7.686,3.554,0.174,1.490
26.000,1.792,7.684,3.555,0.065,1.499
26.109,1.796,7.683,3.557,0.001,1.500
26.134,1.836,7.686,3.567,-1.037,1.084
26.167,1.855,7.692,3.569,-0.815,1.259
26.200,1.864,7.697,3.570,-0.740,1.305
26.318,1.885,7.709,3.572,-0.571,1.387
26.334,1.936,7.755,3.575,-1.400,-0.538
26.367,1.953,7.780,3.576,-1.499,-0.066
26.400,1.961,7.794,3.576,-1.478,0.255
26.497,1.968,7.808,3.576,-1.334,0.685
26.500,1.989,7.873,3.574,-0.785,-1.278
26.534,1.993,7.907,3.573,-0.648,-1.353
26.567,1.993,7.942,3.572,-0.912,-1.191
26.600,1.991,7.960,3.571,-1.021,-0.691
26.749,1.989,7.977,3.571,-0.832,0.084
26.767,1.935,8.092,3.564,0.831,-1.249
26.800,1.924,8.103,3.563,0.959,-1.154
26.949,1.913,8.113,3.562,1.152,-0.961
26.967,1.814,8.152,3.552,1.492,-0.151
27.000,1.801,8.152,3.551,1.498,0.081
27.136,1.789,8.151,3.550,1.445,0.401
27.167,1.719,8.111,3.541,1.081,1.040
27.200,1.714,8.103,3.540,0.967,1.147
27.297,1.711,8.094,3.539,0.831,1.249
27.300,1.707,8.059,3.534,0.234,1.482
27.334,1.712,8.041,3.532,0.011,1.500
27.367,1.722,8.026,3.530,-0.061,1.499
27.400,1.728,8.019,3.529,-0.102,1.497
27.518,1.743,8.006,3.528,-0.151,1.492
27.534,1.791,7.992,3.523,-1.128,0.988
27.567,1.812,7.993,3.521,-0.942,1.167
27.600,1.823,7.995,3.521,-0.851,1.235
27.741,1.834,7.998,3.520,-0.720,1.316
27.767,1.906,8.061,3.513,-1.414,-0.502
27.800,1.913,8.073,3.512,-1.478,-0.255
27.900,1.918,8.085,3.510,-1.492,0.157
27.934,1.928,8.175,3.503,-0.495,-1.416
27.967,1.924,8.207,3.500,-0.779,-1.282
28.000,1.920,8.223,3.499,-0.664,-0.529
28.120,1.914,8.239,3.498,-0.562,0.185
28.134,1.864,8.325,3.492,0.753,-1.297
28.167,1.840,8.347,3.491,1.007,-1.112
28.200,1.828,8.357,3.490,0.934,-0.669
28.286,1.815,8.366,3.490,0.566,0.067
28.301,1.746,8.395,3.489,1.489,-0.179
28.334,1.732,8.398,3.489,1.489,0.182
28.367,1.706,8.400,3.490,1.127,0.990
28.400,1.693,8.399,3.490,0.739,1.305
28.551,1.682,8.398,3.491,0.401,1.445
28.567,1.618,8.364,3.500,0.920,1.185
28.600,1.614,8.359,3.502,0.732,1.309
28.749,1.612,8.353,3.503,0.552,1.395
28.767,1.629,8.332,3.512,-0.559,1.392
28.800,1.635,8.333,3.512,-0.567,1.389
28.955,1.642,8.335,3.512,-0.539,1.400
28.968,1.716,8.389,3.508,-1.486,-0.207
29.000,1.726,8.400,3.507,-1.500,-0.013
29.148,1.746,8.426,3.505,-1.423,0.473
29.167,1.798,8.541,3.503,-0.905,-1.196
29.200,1.803,8.559,3.503,-1.031,-1.090
29.359,1.809,8.595,3.503,-1.335,-0.684
29.367,1.798,8.709,3.505,0.010,-1.500
29.400,1.793,8.723,3.505,-0.080,-1.498
29.555,1.787,8.736,3.505,-0.214,-1.485
29.568,1.714,8.801,3.499,1.156,-0.956
29.600,1.703,8.805,3.498,1.186,-0.919
29.754,1.692,8.807,3.497,1.252,-0.826
29.767,1.611,8.786,3.491,1.174,0.933
29.800,1.603,8.779,3.490,1.032,1.088
29.961,1.596,8.771,3.489,0.836,1.245
29.968,1.573,8.687,3.488,0.272,1.475
30.000,1.575,8.676,3.488,0.142,1.493
30.150,1.578,8.665,3.488,0.002,1.500
30.167,1.634,8.599,3.489,-0.995,1.123
30.200,1.644,8.594,3.489,-0.997,1.120
30.358,1.655,8.591,3.489,-0.989,1.128
30.367,1.741,8.604,3.488,-1.498,-0.072
30.400,1.750,8.610,3.488,-1.500,0.026
30.518,1.759,8.618,3.488,-1.491,0.164
30.534,1.794,8.679,3.486,-1.286,-0.772
30.567,1.798,8.705,3.484,-1.425,-0.468
30.600,1.798,8.717,3.483,-1.478,-0.257
30.759,1.797,8.731,3.483,-1.499,0.044
30.767,1.752,8.827,3.477,0.158,-1.492
30.800,1.741,8.837,3.476,0.039,-1.499
30.921,1.730,8.845,3.475,-0.297,-1.470
30.934,1.644,8.882,3.468,1.413,-0.503
30.967,1.611,8.886,3.466,1.488,-0.186
31.000,1.594,8.887,3.465,1.483,0.225
31.141,1.578,8.887,3.465,0.663,0.618
31.167,1.456,8.853,3.467,1.318,0.716
31.200,1.444,8.845,3.468,1.201,0.898
31.331,1.433,8.838,3.469,0.994,1.123
31.334,1.391,8.796,3.475,0.834,1.247
31.367,1.379,8.772,3.478,0.519,1.407
31.400,1.377,8.765,3.480,0.306,1.468
31.532,1.376,8.752,3.482,-0.153,1.492
31.534,1.379,8.743,3.483,-0.411,1.443
31.567,1.403,8.733,3.484,-0.865,1.225
31.600,1.410,8.734,3.484,-0.913,1.190
31.728,1.417,8.735,3.484,-0.922,1.183
31.734,1.469,8.770,3.483,-1.497,0.093
31.767,1.486,8.789,3.483,-1.469,0.303
31.800,1.494,8.800,3.482,-1.441,0.417
31.907,1.501,8.813,3.482,-1.381,0.584
31.934,1.530,8.899,3.482,-1.084,-1.037
31.967,1.532,8.932,3.482,-1.352,-0.650
32.000,1.532,8.948,3.482,-1.448,-0.393
32.156,1.530,8.964,3.482,-1.500,0.006
32.167,1.480,9.085,3.481,0.505,-1.413
32.200,1.469,9.097,3.481,0.423,-1.439
32.342,1.457,9.109,3.481,0.293,-1.471
32.367,1.339,9.167,3.475,1.313,-0.725
32.400,1.322,9.169,3.475,1.343,-0.668
32.512,1.306,9.171,3.474,1.395,-0.551
32.534,1.219,9.158,3.472,1.399,0.542
32.567,1.195,9.146,3.471,1.159,0.952
32.600,1.185,9.139,3.470,0.798,1.270
32.745,1.176,9.132,3.470,0.307,1.468
32.767,1.141,9.057,3.468,0.115,1.496
32.800,1.142,9.048,3.468,-0.050,1.499
32.895,1.144,9.040,3.468,-0.229,1.482
32.900,1.161,9.012,3.469,-0.234,1.482
32.934,1.174,9.003,3.469,-0.665,1.345
32.967,1.190,8.998,3.468,-0.905,1.197
33.000,1.198,8.997,3.468,-0.987,1.130
33.097,1.207,8.997,3.468,-1.023,1.097
33.100,1.243,9.009,3.468,-1.439,0.423
33.134,1.260,9.021,3.468,-1.468,0.307
33.167,1.275,9.037,3.468,-1.422,0.477
33.200,1.281,9.047,3.468,-1.402,0.534
33.359,1.287,9.057,3.468,-1.355,0.644
33.367,1.300,9.163,3.464,-0.426,-1.438
33.400,1.297,9.178,3.463,-0.547,-1.397
33.555,1.292,9.193,3.463,-0.758,-1.295
33.567,1.221,9.307,3.462,0.713,-1.320
33.600,1.209,9.319,3.462,0.648,-1.353
33.738,1.196,9.331,3.463,0.545,-1.397
33.767,1.083,9.393,3.471,1.324,-0.704
33.800,1.070,9.396,3.472,1.336,-0.683
33.954,1.057,9.399,3.473,1.363,-0.626
33.967,0.985,9.382,3.478,1.202,0.898
34.000,0.980,9.376,3.477,0.864,1.226
34.146,0.976,9.369,3.477,0.286,1.454
34.167,0.988,9.298,3.472,-0.593,1.378
34.200,0.994,9.289,3.471,-0.694,1.330
34.339,1.002,9.280,3.471,-0.789,1.275
34.367,1.089,9.230,3.473,-1.243,0.839
34.400,1.101,9.228,3.474,-1.250,0.829
34.534,1.114,9.227,3.475,-1.248,0.832
34.567,1.197,9.253,3.481,-1.498,-0.079
34.600,1.204,9.260,3.481,-1.500,0.014
34.753,1.210,9.268,3.481,-1.493,0.142
34.767,1.220,9.353,3.476,-0.669,-1.342
34.800,1.216,9.365,3.475,-0.839,-1.244
34.951,1.211,9.377,3.474,-1.078,-1.043
34.967,1.134,9.461,3.468,0.856,-1.232
35.000,1.120,9.469,3.467,0.787,-1.277
35.160,1.106,9.476,3.467,0.577,-1.385
35.167,0.985,9.499,3.468,1.499,-0.049
35.200,0.970,9.497,3.468,1.499,0.039
35.337,0.956,9.494,3.469,1.489,0.179
35.367,0.871,9.439,3.471,1.007,1.111
35.400,0.864,9.430,3.471,0.734,1.308
35.559,0.859,9.420,3.470,0.327,1.464
35.567,0.857,9.339,3.472,-0.454,1.430
35.601,0.866,9.323,3.472,-0.641,1.356
35.744,0.873,9.316,3.472,-0.740,1.305
35.768,0.936,9.295,3.472,-1.224,0.867
35.800,0.946,9.296,3.472,-1.241,0.843
35.923,0.956,9.298,3.473,-1.244,0.839
35.935,1.012,9.333,3.473,-1.482,-0.230
35.968,1.025,9.352,3.473,-1.500,-0.033
36.000,1.031,9.363,3.473,-1.499,0.064
36.162,1.035,9.375,3.472,-1.485,0.214
36.167,1.042,9.453,3.470,-0.383,-1.450
36.200,1.031,9.494,3.468,-0.308,-1.468
36.341,1.025,9.507,3.467,-0.514,-1.409
36.367,0.941,9.598,3.464,0.865,-1.225
36.400,0.927,9.606,3.463,0.765,-1.290
36.565,0.913,9.613,3.463,0.563,-1.390
36.567,0.868,9.630,3.463,1.368,-0.615
36.600,0.781,9.635,3.466,1.500,-0.004
36.744,0.768,9.632,3.467,1.492,0.152
36.767,0.694,9.578,3.467,0.781,1.281
36.800,0.689,9.568,3.466,0.553,1.395
36.963,0.685,9.557,3.465,0.231,1.482
36.967,0.684,9.499,3.463,-0.236,1.481
37.000,0.702,9.454,3.464,-0.550,1.396
37.107,0.709,9.443,3.464,-0.641,1.356
37.134,0.764,9.397,3.467,-1.049,1.072
37.167,0.785,9.390,3.468,-1.126,0.991
37.200,0.796,9.387,3.469,-1.168,0.942
37.286,0.817,9.386,3.471,-1.228,0.862
37.300,0.846,9.392,3.473,-1.491,0.160
37.334,0.863,9.401,3.474,-1.475,0.275
37.367,0.877,9.414,3.475,-1.453,0.374
37.400,0.883,9.422,3.475,-1.444,0.407
37.537,0.888,9.430,3.475,-1.422,0.479
37.567,0.889,9.517,3.472,-0.733,-1.309
37.600,0.884,9.529,3.471,-0.945,-1.165
37.684,0.878,9.541,3.470,-1.208,-0.890
37.700,0.844,9.589,3.468,0.589,-1.380
37.734,0.821,9.612,3.467,0.304,-1.469
37.767,0.794,9.632,3.467,-0.417,-1.120
37.800,0.780,9.642,3.467,-0.689,-0.623
37.894,0.765,9.650,3.467,-1.014,-0.183
37.900,0.702,9.677,3.470,1.269,-0.799
37.934,0.670,9.685,3.472,0.965,-0.491
37.967,0.639,9.689,3.474,-0.093,0.172
38.000,0.623,9.689,3.476,-0.566,0.403
38.152,0.608,9.688,3.477,-0.938,0.556
38.167,0.506,9.652,3.496,1.141,0.973
38.200,0.495,9.645,3.499,0.947,1.163
38.353,0.486,9.638,3.503,0.589,1.380
38.367,0.433,9.580,3.535,0.531,1.403
38.400,0.429,9.575,3.539,0.310,1.468
38.532,0.426,9.570,3.543,0.016,1.500
38.534,0.423,9.558,3.561,-0.538,1.400
38.567,0.428,9.562,3.564,-0.984,1.132
38.600,0.431,9.566,3.566,-1.113,1.006
38.728,0.435,9.570,3.567,-1.176,0.931
38.734,0.467,9.619,3.570,-1.276,-0.789
38.767,0.479,9.644,3.570,-1.401,-0.537
38.800,0.484,9.657,3.570,-1.449,-0.386
38.959,0.489,9.672,3.570,-1.491,-0.167
38.967,0.504,9.802,3.574,-0.502,-1.413
39.000,0.502,9.818,3.575,-0.651,-1.351
39.168,0.499,9.834,3.576,-0.842,-1.241
39.200,0.430,9.942,3.571,0.408,-1.443
39.357,0.419,9.949,3.570,0.186,-1.488
39.367,0.314,9.966,3.553,1.498,-0.077
39.400,0.300,9.963,3.550,1.500,-0.006
39.514,0.286,9.959,3.548,1.497,0.100
39.534,0.202,9.912,3.539,1.229,0.860
39.567,0.176,9.890,3.538,0.814,1.260
39.600,0.164,9.879,3.537,0.290,1.472
39.765,0.153,9.867,3.537,-0.308,1.468
39.767,0.132,9.842,3.538,0.234,1.482
39.800,0.084,9.764,3.547,0.225,1.483
39.963,0.081,9.755,3.548,-0.001,1.500
39.967,0.079,9.724,3.552,-0.353,1.458
40.000,0.090,9.717,3.550,-1.003,1.116
40.167,0.094,9.718,3.549,-1.080,1.041
40.200,0.143,9.778,3.537,-1.439,-0.422
40.361,0.148,9.790,3.535,-1.479,-0.248
40.367,0.173,9.898,3.525,-0.543,-1.398
40.400,0.175,9.935,3.522,-0.542,-1.399
40.554,0.174,9.954,3.521,-0.672,-1.341
40.567,0.139,10.114,3.519,-0.160,-1.491
40.600,0.131,10.133,3.520,-0.311,-1.467
40.761,0.122,10.152,3.521,-0.519,-1.407
40.767,0.039,10.272,3.527,0.715,-1.318
40.800,0.027,10.283,3.528,0.648,-1.353
40.964,0.016,10.293,3.528,0.519,-1.407
40.967,-0.017,10.316,3.530,1.049,-1.072
41.000,-0.073,10.331,3.531,1.256,-0.821
41.158,-0.081,10.330,3.531,1.170,-0.939
41.167,-0.110,10.285,3.523,0.400,1.446
41.201,-0.108,10.265,3.519,-0.363,1.455
41.323,-0.106,10.254,3.517,-0.753,1.297
41.334,-0.078,10.190,3.512,-0.788,1.277
41.367,-0.061,10.163,3.511,-0.947,1.163
41.400,-0.052,10.150,3.512,-1.033,1.088
41.488,-0.042,10.137,3.512,-1.120,0.998
41.500,0.001,10.090,3.518,-1.103,1.017
41.534,0.023,10.070,3.522,-1.174,0.933
41.567,0.043,10.055,3.526,-1.254,0.824
41.600,0.053,10.048,3.528,-1.290,0.765
41.719,0.062,10.043,3.530,-1.323,0.707
41.734,0.098,10.031,3.537,-1.444,0.406
41.767,0.103,10.034,3.537,-1.447,0.395
41.800,0.104,10.038,3.537,-1.450,0.384
41.948,0.103,10.042,3.536,-1.448,0.391
41.967,0.061,10.098,3.520,0.099,-1.497
42.000,0.050,10.107,3.518,-0.332,-1.463
42.135,0.039,10.117,3.515,-0.891,-1.063
42.167,-0.084,10.192,3.504,1.215,-0.880
42.200,-0.101,10.200,3.504,1.180,-0.926
42.311,-0.119,10.207,3.504,1.095,-1.025
42.334,-0.224,10.236,3.510,1.433,-0.442
42.367,-0.255,10.238,3.513,1.438,-0.426
42.400,-0.270,10.238,3.514,0.951,-0.280
42.521,-0.284,10.237,3.515,0.108,-0.048
42.534,-0.349,10.214,3.518,1.267,0.803
42.567,-0.363,10.201,3.518,0.869,1.222
42.600,-0.372,10.186,3.517,-0.431,1.292
42.724,-0.372,10.186,3.517,-0.431,1.292
42.734,-0.373,10.136,3.517,-0.528,1.404
42.767,-0.365,10.121,3.517,-0.824,1.253
42.800,-0.360,10.114,3.518,-0.970,1.144
42.952,-0.354,10.108,3.518,-1.097,1.023
42.968,-0.290,10.089,3.525,-1.472,0.286
43.000,-0.281,10.091,3.526,-1.471,0.292
43.141,-0.273,10.094,3.527,-1.468,0.310
43.167,-0.233,10.153,3.530,-1.290,-0.766
43.200,-0.232,10.164,3.529,-1.351,-0.652
43.355,-0.232,10.175,3.529,-1.416,-0.494
43.367,-0.270,10.266,3.524,0.337,-1.462
43.400,-0.280,10.277,3.524,0.192,-1.488
43.560,-0.290,10.286,3.523,-0.068,-1.498
43.567,-0.401,10.334,3.515,1.372,-0.606
43.600,-0.417,10.336,3.514,1.368,-0.616
43.758,-0.448,10.335,3.512,1.319,-0.715
43.767,-0.542,10.303,3.507,1.318,0.716
43.800,-0.553,10.295,3.506,1.240,0.843
43.960,-0.563,10.286,3.505,1.106,1.013
43.967,-0.603,10.202,3.499,0.254,1.478
44.001,-0.602,10.181,3.498,-0.105,1.496
44.150,-0.600,10.172,3.498,-0.352,1.458
44.168,-0.560,10.125,3.494,-1.117,1.001
44.200,-0.551,10.122,3.493,-1.182,0.924
44.329,-0.542,10.119,3.492,-1.236,0.849
44.335,-0.483,10.130,3.489,-1.500,-0.026
44.367,-0.464,10.142,3.488,-1.500,0.009
44.400,-0.456,10.149,3.488,-1.500,0.038
44.518,-0.448,10.158,3.488,-1.497,0.094
44.534,-0.418,10.222,3.486,-1.097,-1.023
44.567,-0.415,10.247,3.486,-1.262,-0.811
44.600,-0.416,10.259,3.486,-1.336,-0.683
44.743,-0.417,10.271,3.485,-1.414,-0.500
44.767,-0.467,10.358,3.483,0.376,-1.452
44.800,-0.478,10.366,3.483,0.127,-1.495
44.958,-0.502,10.379,3.481,-0.812,-1.250
44.967,-0.605,10.393,3.474,1.496,-0.105
45.000,-0.621,10.391,3.473,1.498,-0.069
45.159,-0.636,10.388,3.473,1.500,-0.022
45.167,-0.746,10.328,3.470,1.243,0.839
45.200,-0.756,10.317,3.470,1.148,0.966
45.335,-0.774,10.295,3.470,0.627,1.363
45.367,-0.805,10.216,3.473,0.062,1.499
45.400,-0.806,10.207,3.474,-0.225,1.483
45.492,-0.805,10.197,3.474,-0.541,1.399
45.500,-0.792,10.169,3.475,-0.696,1.329
45.534,-0.780,10.161,3.475,-1.029,1.091
45.567,-0.766,10.156,3.474,-1.245,0.837
45.600,-0.758,10.156,3.474,-1.314,0.724
45.717,-0.751,10.156,3.474,-1.351,0.651
45.734,-0.703,10.183,3.474,-1.458,-0.351
45.767,-0.690,10.199,3.474,-1.486,-0.205
45.800,-0.685,10.209,3.475,-1.493,-0.143
45.932,-0.680,10.219,3.475,-1.499,-0.041
45.934,-0.676,10.230,3.475,-1.403,-0.530
45.967,-0.678,10.316,3.476,-0.767,-1.289
46.000,-0.682,10.328,3.476,-0.948,-1.163
46.137,-0.694,10.352,3.476,-1.301,-0.746
46.167,-0.768,10.418,3.474,0.783,-1.280
46.200,-0.782,10.424,3.473,0.533,-1.402
46.320,-0.811,10.433,3.472,-0.452,-1.018
46.334,-0.891,10.439,3.470,1.499,-0.051
46.367,-0.923,10.434,3.470,1.492,0.157
46.400,-0.938,10.430,3.470,0.618,0.308
46.547,-0.953,10.424,3.470,-0.164,0.348
46.567,-1.048,10.355,3.472,0.888,1.209
46.600,-1.055,10.344,3.472,0.650,1.352
46.728,-1.062,10.333,3.473,0.251,1.479
46.734,-1.080,10.271,3.478,-0.110,1.496
46.767,-1.078,10.254,3.480,-0.594,1.377
46.800,-1.076,10.247,3.481,-0.827,1.251
46.958,-1.069,10.234,3.483,-1.156,0.956
46.967,-1.027,10.222,3.488,-1.419,0.488
47.000,-1.020,10.224,3.489,-1.428,0.459
47.134,-1.006,10.233,3.490,-1.441,0.417
47.168,-0.975,10.292,3.494,-1.282,-0.778
47.200,-0.973,10.303,3.494,-1.355,-0.643
47.345,-0.973,10.315,3.494,-1.428,-0.460
47.367,-1.004,10.418,3.496,-0.600,-1.375
47.400,-1.012,10.430,3.496,-0.829,-1.250
47.522,-1.022,10.442,3.496,-1.122,-0.996
47.534,-1.097,10.496,3.494,0.973,-1.142
47.567,-1.128,10.506,3.492,0.728,-1.312
47.600,-1.144,10.510,3.491,0.229,-1.309
47.740,-1.160,10.513,3.490,-0.418,-0.821
47.767,-1.290,10.493,3.485,1.462,0.335
47.800,-1.304,10.486,3.484,1.427,0.462
47.944,-1.318,10.477,3.484,1.350,0.654
47.967,-1.397,10.383,3.478,0.553,1.394
48.000,-1.403,10.370,3.477,0.365,1.455
48.157,-1.407,10.356,3.477,0.091,1.497
48.167,-1.406,10.260,3.477,-0.444,1.433
48.200,-1.402,10.251,3.477,-0.560,1.392
48.354,-1.397,10.243,3.477,-0.693,1.331
48.367,-1.343,10.215,3.477,-1.397,0.547
48.400,-1.336,10.216,3.477,-1.405,0.526
48.539,-1.322,10.223,3.477,-1.419,0.487
48.567,-1.288,10.275,3.477,-1.460,-0.344
48.600,-1.285,10.286,3.477,-1.476,-0.265
48.738,-1.284,10.297,3.477,-1.493,-0.140
48.767,-1.310,10.398,3.476,-0.256,-1.478
48.800,-1.318,10.411,3.476,-0.477,-1.422
48.935,-1.328,10.423,3.475,-0.806,-1.265
48.967,-1.432,10.499,3.474,0.630,-1.361
49.001,-1.464,10.509,3.473,0.083,-1.152
49.131,-1.480,10.513,3.473,-0.418,-0.716
49.134,-1.530,10.519,3.473,1.488,-0.187
49.167,-1.593,10.513,3.474,1.499,0.054
49.200,-1.607,10.508,3.474,1.494,0.132
49.337,-1.621,10.503,3.474,1.463,0.274
49.367,-1.699,10.432,3.472,0.840,1.243
49.400,-1.704,10.421,3.472,0.724,1.313
49.546,-1.708,10.409,3.471,0.493,1.417
49.567,-1.702,10.325,3.471,-0.283,1.473
49.600,-1.697,10.317,3.471,-0.375,1.452
49.756,-1.691,10.309,3.471,-0.522,1.406
49.767,-1.622,10.284,3.470,-1.455,0.363
49.800,-1.603,10.288,3.470,-1.453,0.371
49.954,-1.603,10.288,3.470,-1.453,0.371
49.967,-1.538,10.345,3.472,-1.317,-0.719
50.000,-1.533,10.355,3.472,-1.329,-0.696
50.155,-1.529,10.367,3.472,-1.373,-0.603
50.167,-1.530,10.464,3.476,-0.103,-1.496
50.200,-1.535,10.475,3.477,-0.113,-1.496
50.357,-1.541,10.486,3.477,-0.192,-1.488
50.367,-1.619,10.546,3.478,1.264,-0.808
50.400,-1.632,10.549,3.477,1.274,-0.791
50.558,-1.645,10.551,3.477,1.269,-0.799
50.567,-1.745,10.529,3.477,1.462,0.338
50.600,-1.756,10.522,3.477,1.456,0.360
50.755,-1.766,10.514,3.478,1.450,0.386
50.767,-1.813,10.431,3.479,0.826,1.252
50.800,-1.814,10.420,3.479,0.827,1.251
50.957,-1.815,10.408,3.479,0.814,1.260
50.967,-1.778,10.332,3.479,-0.656,1.349
51.000,-1.769,10.326,3.479,-0.630,1.361
51.155,-1.760,10.321,3.478,-0.606,1.372
51.167,-1.667,10.313,3.476,-1.449,0.389
51.200,-1.655,10.317,3.476,-1.445,0.401
51.357,-1.644,10.322,3.476,-1.433,0.444
51.368,-1.572,10.395,3.474,-1.205,-0.893
51.400,-1.567,10.407,3.474,-1.170,-0.939
51.547,-1.563,10.420,3.473,-1.163,-0.947
51.567,-1.570,10.527,3.471,0.007,-1.500
51.600,-1.576,10.539,3.471,0.108,-1.496
51.746,-1.582,10.551,3.470,0.174,-1.490
51.767,-1.666,10.614,3.466,1.256,-0.820
51.800,-1.678,10.617,3.466,1.286,-0.772
51.946,-1.704,10.620,3.465,1.338,-0.679
51.967,-1.788,10.599,3.463,1.493,0.149
52.000,-1.798,10.592,3.463,1.492,0.150
52.150,-1.807,10.584,3.463,1.494,0.137
52.167,-1.844,10.502,3.461,0.894,1.204
52.200,-1.844,10.491,3.461,0.976,1.139
52.339,-1.843,10.480,3.461,1.061,1.061
52.367,-1.796,10.401,3.460,-0.475,1.423
52.400,-1.786,10.394,3.459,-0.305,1.469
52.501,-1.775,10.388,3.459,-0.074,1.498
52.534,-1.698,10.370,3.458,-1.064,1.057
52.567,-1.671,10.372,3.458,-0.576,0.903
52.600,-1.657,10.375,3.458,-0.073,0.611
52.707,-1.644,10.379,3.458,0.302,0.445
52.734,-1.575,10.423,3.460,-1.241,-0.843
52.767,-1.557,10.445,3.460,-0.951,-1.160
52.800,-1.550,10.457,3.461,-0.247,-0.988
52.944,-1.543,10.470,3.461,0.218,-0.725
52.967,-1.524,10.581,3.472,0.109,-1.496
53.000,-1.525,10.595,3.474,0.343,-1.460
53.120,-1.528,10.607,3.476,0.566,-1.389
53.134,-1.558,10.666,3.487,0.734,-1.308
53.167,-1.572,10.678,3.490,0.953,-1.158
53.200,-1.580,10.683,3.491,1.101,-1.019
53.318,-1.587,10.686,3.492,1.201,-0.898
53.334,-1.628,10.683,3.499,1.500,-0.003
53.367,-1.638,10.674,3.501,1.500,-0.017
53.400,-1.642,10.667,3.501,1.500,-0.022
53.527,-1.645,10.660,3.501,1.499,-0.054
53.534,-1.646,10.601,3.500,0.558,1.392
53.567,-1.638,10.578,3.499,0.813,1.261
53.600,-1.633,10.566,3.499,1.015,1.104
53.683,-1.626,10.554,3.498,1.195,0.906
53.700,-1.589,10.507,3.497,-0.419,1.440
53.734,-1.566,10.487,3.497,0.064,1.499
53.767,-1.539,10.468,3.496,0.776,1.284
53.800,-1.524,10.460,3.496,1.101,0.958
53.960,-1.509,10.453,3.496,1.355,0.644
53.967,-1.383,10.432,3.496,-1.497,0.090
54.000,-1.367,10.434,3.496,-1.498,0.075
54.094,-1.351,10.437,3.496,-1.498,0.068
54.100,-1.290,10.460,3.498,-1.407,-0.521
54.134,-1.261,10.477,3.499,-1.301,-0.747
54.167,-1.234,10.497,3.501,-0.775,-1.166
54.200,-1.222,10.508,3.502,0.050,-1.029
54.291,-1.210,10.519,3.503,0.638,-0.818
54.300,-1.169,10.565,3.511,-0.691,-1.331
54.334,-1.154,10.587,3.516,-0.267,-1.476
54.367,-1.143,10.607,3.521,0.487,-1.419
54.400,-1.138,10.616,3.524,0.827,-1.251
54.507,-1.135,10.624,3.526,1.111,-1.008
54.534,-1.130,10.655,3.537,0.698,-1.328
54.567,-1.133,10.657,3.540,1.153,-0.960
54.600,-1.135,10.656,3.541,1.288,-0.768
54.716,-1.137,10.654,3.542,1.365,-0.622
54.734,-1.146,10.621,3.547,1.275,0.790
54.767,-1.146,10.603,3.548,1.411,0.510
54.800,-1.145,10.592,3.549,1.443,0.411
54.892,-1.143,10.581,3.549,1.476,0.268
54.900,-1.127,10.531,3.550,0.127,1.495
54.934,-1.114,10.504,3.550,0.465,1.426
54.967,-1.096,10.478,3.550,0.931,1.176
55.000,-1.086,10.465,3.550,1.105,1.014
55.112,-1.075,10.453,3.551,1.303,0.743
55.134,-0.992,10.393,3.550,-1.080,1.041
55.167,-0.960,10.380,3.549,-0.895,1.204
55.200,-0.944,10.375,3.549,-0.601,1.374
55.321,-0.927,10.371,3.549,0.032,1.190
55.334,-0.825,10.371,3.547,-1.499,0.061
55.367,-0.792,10.380,3.546,-1.500,0.010
55.400,-0.777,10.385,3.546,-1.498,-0.075
55.520,-0.762,10.392,3.545,-0.956,-0.131
55.534,-0.692,10.449,3.541,-1.039,-1.082
55.567,-0.676,10.472,3.539,-0.744,-1.302
55.600,-0.670,10.484,3.538,-0.336,-1.462
55.729,-0.664,10.495,3.537,0.204,-1.486
55.734,-0.656,10.562,3.534,0.278,-1.474
55.767,-0.661,10.580,3.533,0.611,-1.370
55.800,-0.665,10.588,3.533,0.805,-1.266
55.911,-0.675,10.601,3.532,1.142,-0.972
55.934,-0.710,10.617,3.529,1.355,-0.644
55.967,-0.725,10.616,3.528,1.415,-0.498
56.000,-0.733,10.614,3.528,1.439,-0.423
56.126,-0.747,10.606,3.527,1.465,-0.322
56.134,-0.773,10.570,3.525,1.269,0.800
56.167,-0.778,10.551,3.524,1.375,0.600
56.200,-0.779,10.540,3.524,1.414,0.500
56.326,-0.779,10.529,3.523,1.456,0.359
56.334,-0.757,10.460,3.520,-0.005,1.500
56.367,-0.741,10.439,3.518,0.336,1.462
56.400,-0.731,10.428,3.517,0.580,1.383
56.545,-0.721,10.419,3.516,0.911,1.192
56.567,-0.610,10.371,3.508,-1.167,0.942
56.600,-0.594,10.369,3.507,-1.012,1.107
56.711,-0.562,10.368,3.505,0.192,0.695
56.734,-0.483,10.386,3.501,-1.424,-0.471
56.767,-0.455,10.400,3.500,-1.266,-0.804
56.800,-0.442,10.408,3.500,-0.686,-0.870
56.953,-0.417,10.427,3.499,0.531,-0.635
56.967,-0.360,10.507,3.502,-0.488,-1.418
57.000,-0.355,10.518,3.502,-0.365,-1.455
57.160,-0.352,10.529,3.503,-0.132,-1.494
57.167,-0.358,10.592,3.508,0.584,-1.382
57.200,-0.362,10.596,3.508,0.695,-1.329
57.355,-0.367,10.598,3.508,0.846,-1.238
57.367,-0.419,10.580,3.504,1.433,0.444
57.400,-0.426,10.572,3.503,1.442,0.413
57.524,-0.438,10.555,3.502,1.472,0.287
57.534,-0.461,10.494,3.501,0.932,1.175
57.567,-0.465,10.466,3.501,1.070,1.051
57.600,-0.466,10.452,3.502,1.109,1.010
57.758,-0.465,10.438,3.502,1.217,0.877
57.767,-0.430,10.336,3.508,-0.403,1.445
57.801,-0.422,10.326,3.508,-0.360,1.456
57.935,-0.413,10.318,3.508,-0.225,1.483
57.967,-0.318,10.286,3.504,-1.280,0.783
58.000,-0.305,10.288,3.503,-1.277,0.786
58.130,-0.279,10.293,3.501,-0.772,0.659
58.134,-0.221,10.326,3.497,-1.230,-0.858
58.167,-0.203,10.346,3.495,-1.130,-0.987
58.200,-0.188,10.368,3.493,-0.976,-1.139
58.326,-0.182,10.380,3.492,-0.568,-0.898
58.334,-0.168,10.444,3.490,-0.437,-1.435
58.367,-0.170,10.469,3.490,-0.152,-1.492
58.400,-0.173,10.481,3.490,-0.088,-1.497
58.519,-0.181,10.503,3.490,0.229,-1.033
58.534,-0.216,10.544,3.489,0.923,-1.183
58.567,-0.234,10.554,3.488,1.018,-1.101
58.600,-0.244,10.557,3.488,1.041,-1.080
58.758,-0.254,10.559,3.487,1.080,-1.041
58.767,-0.329,10.535,3.485,1.431,0.449
58.800,-0.336,10.528,3.485,1.424,0.473
58.932,-0.349,10.510,3.484,1.428,0.458
58.934,-0.360,10.478,3.483,0.712,1.320
58.967,-0.361,10.428,3.480,0.661,1.347
59.000,-0.359,10.415,3.480,0.564,1.390
59.115,-0.355,10.403,3.480,0.580,1.383
59.134,-0.313,10.335,3.478,-0.752,1.298
59.167,-0.292,10.318,3.477,-0.770,1.287
59.200,-0.280,10.311,3.477,-0.876,1.218
59.324,-0.268,10.305,3.477,-0.796,1.095
59.335,-0.191,10.291,3.476,-1.462,0.337
59.367,-0.166,10.295,3.476,-1.467,0.312
59.400,-0.143,10.303,3.476,-1.479,0.251
59.538,-0.143,10.303,3.476,-1.479,0.251
59.567,-0.083,10.371,3.472,-1.029,-1.091
59.600,-0.080,10.382,3.472,-1.097,-1.023
59.733,-0.078,10.393,3.471,-1.160,-0.951
59.734,-0.077,10.405,3.470,-0.557,-1.393
59.767,-0.103,10.484,3.466,0.036,-1.500
59.800,-0.111,10.494,3.466,-0.121,-1.495
59.908,-0.119,10.503,3.466,-0.294,-1.471
59.934,-0.186,10.540,3.463,1.138,-0.977
59.967,-0.211,10.544,3.463,1.105,-1.015
60.001,-0.237,10.545,3.462,0.493,-0.612
60.097,-0.237,10.545,3.462,0.493,-0.612
60.100,-0.288,10.532,3.462,1.429,0.455
60.134,-0.310,10.519,3.462,1.409,0.514
60.168,-0.330,10.503,3.462,1.115,0.650
60.200,-0.339,10.494,3.463,0.535,0.608
60.348,-0.347,10.484,3.463,0.152,0.475
60.367,-0.375,10.391,3.468,0.208,1.485
60.400,-0.373,10.380,3.469,0.060,1.499
60.546,-0.371,10.369,3.470,-0.077,1.498
60.568,-0.322,10.309,3.476,-0.834,1.247
60.600,-0.313,10.306,3.476,-0.912,1.191
60.746,-0.304,10.304,3.476,-1.011,1.108
60.768,-0.227,10.324,3.479,-1.497,-0.087
60.800,-0.219,10.332,3.479,-1.497,-0.099
60.934,-0.211,10.340,3.479,-1.499,-0.063
60.967,-0.179,10.434,3.478,-0.853,-1.234
61.000,-0.180,10.448,3.477,-0.842,-1.242
61.139,-0.181,10.462,3.477,-0.923,-1.183
61.167,-0.230,10.565,3.476,0.464,-1.427
61.200,-0.241,10.575,3.476,0.480,-1.421
61.343,-0.263,10.593,3.475,0.409,-1.443
61.367,-0.357,10.624,3.473,1.392,-0.558
61.400,-0.384,10.623,3.473,1.403,-0.530
61.528,-0.384,10.623,3.473,1.403,-0.530
61.534,-0.454,10.596,3.472,1.405,0.524
61.567,-0.471,10.580,3.471,1.388,0.569
61.600,-0.478,10.570,3.470,1.394,0.555
61.743,-0.485,10.561,3.470,1.401,0.535
61.767,-0.497,10.473,3.468,0.201,1.486
61.800,-0.494,10.463,3.467,0.264,1.477
61.944,-0.490,10.453,3.467,0.310,1.468
61.967,-0.422,10.399,3.465,-0.968,1.146
62.000,-0.410,10.397,3.464,-0.943,1.167
62.108,-0.386,10.394,3.463,-0.831,1.102
62.134,-0.324,10.407,3.462,-1.500,-0.012
62.167,-0.301,10.420,3.462,-1.496,-0.104
62.200,-0.290,10.428,3.462,-1.487,-0.194
62.344,-0.280,10.436,3.462,-1.015,-0.159
62.367,-0.230,10.529,3.462,-0.702,-1.326
62.400,-0.228,10.542,3.462,-0.667,-1.344
62.542,-0.227,10.555,3.462,-0.637,-1.358
62.567,-0.260,10.645,3.464,0.521,-1.406
62.600,-0.268,10.653,3.465,0.551,-1.395
62.736,-0.277,10.661,3.465,0.571,-1.387
62.767,-0.362,10.685,3.466,1.404,-0.528
62.800,-0.373,10.683,3.466,1.408,-0.516
62.923,-0.384,10.680,3.467,1.405,-0.526
62.934,-0.439,10.642,3.468,1.345,0.664
62.967,-0.451,10.623,3.468,1.352,0.650
63.000,-0.456,10.612,3.467,1.353,0.648
63.127,-0.460,10.600,3.467,1.380,0.587
63.134,-0.461,10.527,3.468,0.182,1.489
63.167,-0.453,10.504,3.468,0.200,1.487
63.200,-0.448,10.492,3.469,0.323,1.465
63.332,-0.441,10.482,3.469,0.451,1.430
63.334,-0.425,10.463,3.469,-0.360,1.456
63.367,-0.359,10.426,3.467,-1.207,0.890
63.400,-0.346,10.424,3.467,-1.196,0.906
63.532,-0.333,10.422,3.467,-1.163,0.948
63.535,-0.294,10.425,3.466,-1.499,0.054
63.567,-0.235,10.450,3.466,-1.439,-0.424
63.600,-0.225,10.457,3.466,-1.397,-0.545
63.741,-0.215,10.466,3.466,-1.354,-0.646
63.767,-0.173,10.554,3.467,-0.428,-1.438
63.800,-0.173,10.566,3.467,-0.302,-1.469
63.919,-0.173,10.577,3.467,-0.192,-1.488
63.934,-0.198,10.637,3.469,0.682,-1.336
63.967,-0.214,10.651,3.469,0.795,-1.272
64.000,-0.222,10.656,3.469,0.883,-1.213
64.132,-0.232,10.661,3.469,0.942,-1.167
64.134,-0.241,10.664,3.470,1.187,-0.917
64.167,-0.313,10.660,3.471,1.464,-0.327
64.200,-0.322,10.655,3.472,1.454,-0.370
64.340,-0.331,10.649,3.472,1.439,-0.424
64.367,-0.372,10.570,3.470,1.090,1.031
64.400,-0.372,10.558,3.470,1.215,0.880
64.521,-0.372,10.545,3.469,1.332,0.691
64.534,-0.347,10.466,3.466,0.843,1.240
64.567,-0.330,10.442,3.466,1.100,1.020
64.600,-0.320,10.430,3.465,1.165,0.641
64.723,-0.310,10.420,3.465,1.180,0.281
64.734,-0.230,10.373,3.463,-1.215,0.879
64.767,-0.199,10.365,3.462,-1.225,0.866
64.800,-0.183,10.363,3.462,-1.306,0.739
64.939,-0.166,10.362,3.461,-0.938,0.479
64.967,-0.029,10.391,3.463,-1.408,-0.516
65.000,-0.013,10.398,3.464,-1.360,-0.633
65.137,0.002,10.407,3.465,-1.288,-0.768
65.167,0.094,10.494,3.474,-0.900,-1.200
65.200,0.101,10.505,3.475,-0.782,-1.280
65.329,0.107,10.516,3.476,-0.658,-1.348
65.334,0.121,10.574,3.482,-0.430,-1.437
65.367,0.118,10.587,3.484,-0.194,-1.487
65.400,0.115,10.593,3.484,-0.003,-1.500
65.539,0.111,10.597,3.484,0.142,-1.493
65.567,0.055,10.594,3.478,1.428,-0.460
65.600,0.046,10.589,3.477,1.390,-0.564
65.736,0.027,10.575,3.474,1.301,-0.747
65.767,-0.035,10.494,3.470,1.230,0.859
65.800,-0.042,10.479,3.470,1.326,0.702
65.941,-0.054,10.449,3.470,1.473,0.284
65.967,-0.069,10.338,3.477,0.606,1.372
66.000,-0.067,10.323,3.478,0.813,1.261
66.143,-0.064,10.309,3.479,1.082,1.039
66.167,-0.007,10.223,3.481,-0.672,1.341
66.200,0.004,10.216,3.481,-0.620,1.366
66.338,0.015,10.211,3.480,-0.434,1.372
66.367,0.116,10.208,3.474,-1.462,-0.334
66.400,0.129,10.213,3.474,-1.373,-0.605
66.542,0.141,10.218,3.473,-1.182,-0.924
66.568,0.213,10.295,3.470,-0.708,-1.322
66.600,0.218,10.307,3.470,-0.528,-1.404
66.738,0.225,10.332,3.471,-0.086,-1.498
66.767,0.217,10.408,3.475,0.287,-1.472
66.800,0.212,10.417,3.475,0.378,-1.452
66.940,0.206,10.424,3.476,0.461,-1.427
66.967,0.143,10.448,3.477,1.212,-0.884
67.000,0.135,10.446,3.477,1.189,-0.915
67.138,0.117,10.439,3.477,1.128,-0.989
67.167,0.071,10.382,3.476,1.460,0.343
67.200,0.067,10.371,3.476,1.494,0.134
67.352,0.063,10.358,3.475,1.492,-0.156
67.367,0.074,10.243,3.471,0.176,1.490
67.400,0.087,10.214,3.471,0.493,1.417
67.542,0.095,10.200,3.470,0.879,1.215
67.567,0.178,10.117,3.468,-1.032,1.089
67.600,0.192,10.108,3.468,-1.081,1.040
67.742,0.207,10.100,3.468,-1.129,0.988
67.767,0.323,10.076,3.471,-1.500,-0.006
67.800,0.336,10.078,3.471,-1.463,-0.331
67.950,0.360,10.084,3.472,-0.926,-1.180
67.967,0.416,10.132,3.472,-0.654,-1.350
68.000,0.420,10.141,3.472,-0.458,-1.428
68.144,0.422,10.151,3.472,-0.235,-1.481
68.167,0.405,10.223,3.474,0.466,-1.426
68.200,0.399,10.231,3.474,0.517,-1.408
68.350,0.392,10.237,3.475,0.559,-1.392
68.367,0.319,10.255,3.480,1.285,-0.774
68.400,0.310,10.252,3.481,1.243,-0.840
68.546,0.301,10.249,3.481,1.181,-0.925
68.567,0.245,10.185,3.483,1.347,0.660
68.600,0.242,10.173,3.483,1.433,0.442
68.752,0.237,10.148,3.483,1.490,-0.177
68.767,0.256,10.047,3.480,0.196,1.487
68.800,0.262,10.033,3.480,0.391,1.448
68.945,0.279,10.006,3.479,0.871,0.488
68.967,0.365,9.934,3.476,-0.959,1.153
69.000,0.380,9.927,3.475,-0.670,0.486
69.150,0.395,9.922,3.475,-0.150,-0.172
69.167,0.511,9.915,3.475,-1.468,-0.310
69.200,0.524,9.919,3.475,-1.369,-0.614
69.352,0.536,9.924,3.475,-1.121,-0.997
69.367,0.601,9.989,3.475,-0.649,-1.352
69.400,0.604,10.000,3.475,-0.489,-1.418
69.552,0.607,10.010,3.475,-0.305,-1.469
69.567,0.590,10.081,3.479,0.408,-1.443
69.600,0.584,10.087,3.479,0.457,-1.429
69.751,0.577,10.093,3.479,0.496,-1.416
69.767,0.506,10.099,3.481,1.273,-0.794
69.800,0.497,10.096,3.482,1.227,-0.863
69.954,0.488,10.090,3.482,1.155,-0.957
69.967,0.432,10.015,3.481,1.188,0.915
70.000,0.428,10.001,3.480,1.290,0.765
70.133,0.425,9.987,3.480,1.414,0.502
70.134,0.423,9.958,3.479,0.858,1.230
70.167,0.440,9.865,3.479,0.321,1.465
70.200,0.446,9.850,3.479,0.525,1.405
70.342,0.454,9.835,3.479,0.858,0.983
70.367,0.543,9.746,3.477,-0.946,1.164
70.400,0.556,9.739,3.477,-1.062,1.059
70.502,0.570,9.733,3.476,-0.755,0.523
70.534,0.653,9.722,3.476,-1.437,-0.429
70.567,0.679,9.727,3.476,-0.730,-1.204
70.600,0.690,9.731,3.476,-0.337,-1.462
70.721,0.702,9.736,3.476,-0.002,-1.500
70.734,0.750,9.782,3.482,-0.702,-1.325
70.767,0.759,9.801,3.485,-0.442,-1.433
70.800,0.762,9.809,3.486,-0.283,-1.473
70.953,0.764,9.826,3.490,0.032,-1.500
70.967,0.747,9.864,3.501,0.600,-1.375
71.000,0.742,9.866,3.502,0.616,-1.368
71.142,0.737,9.866,3.503,0.618,-1.367
71.167,0.684,9.831,3.506,1.385,-0.575
71.200,0.678,9.822,3.506,1.319,-0.715
71.343,0.672,9.812,3.506,1.210,-0.887
71.368,0.644,9.698,3.503,0.688,1.333
71.400,0.644,9.681,3.502,0.822,1.255
71.537,0.645,9.663,3.501,1.057,1.064
71.567,0.688,9.522,3.502,-0.192,1.488
71.600,0.698,9.506,3.503,-0.119,1.495
71.751,0.708,9.491,3.503,0.115,1.360
71.767,0.806,9.396,3.507,-1.134,0.981
71.800,0.819,9.388,3.507,-1.244,0.838
71.938,0.844,9.376,3.508,-0.913,-0.058
71.967,0.918,9.370,3.510,-1.425,-0.467
72.000,0.926,9.373,3.510,-1.230,-0.859
72.115,0.933,9.377,3.510,-0.920,-1.185
72.134,0.954,9.416,3.508,-0.258,-1.478
72.167,0.953,9.433,3.507,-0.037,-1.500
72.200,0.951,9.442,3.506,0.078,-1.498
72.303,0.947,9.450,3.506,0.174,-1.490
72.334,0.907,9.494,3.507,0.749,-1.300
72.368,0.888,9.504,3.508,0.735,-1.308
72.400,0.878,9.508,3.509,0.732,-1.309
72.507,0.868,9.510,3.509,0.705,-1.324
72.534,0.808,9.504,3.513,1.323,-0.707
72.567,0.791,9.494,3.514,1.197,-0.904
72.600,0.776,9.480,3.515,1.074,-1.047
72.710,0.776,9.480,3.515,1.074,-1.047
72.734,0.753,9.415,3.511,1.079,1.042
72.767,0.753,9.388,3.508,1.445,0.402
72.800,0.755,9.373,3.506,1.487,-0.061
72.956,0.761,9.342,3.503,1.183,-0.861
72.967,0.817,9.231,3.493,-0.754,1.297
73.000,0.829,9.216,3.492,-0.771,1.287
73.141,0.856,9.188,3.490,-0.846,1.238
73.167,0.970,9.113,3.486,-1.349,0.655
73.200,0.987,9.106,3.487,-1.444,0.406
73.353,1.004,9.099,3.487,-1.500,-0.000
73.367,1.119,9.085,3.490,-1.450,-0.385
73.400,1.129,9.087,3.490,-1.286,-0.773
73.535,1.139,9.090,3.490,-1.008,-1.111
73.567,1.176,9.133,3.485,-0.438,-1.435
73.600,1.175,9.140,3.485,-0.283,-1.473
73.747,1.174,9.146,3.484,-0.140,-1.493
73.767,1.125,9.186,3.481,0.955,-1.157
73.800,1.115,9.188,3.481,0.907,-1.194
73.955,1.094,9.189,3.481,0.795,-1.272
73.967,1.017,9.162,3.484,1.493,-0.148
74.000,1.007,9.155,3.484,1.466,-0.318
74.153,0.998,9.146,3.484,1.398,-0.544
74.168,0.951,9.050,3.485,1.445,0.402
74.200,0.949,9.035,3.484,1.494,0.137
74.353,0.949,9.021,3.484,1.473,-0.284
74.367,0.985,8.911,3.480,-0.477,1.422
74.400,0.995,8.899,3.480,-0.491,1.417
74.557,1.005,8.888,3.479,-0.475,1.423
74.568,1.117,8.824,3.474,-1.439,0.424
74.600,1.133,8.820,3.474,-1.467,0.314
74.754,1.165,8.816,3.474,-1.495,-0.128
74.767,1.262,8.828,3.477,-1.385,-0.576
74.800,1.273,8.833,3.478,-1.316,-0.719
74.956,1.282,8.838,3.478,-1.220,-0.873
74.967,1.322,8.894,3.480,-0.555,-1.394
75.000,1.322,8.901,3.481,-0.458,-1.428
75.155,1.321,8.908,3.481,-0.353,-1.458
75.167,1.276,8.943,3.481,0.992,-1.125
75.200,1.267,8.944,3.481,0.947,-1.163
75.355,1.257,8.944,3.480,0.879,-1.215
75.368,1.168,8.907,3.481,1.497,0.090
75.400,1.157,8.898,3.481,1.499,-0.061
75.555,1.137,8.877,3.481,1.417,-0.492
75.567,1.093,8.784,3.482,0.965,1.148
75.600,1.090,8.770,3.482,1.094,1.027
75.737,1.089,8.741,3.483,1.453,0.373
75.767,1.117,8.649,3.483,0.530,1.034
75.800,1.125,8.638,3.483,0.483,0.295
75.939,1.134,8.629,3.483,0.529,-0.333
75.967,1.230,8.585,3.480,-1.463,0.330
76.000,1.244,8.584,3.480,-1.500,0.017
76.137,1.273,8.586,3.480,-1.231,-0.857
76.167,1.375,8.619,3.486,-1.263,-0.809
76.200,1.388,8.627,3.487,-1.173,-0.935
76.350,1.401,8.635,3.489,-1.040,-1.081
76.367,1.472,8.700,3.508,-0.846,-1.239
76.400,1.477,8.707,3.510,-0.726,-1.313
76.549,1.481,8.714,3.512,-0.586,-1.381
76.567,1.474,8.737,3.521,0.524,-1.406
76.600,1.469,8.736,3.521,0.501,-1.414
76.720,1.457,8.731,3.520,0.448,-1.431
76.735,1.415,8.698,3.515,1.500,0.021
76.768,1.396,8.677,3.512,1.406,-0.523
76.800,1.386,8.666,3.511,1.294,-0.759
76.916,1.376,8.653,3.510,1.098,-1.022
76.934,1.327,8.560,3.506,0.934,1.174
76.967,1.316,8.525,3.505,1.182,0.924
77.000,1.312,8.507,3.505,1.388,0.569
77.122,1.309,8.489,3.505,1.493,-0.033
77.134,1.311,8.383,3.508,0.244,1.480
77.167,1.320,8.352,3.509,0.406,1.444
77.200,1.325,8.337,3.509,0.613,1.200
77.336,1.332,8.323,3.509,0.592,0.261
77.367,1.415,8.243,3.503,-1.444,0.407
77.400,1.427,8.238,3.502,-1.100,-0.213
77.506,1.440,8.234,3.501,-0.659,-0.722
77.534,1.520,8.232,3.499,-1.367,-0.618
77.567,1.544,8.238,3.501,-1.025,-1.095
77.600,1.556,8.243,3.502,-0.747,-1.300
77.706,1.577,8.253,3.504,-0.347,-1.459
77.734,1.615,8.283,3.514,-0.672,-1.341
77.767,1.624,8.294,3.518,-0.374,-1.453
77.800,1.627,8.299,3.521,-0.246,-1.480
77.916,1.629,8.303,3.523,-0.129,-1.494
77.934,1.622,8.312,3.532,0.424,-1.439
77.967,1.614,8.308,3.533,0.397,-1.446
78.000,1.609,8.304,3.533,0.396,-1.447
78.095,1.604,8.299,3.533,0.363,-1.455
78.100,1.578,8.269,3.532,1.460,-0.343
78.134,1.565,8.247,3.530,1.318,-0.716
78.167,1.551,8.221,3.529,1.016,-1.104
78.200,1.545,8.207,3.528,0.908,-1.194
78.350,1.539,8.192,3.527,0.724,-1.313
78.367,1.514,8.046,3.522,0.337,1.462
78.400,1.514,8.026,3.522,0.411,1.443
78.556,1.516,8.005,3.522,0.545,1.397
78.567,1.559,7.841,3.525,-0.310,1.468
78.600,1.568,7.822,3.526,-0.328,1.464
78.710,1.577,7.803,3.528,-0.336,1.462
78.734,1.640,7.706,3.536,-0.808,1.264
78.767,1.661,7.681,3.539,-1.010,1.109
78.800,1.671,7.670,3.540,-1.131,0.671
78.902,1.691,7.650,3.543,-0.490,-0.571
78.934,1.731,7.621,3.548,-1.496,-0.110
78.967,1.741,7.617,3.549,-0.860,-1.022
79.000,1.745,7.616,3.549,-0.519,-1.407
79.146,1.748,7.617,3.549,-0.253,-1.478
79.167,1.738,7.643,3.552,0.422,-1.440
79.200,1.732,7.647,3.552,0.408,-1.443
79.313,1.726,7.652,3.553,0.378,-1.452
79.334,1.674,7.667,3.560,1.195,-0.907
79.367,1.654,7.666,3.562,1.030,-1.091
79.400,1.644,7.664,3.564,0.946,-1.164
79.529,1.634,7.661,3.565,0.826,-1.252
79.534,1.582,7.623,3.570,1.447,0.396
79.567,1.569,7.603,3.570,1.499,-0.042
79.600,1.564,7.591,3.570,1.456,-0.363
79.715,1.560,7.579,3.570,1.298,-0.751
79.734,1.558,7.495,3.563,0.114,1.496
79.767,1.566,7.465,3.560,0.249,1.479
79.800,1.571,7.450,3.559,0.370,1.327
79.941,1.578,7.436,3.557,0.393,0.381
79.967,1.664,7.334,3.548,-1.077,1.044
80.000,1.677,7.324,3.547,-1.206,0.891
80.140,1.691,7.315,3.547,-1.368,0.614
80.167,1.799,7.281,3.547,-1.499,0.062
80.200,1.810,7.281,3.547,-1.488,-0.190
80.357,1.832,7.284,3.547,-1.261,-0.812
80.367,1.878,7.321,3.542,-0.769,-1.288
80.400,1.881,7.328,3.541,-0.668,-1.343
80.487,1.882,7.336,3.540,-0.555,-1.393
80.500,1.877,7.368,3.536,-0.164,-1.491
80.534,1.868,7.383,3.535,-0.014,-1.500
80.567,1.855,7.397,3.534,0.120,-1.495
80.600,1.848,7.402,3.534,0.183,-1.489
80.741,1.830,7.412,3.533,0.240,-1.481
80.767,1.757,7.418,3.530,1.268,-0.801
80.800,1.746,7.414,3.530,1.188,-0.916
80.928,1.735,7.410,3.529,1.066,-1.055
80.934,1.679,7.362,3.526,1.465,0.322
80.967,1.665,7.339,3.524,1.496,-0.104
81.000,1.660,7.326,3.523,1.446,-0.398
81.152,1.651,7.298,3.521,1.135,-0.981
81.167,1.651,7.193,3.514,0.100,1.497
81.200,1.655,7.178,3.513,0.148,1.493
81.344,1.660,7.163,3.512,0.275,1.475
81.367,1.736,7.062,3.507,-1.085,1.035
81.400,1.748,7.052,3.507,-1.193,0.909
81.557,1.761,7.043,3.507,-1.332,0.690
81.567,1.865,7.008,3.510,-1.482,0.231
81.600,1.876,7.008,3.511,-1.500,0.018
81.749,1.887,7.009,3.511,-1.480,-0.244
81.767,1.941,7.047,3.511,-0.986,-1.131
81.800,1.943,7.054,3.510,-0.822,-1.255
81.955,1.945,7.071,3.508,-0.470,-1.425
81.967,1.914,7.129,3.504,0.644,-1.355
82.000,1.906,7.136,3.504,0.610,-1.371
82.141,1.896,7.143,3.504,0.560,-1.392
82.168,1.802,7.163,3.503,1.104,-1.016
82.200,1.777,7.159,3.503,0.972,-1.143
82.354,1.765,7.154,3.503,0.862,-1.228
82.368,1.699,7.098,3.500,1.494,-0.130
82.400,1.693,7.087,3.499,1.452,-0.377
82.549,1.687,7.074,3.498,1.320,-0.713
82.567,1.685,6.956,3.485,0.631,1.361
82.601,1.689,6.941,3.483,0.846,1.239
82.741,1.702,6.909,3.480,0.625,-0.220
82.767,1.777,6.811,3.471,-1.115,1.004
82.801,1.805,6.788,3.469,-0.619,-0.376
82.944,1.820,6.778,3.469,-0.349,-0.848
82.967,1.928,6.735,3.473,-1.500,0.020
83.000,1.943,6.733,3.474,-1.472,-0.286
83.126,1.957,6.732,3.476,-1.333,-0.687
83.134,2.026,6.741,3.484,-1.402,-0.534
83.168,2.042,6.749,3.486,-1.125,-0.992
83.201,2.053,6.759,3.488,-0.703,-1.325
83.327,2.058,6.764,3.489,-0.499,-1.414
83.334,2.062,6.789,3.495,-0.000,-1.500
83.368,2.057,6.797,3.496,0.077,-1.498
83.400,2.052,6.800,3.497,0.113,-1.496
83.533,2.047,6.802,3.498,0.123,-1.495
83.534,2.041,6.804,3.499,0.753,-1.297
83.567,1.979,6.792,3.501,1.252,-0.826
83.600,1.969,6.787,3.501,1.145,-0.969
83.687,1.958,6.780,3.501,0.984,-1.132
83.700,1.918,6.743,3.502,1.498,0.086
83.734,1.900,6.719,3.502,1.452,-0.377
83.767,1.885,6.691,3.502,1.232,-0.856
83.800,1.878,6.677,3.502,1.112,-1.007
83.903,1.873,6.661,3.502,0.891,-1.207
83.934,1.859,6.562,3.501,0.614,1.369
83.967,1.863,6.527,3.500,0.877,1.102
84.000,1.866,6.510,3.500,0.677,0.452
84.136,1.876,6.476,3.500,0.449,-0.451
84.167,1.941,6.365,3.502,-0.853,1.234
84.200,1.954,6.351,3.503,-0.922,1.183
84.284,1.967,6.338,3.503,-1.030,1.090
84.300,2.022,6.294,3.507,-1.248,0.831
84.334,2.051,6.277,3.510,-1.401,0.535
84.368,2.080,6.264,3.513,-1.494,-0.135
84.400,2.093,6.259,3.515,-1.201,-0.488
84.529,2.119,6.252,3.518,-0.690,-0.959
84.534,2.171,6.248,3.526,-1.406,-0.523
84.567,2.185,6.252,3.528,-1.135,-0.980
84.600,2.190,6.254,3.529,-0.938,-1.170
84.735,2.195,6.257,3.530,-0.719,-1.316
84.767,2.191,6.280,3.536,-0.166,-1.491
84.800,2.186,6.282,3.536,-0.073,-1.498
84.929,2.180,6.283,3.537,-0.035,-1.500
84.934,2.126,6.275,3.536,1.494,-0.138
84.967,2.103,6.264,3.535,1.443,-0.411
85.000,2.091,6.258,3.535,1.382,-0.582
85.151,2.079,6.250,3.535,1.248,-0.832
85.167,1.990,6.157,3.536,1.135,0.981
85.200,1.981,6.143,3.536,1.185,0.919
85.305,1.973,6.128,3.536,1.266,0.804
85.334,1.944,6.036,3.541,0.782,1.280
85.367,1.943,6.007,3.543,0.937,1.171
85.400,1.944,5.993,3.543,1.058,1.064
85.478,1.946,5.980,3.544,0.871,0.472
85.500,1.963,5.935,3.544,-0.375,1.452
85.534,1.978,5.918,3.543,-0.480,1.421
85.567,1.995,5.905,3.541,-0.356,0.384
85.600,2.005,5.900,3.539,-0.309,-0.014
85.706,2.015,5.896,3.538,-0.183,-0.344
85.734,2.085,5.896,3.532,-1.482,-0.234
85.767,2.109,5.904,3.532,-1.379,-0.590
85.800,2.120,5.909,3.532,-1.267,-0.802
85.907,2.131,5.915,3.532,-1.101,-1.019
85.934,2.184,5.958,3.538,-1.031,-1.089
85.967,2.196,5.973,3.541,-0.887,-1.210
86.000,2.200,5.980,3.543,-0.791,-1.275
86.098,2.204,5.986,3.545,-0.682,-1.336
86.100,2.206,5.993,3.546,-0.567,-1.389
86.135,2.205,6.014,3.552,-0.093,-1.497
86.167,2.198,6.017,3.553,-0.011,-1.500
86.200,2.193,6.017,3.553,0.044,-1.499
86.304,2.187,6.016,3.553,0.056,-1.499
86.334,2.141,5.987,3.546,1.485,-0.212
86.367,2.122,5.969,3.543,1.229,-0.560
86.400,2.112,5.959,3.541,1.009,-0.625
86.522,2.093,5.934,3.538,0.672,-0.769
86.534,2.050,5.857,3.532,0.904,1.197
86.567,2.037,5.822,3.531,0.989,1.127
86.600,2.031,5.804,3.530,1.026,1.094
86.747,2.026,5.786,3.530,1.152,0.961
86.767,2.022,5.643,3.534,0.053,1.499
86.800,2.025,5.628,3.534,0.056,1.499
86.954,2.030,5.613,3.534,0.077,1.498
86.967,2.093,5.526,3.531,-0.815,1.259
87.000,2.103,5.520,3.530,-0.848,1.237
87.152,2.113,5.515,3.529,-0.896,1.203
87.167,2.193,5.514,3.521,-1.498,-0.068
87.200,2.201,5.519,3.520,-1.497,-0.093
87.354,2.208,5.525,3.519,-1.490,-0.172
87.367,2.237,5.601,3.508,-0.416,-1.441
87.400,2.237,5.613,3.507,-0.403,-1.445
87.551,2.232,5.637,3.504,-0.363,-1.455
87.567,2.184,5.716,3.499,0.628,-1.362
87.600,2.173,5.725,3.499,0.627,-1.362
87.753,2.163,5.734,3.499,0.605,-1.373
87.767,2.069,5.768,3.500,1.375,-0.600
87.801,2.058,5.767,3.500,1.381,-0.585
87.955,2.037,5.763,3.500,1.356,-0.641
87.967,1.988,5.719,3.498,1.307,0.736
88.000,1.985,5.709,3.497,1.272,0.795
88.148,1.982,5.699,3.496,1.295,0.757
88.167,2.003,5.605,3.488,-0.208,1.486
88.200,2.010,5.594,3.487,-0.222,1.484
88.348,2.018,5.583,3.486,-0.214,1.485
88.367,2.115,5.520,3.480,-1.266,0.804
88.400,2.129,5.516,3.480,-1.251,0.828
88.529,2.158,5.511,3.479,-1.237,0.848
88.534,2.224,5.519,3.479,-1.496,0.112
88.567,2.247,5.529,3.479,-1.496,0.103
88.600,2.257,5.535,3.478,-1.492,0.159
88.751,2.266,5.542,3.478,-1.483,0.227
88.767,2.304,5.619,3.473,-0.775,-1.284
88.800,2.304,5.630,3.472,-0.786,-1.277
88.945,2.303,5.641,3.472,-0.828,-1.250
88.967,2.255,5.719,3.468,0.476,-1.422
89.000,2.245,5.727,3.468,0.510,-1.411
89.134,2.234,5.734,3.468,0.505,-1.412
89.167,2.134,5.755,3.469,1.436,-0.433
89.200,2.121,5.753,3.469,1.455,-0.365
89.306,2.108,5.750,3.469,1.468,-0.309
89.334,2.045,5.712,3.471,1.451,0.382
89.367,2.030,5.693,3.471,1.176,0.593
89.400,2.023,5.682,3.471,0.917,0.627
89.542,2.018,5.671,3.471,0.670,0.543
89.567,2.015,5.574,3.472,0.165,1.491
89.600,2.025,5.553,3.473,0.039,1.500
89.729,2.032,5.543,3.473,0.025,1.500
89.734,2.077,5.504,3.474,-1.090,1.031
89.767,2.099,5.494,3.474,-1.069,1.052
89.800,2.111,5.491,3.474,-1.021,1.099
89.922,2.123,5.489,3.474,-0.966,1.148
89.935,2.193,5.499,3.476,-1.497,0.102
89.967,2.213,5.510,3.477,-1.487,0.197
90.000,2.222,5.517,3.478,-1.460,0.346
90.128,2.230,5.525,3.478,-1.411,0.508
90.134,2.260,5.587,3.477,-1.399,-0.541
90.168,2.262,5.611,3.476,-1.060,-0.388
90.200,2.261,5.623,3.476,-0.826,-0.026
90.341,2.260,5.635,3.475,-0.652,0.235
90.367,2.205,5.728,3.472,0.783,-1.279
90.400,2.194,5.738,3.472,0.850,-1.236
90.541,2.182,5.747,3.472,0.914,-1.189
90.568,2.068,5.791,3.478,1.436,-0.435
90.600,2.053,5.793,3.479,1.481,-0.241
90.742,2.024,5.794,3.482,1.480,0.246
90.768,1.946,5.772,3.491,1.341,0.672
90.800,1.938,5.766,3.492,1.255,0.821
90.933,1.932,5.759,3.492,1.163,0.947
90.935,1.926,5.752,3.493,1.001,1.117
90.967,1.920,5.695,3.495,0.236,1.481
91.000,1.923,5.687,3.495,0.168,1.491
91.141,1.928,5.680,3.495,0.136,1.494
91.167,1.998,5.643,3.493,-0.759,1.294
91.200,2.022,5.642,3.493,-0.661,1.346
91.336,2.034,5.643,3.492,-0.567,1.389
91.367,2.119,5.681,3.490,-1.496,-0.105
91.400,2.129,5.690,3.490,-1.493,0.146
91.541,2.139,5.701,3.490,-1.432,0.445
91.567,2.186,5.811,3.484,-1.038,-1.083
91.600,2.187,5.827,3.483,-1.254,-0.823
91.739,2.188,5.842,3.482,-1.189,-0.199
91.767,2.152,5.959,3.477,0.387,-1.449
91.800,2.143,5.971,3.476,0.466,-1.426
91.943,2.123,5.993,3.475,0.360,-0.388
91.967,2.034,6.039,3.471,1.478,-0.259
92.001,2.007,6.042,3.471,1.465,0.324
92.143,1.994,6.042,3.471,1.322,0.710
92.167,1.917,6.019,3.473,1.150,0.963
92.200,1.909,6.012,3.473,0.967,1.147
92.337,1.902,6.006,3.474,0.789,1.276
92.367,1.882,5.946,3.481,0.219,1.484
92.400,1.884,5.939,3.482,0.155,1.492
92.539,1.888,5.933,3.483,0.109,1.496
92.568,1.946,5.914,3.485,-1.089,1.031
92.601,1.966,5.919,3.485,-0.892,1.206
92.733,1.977,5.924,3.485,-0.751,1.299
92.734,2.009,5.942,3.484,-1.477,0.262
92.767,2.049,5.982,3.483,-1.470,0.298
92.800,2.058,5.994,3.483,-1.379,0.590
92.934,2.074,6.021,3.483,-0.994,1.123
92.967,2.101,6.129,3.481,-0.751,-1.298
93.000,2.100,6.145,3.481,-0.915,-1.189
93.093,2.099,6.162,3.481,-0.975,-0.604
93.100,2.082,6.225,3.480,0.411,-1.443
93.134,2.068,6.255,3.481,0.519,-1.408
93.167,2.050,6.283,3.481,0.678,-1.002
93.200,2.040,6.296,3.481,0.512,-0.148
93.329,2.029,6.308,3.482,0.309,0.471
93.334,1.958,6.363,3.489,1.363,-0.626
93.367,1.935,6.373,3.492,1.470,-0.298
93.400,1.923,6.377,3.494,1.497,0.090
93.538,1.913,6.380,3.495,1.395,0.551
93.567,1.856,6.371,3.505,1.202,0.897
93.600,1.853,6.367,3.505,1.035,1.086
93.705,1.851,6.362,3.506,0.840,1.243
93.734,1.863,6.327,3.507,-0.183,1.489
93.767,1.876,6.316,3.508,-0.203,1.486
93.800,1.884,6.311,3.508,-0.221,1.484
93.922,1.893,6.306,3.508,-0.201,1.486
93.934,1.961,6.293,3.510,-1.315,0.721
93.967,1.987,6.296,3.510,-1.178,0.928
94.000,2.001,6.298,3.511,-1.092,1.029
94.078,2.026,6.307,3.511,-0.865,1.226
94.100,2.062,6.328,3.513,-1.499,0.046
94.134,2.084,6.346,3.513,-1.403,0.530
94.167,2.102,6.367,3.513,-1.164,0.946
94.200,2.109,6.379,3.513,-1.031,1.090
94.280,2.116,6.392,3.513,-0.837,1.244
94.300,2.134,6.447,3.511,-0.725,-1.313
94.334,2.136,6.476,3.510,-1.075,-1.046
94.367,2.133,6.507,3.508,-0.789,0.065
94.400,2.131,6.523,3.508,-0.647,0.601
94.513,2.127,6.539,3.507,-0.558,1.010
94.534,2.083,6.630,3.507,0.774,-1.285
94.567,2.062,6.658,3.508,1.019,-1.100
94.600,2.050,6.671,3.509,1.031,-0.493
94.679,2.038,6.684,3.510,0.666,0.248
94.700,1.986,6.729,3.517,1.263,-0.809
94.734,1.959,6.747,3.521,1.433,-0.443
94.767,1.934,6.763,3.527,1.446,0.400
94.800,1.922,6.770,3.530,1.194,0.827
94.878,1.910,6.776,3.532,0.817,1.166
94.900,1.871,6.792,3.543,1.500,-0.006
94.934,1.857,6.796,3.548,1.367,0.618
94.967,1.847,6.799,3.553,0.893,1.205
95.000,1.844,6.800,3.555,0.584,1.382
95.115,1.841,6.800,3.557,0.377,1.452
95.134,1.849,6.802,3.566,-0.443,1.433
95.167,1.860,6.804,3.568,-0.356,1.457
95.200,1.867,6.806,3.569,-0.344,1.460
95.317,1.875,6.808,3.570,-0.290,1.472
95.334,1.933,6.839,3.575,-1.477,-0.264
95.367,1.954,6.856,3.576,-1.488,0.192
95.400,1.965,6.866,3.577,-1.427,0.462
95.508,1.975,6.877,3.577,-1.264,0.807
95.534,2.028,6.959,3.580,-1.066,-1.055
95.567,2.040,6.990,3.581,-1.292,-0.762
95.600,2.044,7.007,3.581,-1.458,-0.351
95.713,2.048,7.023,3.581,-1.411,0.275
95.734,2.048,7.117,3.583,-0.396,-1.447
95.767,2.040,7.144,3.583,-0.603,-1.154
95.800,2.035,7.157,3.583,-0.471,-0.232
95.907,2.028,7.169,3.582,-0.421,0.437
95.934,1.970,7.222,3.574,1.341,-0.671
95.967,1.945,7.232,3.571,1.499,0.061
96.000,1.932,7.235,3.569,1.366,0.620
96.131,1.918,7.237,3.568,0.921,1.043
96.134,1.862,7.235,3.565,1.393,0.556
96.167,1.808,7.221,3.566,1.272,0.794
96.200,1.796,7.216,3.567,1.167,0.942
96.340,1.785,7.211,3.568,1.017,1.103
96.367,1.724,7.171,3.578,0.925,1.181
96.400,1.721,7.167,3.579,0.819,1.256
96.534,1.719,7.164,3.579,0.696,1.329
96.567,1.738,7.165,3.577,-0.228,1.483
96.600,1.745,7.169,3.575,-0.240,1.481
96.712,1.752,7.174,3.574,-0.203,1.486
96.734,1.811,7.224,3.561,-1.378,-0.593
96.767,1.833,7.249,3.556,-1.492,-0.153
96.800,1.845,7.262,3.554,-1.491,0.160
96.895,1.856,7.277,3.553,-1.367,0.618
96.900,1.899,7.342,3.548,-1.067,-1.054
96.934,1.917,7.377,3.547,-1.152,-0.960
96.967,1.933,7.413,3.546,-1.381,-0.585
97.000,1.939,7.431,3.547,-1.498,-0.085
97.147,1.945,7.449,3.547,-1.189,0.494
97.167,1.956,7.572,3.550,-0.268,-1.476
97.200,1.953,7.583,3.549,-0.337,-1.462
97.333,1.948,7.594,3.549,-0.487,-1.419
97.335,1.943,7.604,3.548,0.055,-1.499
97.367,1.882,7.645,3.535,1.464,-0.326
97.400,1.871,7.647,3.533,1.494,0.129
97.550,1.859,7.647,3.531,1.352,0.650
97.567,1.762,7.616,3.520,1.227,0.863
97.600,1.751,7.608,3.520,1.130,0.986
97.738,1.732,7.592,3.520,0.853,1.234
97.767,1.692,7.528,3.524,0.645,1.354
97.800,1.690,7.520,3.524,0.564,1.390
97.960,1.689,7.512,3.525,0.478,1.422
97.967,1.718,7.479,3.525,-0.801,1.268
98.000,1.726,7.479,3.524,-0.734,1.308
98.158,1.734,7.481,3.523,-0.632,1.360
98.167,1.812,7.530,3.512,-1.453,-0.374
98.200,1.822,7.541,3.510,-1.484,-0.219
98.347,1.831,7.553,3.509,-1.499,0.043
98.367,1.884,7.673,3.502,-0.806,-1.265
98.400,1.886,7.689,3.502,-0.901,-1.199
98.517,1.888,7.706,3.502,-1.083,-1.038
98.534,1.876,7.796,3.500,0.091,-1.497
98.567,1.864,7.820,3.499,0.110,-1.496
98.600,1.857,7.831,3.499,0.146,-1.493
98.744,1.849,7.841,3.498,0.056,-0.593
98.767,1.766,7.884,3.489,1.448,-0.392
98.800,1.755,7.885,3.488,1.499,-0.063
98.950,1.744,7.884,3.487,1.445,0.402
98.967,1.667,7.842,3.483,1.018,1.102
99.000,1.660,7.833,3.483,0.922,1.183
99.112,1.654,7.824,3.482,0.807,1.265
99.134,1.639,7.764,3.486,0.347,1.459
99.167,1.642,7.745,3.488,0.238,1.481
99.200,1.644,7.736,3.489,0.176,1.490
99.344,1.648,7.728,3.490,0.133,1.494
99.367,1.706,7.691,3.494,-0.914,1.189
99.400,1.715,7.691,3.494,-0.842,1.241
99.543,1.725,7.692,3.494,-0.737,1.306
99.567,1.803,7.739,3.493,-1.479,-0.251
99.600,1.811,7.750,3.492,-1.500,-0.030
99.711,1.818,7.761,3.492,-1.466,0.316
99.734,1.846,7.844,3.489,-1.317,-0.718
99.767,1.847,7.876,3.488,-1.371,0.031
99.800,1.846,7.891,3.488,-1.027,0.435
99.957,1.845,7.907,3.487,-0.792,0.872
99.967,1.791,8.019,3.485,0.877,-1.217
100.000,1.780,8.030,3.484,0.953,-1.158
100.132,1.768,8.041,3.484,1.053,-1.068
100.134,1.741,8.060,3.483,1.231,-0.857
100.167,1.646,8.101,3.486,1.490,-0.171
100.200,1.630,8.105,3.487,1.491,0.167
100.343,1.613,8.108,3.488,1.395,0.550
100.367,1.504,8.106,3.502,1.392,0.559
100.400,1.494,8.103,3.503,1.315,0.721
100.523,1.486,8.099,3.504,1.196,0.905
100.534,1.456,8.073,3.510,0.813,1.261
100.567,1.454,8.064,3.512,0.606,1.372
100.600,1.455,8.060,3.512,0.495,1.416
100.724,1.458,8.056,3.513,0.401,1.445
100.734,1.492,8.045,3.514,-0.992,1.125
100.767,1.510,8.048,3.514,-0.767,1.289
100.800,1.520,8.050,3.513,-0.662,1.346
100.945,1.530,8.053,3.513,-0.513,1.409
100.967,1.621,8.116,3.511,-1.476,-0.266
101.000,1.631,8.129,3.511,-1.498,-0.079
101.138,1.641,8.142,3.511,-1.480,0.242
101.167,1.689,8.269,3.508,-0.814,-1.260
101.200,1.691,8.287,3.507,-0.928,-1.178
101.349,1.692,8.304,3.507,-1.101,-1.019
101.367,1.659,8.426,3.504,0.382,-1.451
101.400,1.651,8.438,3.503,0.371,-1.453
101.556,1.633,8.459,3.502,0.346,-0.957
101.567,1.552,8.501,3.494,1.448,-0.391
101.600,1.540,8.503,3.493,1.480,-0.245
101.750,1.528,8.503,3.492,1.500,-0.012
101.767,1.449,8.471,3.488,1.196,0.905
101.800,1.443,8.463,3.487,1.063,1.058
101.915,1.437,8.455,3.487,0.906,1.195
101.934,1.424,8.400,3.486,0.187,1.488
101.967,1.428,8.381,3.487,0.043,1.499
102.000,1.432,8.373,3.487,-0.100,1.497
102.119,1.436,8.365,3.487,-0.176,1.490
102.134,1.482,8.333,3.488,-0.905,1.196
102.167,1.501,8.329,3.488,-0.853,1.234
102.200,1.512,8.329,3.488,-0.840,1.243
102.329,1.522,8.330,3.488,-0.788,1.276
102.334,1.583,8.358,3.488,-1.460,-0.344
102.368,1.600,8.376,3.487,-1.498,-0.070
102.400,1.608,8.387,3.487,-1.494,0.132
102.555,1.615,8.398,3.486,-1.443,0.411
102.567,1.634,8.508,3.481,-0.344,-1.460
102.600,1.631,8.523,3.480,-0.422,-1.440
102.700,1.628,8.538,3.480,-0.575,-1.385
102.734,1.586,8.618,3.477,-0.004,-1.500
102.767,1.565,8.640,3.476,-0.192,-0.985
102.800,1.553,8.650,3.476,-0.380,-0.296
102.926,1.541,8.659,3.475,-0.521,0.278
102.934,1.464,8.691,3.476,1.464,-0.325
102.967,1.438,8.693,3.478,1.498,0.074
103.000,1.425,8.693,3.479,1.418,0.489
103.137,1.413,8.691,3.479,1.003,0.942
103.167,1.329,8.650,3.490,1.051,1.070
103.200,1.321,8.642,3.492,0.878,1.216
103.322,1.315,8.634,3.494,0.672,1.341
103.334,1.295,8.588,3.507,0.393,1.447
103.367,1.296,8.576,3.511,0.056,1.499
103.400,1.298,8.571,3.513,-0.116,1.496
103.522,1.300,8.567,3.515,-0.262,1.477
103.534,1.334,8.560,3.520,-1.324,0.705
103.567,1.350,8.566,3.520,-1.226,0.864
103.600,1.359,8.570,3.520,-1.179,0.927
103.747,1.368,8.576,3.520,-1.104,1.015
103.767,1.433,8.658,3.519,-1.310,-0.731
103.800,1.439,8.672,3.519,-1.401,-0.537
103.949,1.444,8.687,3.519,-1.483,-0.227
103.967,1.452,8.815,3.519,-0.271,-1.475
104.000,1.448,8.830,3.519,-0.432,-1.436
104.096,1.443,8.846,3.519,-0.665,-1.344
104.100,1.413,8.900,3.518,0.484,-1.420
104.134,1.393,8.922,3.516,0.552,-1.395
104.167,1.371,8.940,3.515,0.238,-1.031
104.200,1.358,8.948,3.514,-0.215,-0.356
104.352,1.346,8.955,3.513,-0.539,0.179
104.367,1.245,8.967,3.507,1.452,0.375
104.400,1.234,8.964,3.507,1.253,0.824
104.552,1.213,8.954,3.507,0.141,1.301
104.567,1.163,8.897,3.508,0.556,1.393
104.600,1.159,8.887,3.508,0.402,1.445
104.751,1.156,8.878,3.509,0.211,1.485
104.767,1.164,8.812,3.519,-0.578,1.384
104.801,1.173,8.802,3.521,-0.708,1.323
104.957,1.179,8.798,3.522,-0.760,1.293
104.967,1.228,8.801,3.527,-1.434,0.438
105.000,1.235,8.806,3.527,-1.405,0.526
105.132,1.242,8.812,3.528,-1.357,0.639
105.134,1.261,8.835,3.528,-1.393,-0.556
105.167,1.281,8.893,3.528,-1.180,-0.926
105.200,1.282,8.906,3.527,-1.311,-0.730
105.341,1.283,8.920,3.527,-1.445,-0.403
105.367,1.251,9.033,3.526,0.108,-1.496
105.400,1.243,9.046,3.526,-0.042,-1.499
105.554,1.233,9.058,3.526,-0.385,-1.450
105.567,1.133,9.123,3.520,1.297,-0.754
105.600,1.119,9.126,3.519,1.313,-0.726
105.725,1.104,9.128,3.518,1.342,-0.669
105.735,1.022,9.120,3.513,1.465,0.320
105.767,0.999,9.109,3.512,1.317,0.717
105.800,0.988,9.102,3.511,1.048,1.073
105.957,0.979,9.094,3.510,0.587,1.381
105.967,0.937,9.018,3.507,0.267,1.476
106.000,0.937,8.999,3.506,-0.049,1.499
106.150,0.938,8.990,3.506,-0.229,1.482
106.167,0.975,8.948,3.504,-1.004,1.115
106.200,0.984,8.945,3.503,-1.024,1.096
106.344,0.992,8.943,3.503,-1.032,1.089
106.367,1.065,8.970,3.499,-1.498,0.079
106.400,1.073,8.978,3.499,-1.489,0.179
106.525,1.088,8.997,3.498,-1.442,0.414
106.534,1.108,9.057,3.495,-1.048,-1.073
106.567,1.110,9.085,3.493,-1.264,-0.808
106.600,1.109,9.099,3.492,-1.373,-0.604
106.744,1.107,9.113,3.491,-1.473,-0.281
106.767,1.052,9.218,3.486,0.014,-1.500
106.800,1.041,9.228,3.485,-0.144,-1.326
106.938,1.029,9.238,3.484,-0.489,-0.585
106.968,0.909,9.280,3.474,1.479,-0.248
107.000,0.893,9.281,3.473,1.494,-0.135
107.150,0.876,9.280,3.472,1.499,0.047
107.168,0.756,9.241,3.469,1.347,0.661
107.200,0.743,9.232,3.470,1.285,0.774
107.347,0.732,9.224,3.470,1.170,0.939
107.368,0.673,9.148,3.476,0.651,1.352
107.400,0.670,9.139,3.476,0.591,1.379
107.553,0.668,9.131,3.477,0.480,1.421
107.567,0.690,9.091,3.480,-0.688,1.333
107.600,0.697,9.090,3.480,-0.646,1.354
107.744,0.704,9.090,3.480,-0.624,1.364
107.767,0.777,9.129,3.475,-1.473,-0.284
107.800,0.786,9.139,3.475,-1.490,-0.173
107.955,0.795,9.149,3.474,-1.499,0.047
107.967,0.846,9.262,3.474,-0.619,-1.366
108.000,0.849,9.278,3.474,-0.630,-1.361
108.145,0.851,9.295,3.474,-0.702,-1.326
108.167,0.829,9.410,3.479,0.039,-1.500
108.200,0.822,9.422,3.480,0.111,-1.496
108.357,0.814,9.433,3.480,0.122,-1.495
108.368,0.738,9.481,3.480,1.332,-0.689
108.400,0.727,9.483,3.480,1.374,-0.601
108.553,0.717,9.483,3.480,1.414,-0.501
108.567,0.645,9.446,3.479,1.233,0.855
108.600,0.639,9.437,3.479,1.212,0.884
108.756,0.633,9.428,3.479,1.172,0.936
108.767,0.622,9.339,3.481,0.269,1.476
108.800,0.626,9.328,3.482,0.326,1.464
108.961,0.630,9.317,3.483,0.371,1.453
108.967,0.697,9.255,3.485,-1.041,1.080
109.000,0.708,9.252,3.484,-0.983,1.133
109.157,0.719,9.249,3.484,-0.894,1.205
109.167,0.814,9.269,3.484,-1.479,-0.251
109.200,0.824,9.276,3.483,-1.484,-0.216
109.359,0.843,9.293,3.483,-1.500,-0.003
109.367,0.881,9.374,3.481,-0.596,-1.377
109.400,0.882,9.387,3.480,-0.599,-1.375
109.553,0.882,9.400,3.480,-0.576,-1.385
109.567,0.846,9.493,3.479,0.632,-1.360
109.600,0.837,9.502,3.479,0.692,-1.331
109.740,0.828,9.510,3.479,0.811,-1.262
109.767,0.741,9.537,3.479,1.463,-0.329
109.800,0.730,9.535,3.479,1.482,-0.231
109.948,0.720,9.533,3.479,1.496,-0.108
109.967,0.659,9.479,3.479,1.030,1.091
110.000,0.656,9.469,3.478,0.959,1.153
110.142,0.653,9.458,3.478,0.918,1.186
110.167,0.671,9.368,3.477,-0.157,1.492
110.200,0.678,9.358,3.477,-0.195,1.487
110.342,0.686,9.348,3.477,-0.178,1.489
110.367,0.773,9.302,3.477,-1.130,0.987
110.400,0.786,9.300,3.477,-1.122,0.996
110.511,0.798,9.300,3.477,-1.075,1.046
110.534,0.868,9.321,3.477,-1.500,-0.019
110.567,0.887,9.336,3.476,-1.492,0.152
110.600,0.896,9.344,3.476,-1.478,0.253
110.739,0.903,9.354,3.476,-1.435,0.438
110.767,0.928,9.451,3.470,-0.893,-1.205
110.800,0.926,9.464,3.469,-1.027,-1.094
110.945,0.923,9.478,3.468,-1.200,-0.899
110.967,0.862,9.575,3.464,0.848,-1.238
111.000,0.851,9.585,3.464,0.824,-1.253
111.157,0.838,9.594,3.463,0.807,-1.264
111.167,0.724,9.632,3.465,1.478,-0.256
111.200,0.710,9.632,3.466,1.486,-0.205
111.358,0.696,9.631,3.466,1.494,-0.134
111.367,0.608,9.591,3.470,1.216,0.879
111.400,0.601,9.583,3.470,1.137,0.978
111.548,0.591,9.565,3.470,0.895,1.204
111.567,0.590,9.498,3.470,-0.205,1.486
111.600,0.594,9.489,3.471,-0.339,1.461
111.726,0.599,9.481,3.471,-0.434,1.436
111.734,0.650,9.448,3.470,-1.257,0.819
111.767,0.672,9.445,3.470,-1.255,0.822
111.800,0.683,9.445,3.470,-1.265,0.806
111.942,0.695,9.445,3.470,-1.252,0.826
111.967,0.778,9.489,3.473,-1.482,-0.230
112.001,0.792,9.508,3.473,-1.500,-0.035
112.160,0.798,9.519,3.473,-1.496,0.110
112.167,0.811,9.605,3.473,-0.570,-1.387
112.200,0.808,9.618,3.473,-0.775,-1.285
112.352,0.804,9.630,3.472,-1.021,-1.099
112.367,0.738,9.715,3.470,0.953,-1.158
112.400,0.713,9.729,3.470,0.806,-1.265
112.553,0.700,9.734,3.470,0.572,-1.387
112.567,0.603,9.745,3.472,1.500,0.030
112.600,0.589,9.742,3.472,1.477,0.262
112.736,0.564,9.734,3.473,0.230,0.644
112.767,0.502,9.679,3.475,0.625,1.364
112.800,0.493,9.658,3.476,-0.030,1.500
112.926,0.493,9.658,3.476,-0.030,1.500
112.934,0.492,9.595,3.480,-0.253,1.479
112.967,0.499,9.577,3.482,-0.574,1.386
113.000,0.504,9.569,3.483,-0.734,1.308
113.137,0.510,9.562,3.484,-0.874,1.219
113.167,0.569,9.538,3.494,-1.298,0.752
113.201,0.584,9.542,3.496,-1.328,0.697
113.341,0.590,9.546,3.497,-1.329,0.696
113.367,0.621,9.599,3.499,-1.456,-0.359
113.400,0.623,9.610,3.499,-1.485,-0.209
113.536,0.622,9.634,3.499,-1.497,0.096
113.567,0.586,9.727,3.494,-0.402,-1.445
113.600,0.577,9.741,3.493,-0.704,-1.324
113.761,0.566,9.754,3.492,-1.137,-0.978
113.768,0.484,9.822,3.487,1.073,-1.048
113.800,0.433,9.846,3.485,1.199,-0.901
113.936,0.416,9.852,3.484,1.159,-0.952
113.967,0.276,9.866,3.484,1.499,-0.044
114.000,0.245,9.860,3.485,1.479,0.249
114.154,0.245,9.860,3.485,1.479,0.249
114.167,0.155,9.801,3.483,0.928,1.178
114.200,0.148,9.792,3.483,0.718,1.317
114.352,0.143,9.782,3.482,0.431,1.437
114.367,0.138,9.705,3.481,-0.426,1.438
114.400,0.142,9.698,3.481,-0.584,1.382
114.547,0.147,9.691,3.481,-0.741,1.304
114.567,0.211,9.668,3.480,-1.369,0.612
114.600,0.221,9.670,3.480,-1.375,0.600
114.759,0.230,9.673,3.480,-1.372,0.605
114.767,0.293,9.732,3.481,-1.250,-0.829
114.800,0.298,9.743,3.481,-1.305,-0.739
114.911,0.302,9.755,3.481,-1.374,-0.601
114.935,0.304,9.832,3.482,-0.816,-1.258
114.967,0.296,9.858,3.482,-1.143,-0.971
115.001,0.284,9.882,3.483,-1.392,-0.558
115.167,0.276,9.893,3.483,-1.475,-0.270
115.201,0.185,9.953,3.479,1.164,-0.946
115.355,0.154,9.959,3.477,0.688,-0.903
115.367,0.032,9.944,3.469,1.452,0.375
115.400,0.013,9.938,3.469,1.430,0.451
115.562,-0.007,9.932,3.468,1.391,0.561
115.567,-0.110,9.892,3.472,1.328,0.697
115.600,-0.193,9.857,3.482,1.278,0.785
115.751,-0.213,9.849,3.485,1.195,0.907
115.767,-0.348,9.794,3.514,1.267,0.803
115.800,-0.361,9.790,3.517,1.175,0.932
115.926,-0.373,9.787,3.519,1.014,1.106
115.934,-0.423,9.782,3.530,1.376,0.597
115.967,-0.432,9.787,3.531,0.871,1.137
116.000,-0.434,9.790,3.531,0.098,1.030
116.165,-0.436,9.794,3.531,-0.474,0.991
116.167,-0.434,9.811,3.528,-1.112,-1.007
116.200,-0.403,9.863,3.520,-1.179,-0.927
116.363,-0.395,9.874,3.519,-1.323,-0.707
116.367,-0.344,9.936,3.516,-1.129,-0.988
116.400,-0.298,9.990,3.521,-1.207,-0.890
116.562,-0.287,10.003,3.524,-1.279,-0.783
116.567,-0.219,10.087,3.544,-1.177,-0.930
116.600,-0.214,10.094,3.546,-1.240,-0.843
116.759,-0.210,10.100,3.548,-1.315,-0.723
116.767,-0.217,10.112,3.548,-1.435,-0.437
116.800,-0.223,10.109,3.546,-1.496,-0.106
116.945,-0.229,10.105,3.543,-1.497,0.095
116.967,-0.315,10.045,3.519,0.941,1.168
117.000,-0.330,10.035,3.515,0.788,1.277
117.114,-0.346,10.024,3.512,0.517,1.408
117.134,-0.453,9.956,3.504,1.070,1.052
117.167,-0.491,9.934,3.504,0.835,1.246
117.200,-0.511,9.924,3.505,0.571,1.387
117.350,-0.529,9.914,3.507,0.173,1.490
117.367,-0.660,9.866,3.519,1.303,0.744
117.400,-0.672,9.864,3.520,1.213,0.882
117.547,-0.684,9.863,3.521,1.043,1.078
117.567,-0.740,9.890,3.516,1.475,0.272
117.600,-0.742,9.897,3.514,0.688,0.385
117.763,-0.743,9.905,3.512,-0.065,0.511
117.767,-0.727,9.967,3.496,-0.853,-1.234
117.800,-0.705,10.004,3.488,-1.028,-1.093
117.958,-0.695,10.016,3.486,-1.147,-0.967
117.967,-0.589,10.111,3.479,-1.225,-0.866
118.000,-0.574,10.121,3.480,-1.272,-0.795
118.166,-0.545,10.139,3.483,-1.379,-0.590
118.168,-0.517,10.154,3.486,-1.405,-0.525
118.200,-0.449,10.178,3.496,-1.474,-0.278
118.323,-0.441,10.178,3.497,-1.487,-0.199
118.334,-0.413,10.165,3.497,-1.397,0.547
118.367,-0.413,10.155,3.495,-1.394,0.554
118.400,-0.415,10.149,3.494,-1.393,0.558
118.539,-0.417,10.142,3.493,-1.402,0.534
118.567,-0.479,10.078,3.481,0.336,1.462
118.600,-0.491,10.070,3.480,0.077,1.498
118.750,-0.504,10.063,3.479,-0.304,1.469
118.767,-0.635,10.026,3.474,1.305,0.739
118.800,-0.652,10.025,3.474,1.228,0.862
118.945,-0.670,10.025,3.475,1.031,1.089
118.968,-0.794,10.058,3.478,1.500,-0.019
119.000,-0.806,10.066,3.478,1.499,0.050
119.122,-0.817,10.074,3.478,1.167,0.250
119.134,-0.863,10.138,3.477,0.735,-1.307
119.168,-0.869,10.162,3.475,0.212,-1.485
119.200,-0.871,10.174,3.475,-0.491,-1.388
119.365,-0.871,10.186,3.474,-0.949,-0.809
119.367,-0.871,10.198,3.474,-0.892,-1.206
119.400,-0.832,10.279,3.477,-1.120,-0.998
119.560,-0.824,10.286,3.477,-1.241,-0.843
119.568,-0.756,10.307,3.486,-1.472,-0.290
119.600,-0.749,10.305,3.487,-1.490,-0.171
119.751,-0.736,10.298,3.490,-1.500,0.029
119.767,-0.716,10.246,3.492,-1.107,1.012
119.800,-0.718,10.236,3.492,-1.162,0.949
119.969,-0.723,10.215,3.491,-1.269,0.800
120.000,-0.789,10.129,3.487,0.129,1.494
120.166,-0.801,10.120,3.487,-0.192,1.488
120.168,-0.828,10.104,3.486,0.382,1.450
120.200,-0.944,10.077,3.482,1.298,0.752
120.368,-0.981,10.079,3.480,0.997,1.121
120.400,-1.136,10.124,3.476,1.471,-0.292
120.567,-1.154,10.134,3.475,1.484,-0.220
120.601,-1.297,10.278,3.471,0.732,-1.309
120.763,-1.306,10.296,3.470,0.527,-1.405
120.767,-1.332,10.370,3.466,0.251,-1.479
120.800,-1.339,10.445,3.462,-0.050,-1.499
120.964,-1.338,10.464,3.461,-0.258,-1.478
120.967,-1.336,10.481,3.461,-0.429,-1.437
121.000,-1.288,10.598,3.456,-0.926,-1.180
121.162,-1.279,10.608,3.455,-1.032,-1.089
121.167,-1.240,10.640,3.453,-1.238,-0.847
121.200,-1.184,10.656,3.452,-1.429,-0.457
121.369,-1.176,10.655,3.452,-1.460,-0.345
121.400,-1.138,10.612,3.450,-1.352,0.649
121.564,-1.137,10.602,3.450,-1.384,0.579
121.567,-1.141,10.571,3.447,-0.844,1.240
121.600,-1.176,10.498,3.442,-0.017,1.500
121.768,-1.196,10.473,3.440,-0.448,1.432
121.800,-1.313,10.378,3.438,0.853,1.234
121.937,-1.331,10.369,3.438,0.698,1.328
121.968,-1.482,10.325,3.442,1.329,0.695
122.000,-1.520,10.323,3.444,1.194,0.908
122.163,-1.520,10.323,3.444,1.194,0.908
122.167,-1.574,10.330,3.447,1.498,0.067
122.200,-1.668,10.368,3.451,1.458,-0.353
122.369,-1.681,10.378,3.452,1.458,-0.351
122.400,-1.755,10.493,3.455,0.090,-1.497
122.572,-1.755,10.493,3.455,0.090,-1.497
122.601,-1.724,10.598,3.457,-0.997,-1.121
122.768,-1.715,10.605,3.457,-1.183,-0.923
122.801,-1.602,10.640,3.456,-1.475,-0.275
122.967,-1.602,10.640,3.456,-1.475,-0.275
123.000,-1.465,10.594,3.464,-1.439,0.425
123.163,-1.465,10.594,3.464,-1.439,0.425
123.167,-1.428,10.554,3.467,-1.200,0.900
123.200,-1.405,10.494,3.470,-0.988,1.129
123.358,-1.403,10.481,3.470,-1.063,1.058
123.367,-1.430,10.388,3.472,-0.191,1.488
123.400,-1.439,10.378,3.472,-0.351,1.458
123.568,-1.458,10.361,3.472,-0.777,1.283
123.600,-1.560,10.331,3.467,0.922,1.183
123.766,-1.575,10.331,3.466,0.524,1.406
123.767,-1.589,10.333,3.466,1.427,0.461
123.800,-1.702,10.387,3.461,1.395,-0.551
123.961,-1.715,10.399,3.461,1.371,-0.609
123.967,-1.799,10.501,3.463,0.821,-1.256
124.000,-1.819,10.535,3.465,0.710,-1.321
124.140,-1.828,10.552,3.466,0.523,-1.406
124.167,-1.873,10.690,3.484,0.199,-1.487
124.200,-1.874,10.705,3.487,0.018,-1.500
124.350,-1.875,10.720,3.489,-0.207,-1.486
124.367,-1.854,10.805,3.502,-0.831,-1.249
124.400,-1.849,10.812,3.503,-0.971,-1.144
124.517,-1.843,10.817,3.504,-1.116,-1.003
124.534,-1.805,10.824,3.507,-1.458,-0.354
124.567,-1.793,10.818,3.508,-1.487,-0.199
124.600,-1.788,10.813,3.508,-1.496,-0.115
124.764,-1.783,10.807,3.509,-1.499,-0.065
124.767,-1.772,10.784,3.509,-1.230,0.858
124.800,-1.773,10.722,3.509,-0.590,1.379
124.920,-1.777,10.710,3.509,-0.759,1.294
124.934,-1.821,10.640,3.507,0.289,1.472
124.967,-1.843,10.620,3.506,-0.119,1.495
125.000,-1.856,10.611,3.506,-0.382,1.451
125.119,-1.869,10.602,3.505,-0.738,1.306
125.134,-1.963,10.569,3.501,1.170,0.938
125.167,-1.996,10.566,3.499,0.932,1.175
125.200,-2.013,10.566,3.499,0.661,1.347
125.340,-2.030,10.567,3.498,-0.016,1.212
125.367,-2.146,10.614,3.493,1.381,-0.584
125.400,-2.158,10.624,3.492,1.337,-0.680
125.526,-2.168,10.635,3.492,1.255,-0.822
125.534,-2.211,10.714,3.486,0.534,-1.402
125.567,-2.217,10.743,3.485,0.214,-1.485
125.600,-2.219,10.758,3.485,-0.140,-1.493
125.739,-2.219,10.772,3.484,-0.544,-1.398
125.767,-2.191,10.866,3.485,-0.799,-1.269
125.800,-2.184,10.874,3.485,-0.940,-1.169
125.947,-2.177,10.882,3.485,-1.087,-1.034
125.967,-2.117,10.899,3.488,-1.448,-0.391
126.000,-2.111,10.897,3.488,-1.469,-0.304
126.139,-2.105,10.893,3.488,-1.482,-0.234
126.167,-2.085,10.831,3.486,-1.079,1.042
126.200,-2.087,10.820,3.485,-1.156,0.956
126.337,-2.090,10.808,3.484,-1.251,0.827
126.367,-2.151,10.714,3.479,0.321,1.465
126.400,-2.162,10.704,3.479,0.126,1.495
126.555,-2.189,10.685,3.478,-0.498,1.415
126.567,-2.298,10.645,3.477,1.324,0.705
126.600,-2.314,10.644,3.476,1.269,0.800
126.765,-2.330,10.643,3.476,1.125,0.993
126.767,-2.362,10.646,3.476,1.393,0.557
126.800,-2.453,10.685,3.475,1.446,-0.401
126.921,-2.463,10.694,3.474,1.429,-0.457
126.934,-2.499,10.758,3.470,0.508,-1.412
126.967,-2.503,10.783,3.468,0.090,-1.497
127.000,-2.503,10.795,3.467,-0.358,-1.457
127.166,-2.502,10.808,3.467,-0.804,-1.267
127.168,-2.497,10.833,3.466,-0.841,-1.242
127.200,-2.451,10.909,3.470,-1.067,-1.054
127.355,-2.442,10.918,3.471,-1.153,-0.959
127.367,-2.368,10.953,3.483,-1.424,-0.471
127.400,-2.360,10.953,3.485,-1.442,-0.415
127.517,-2.353,10.952,3.486,-1.457,-0.357
127.534,-2.325,10.925,3.491,-1.443,0.411
127.567,-2.323,10.909,3.491,-1.453,0.374
127.600,-2.324,10.901,3.491,-1.455,0.364
127.746,-2.326,10.891,3.491,-1.467,0.314
127.767,-2.379,10.809,3.485,0.111,1.496
127.800,-2.390,10.800,3.485,-0.144,1.493
127.965,-2.402,10.790,3.484,-0.517,1.408
127.967,-2.430,10.773,3.482,0.254,1.478
128.000,-2.548,10.734,3.479,1.338,0.678
128.123,-2.566,10.732,3.479,1.279,0.784
128.134,-2.669,10.740,3.479,1.494,0.135
128.167,-2.699,10.751,3.479,1.490,0.174
128.200,-2.713,10.758,3.479,1.184,0.221
128.344,-2.727,10.766,3.479,0.238,0.226
128.367,-2.800,10.856,3.473,0.695,-1.329
128.400,-2.805,10.869,3.473,0.467,-1.425
128.512,-2.811,10.896,3.471,-0.333,-1.463
128.534,-2.808,10.962,3.471,-0.440,-1.434
128.567,-2.800,10.986,3.472,-0.833,-1.248
128.600,-2.795,10.996,3.473,-1.031,-1.089
128.706,-2.789,11.006,3.474,-1.208,-0.889
128.734,-2.746,11.047,3.480,-1.266,-0.805
128.767,-2.731,11.053,3.483,-1.389,-0.567
128.800,-2.724,11.054,3.484,-1.432,-0.448
128.900,-2.717,11.054,3.486,-1.460,-0.344
128.934,-2.691,11.035,3.492,-1.439,0.424
128.967,-2.689,11.022,3.493,-1.458,0.351
129.000,-2.689,11.015,3.493,-1.464,0.326
129.088,-2.691,11.007,3.494,-1.475,0.273
129.100,-2.708,10.972,3.493,-0.505,1.413
129.134,-2.722,10.953,3.493,-0.915,1.188
129.167,-2.742,10.935,3.492,-1.213,0.882
129.200,-2.753,10.927,3.491,-1.285,0.773
129.317,-2.765,10.918,3.491,-1.378,0.592
129.334,-2.856,10.881,3.488,1.349,0.656
129.367,-2.891,10.874,3.487,1.271,0.797
129.400,-2.910,10.873,3.487,1.178,0.928
129.518,-2.929,10.872,3.487,0.868,1.189
129.534,-3.047,10.887,3.490,1.487,-0.199
129.567,-3.085,10.898,3.493,1.482,-0.233
129.600,-3.104,10.905,3.494,1.474,-0.278
129.730,-3.121,10.913,3.495,1.427,-0.335
129.734,-3.185,10.949,3.501,1.233,-0.854
129.767,-3.234,10.990,3.506,1.040,-1.081
129.800,-3.244,11.001,3.507,0.832,-1.248
129.951,-3.253,11.011,3.509,0.431,-1.437
129.967,-3.283,11.074,3.516,-0.122,-1.495
130.000,-3.282,11.079,3.516,-0.503,-1.413
130.143,-3.280,11.083,3.516,-0.854,-1.233
130.167,-3.236,11.078,3.510,-1.495,-0.117
130.200,-3.228,11.072,3.508,-1.499,-0.054
130.330,-3.220,11.066,3.507,-1.500,-0.024
130.334,-3.172,11.004,3.502,-1.188,0.916
130.367,-3.159,10.977,3.502,-1.260,0.815
130.400,-3.153,10.963,3.502,-1.299,0.750
130.544,-3.148,10.948,3.502,-1.350,0.653
130.567,-3.143,10.836,3.508,-0.542,1.399
130.600,-3.147,10.824,3.509,-0.686,1.334
130.709,-3.152,10.813,3.509,-0.867,1.224
130.734,-3.201,10.765,3.507,0.180,1.489
130.767,-3.223,10.757,3.504,-0.461,1.428
130.800,-3.235,10.755,3.502,-0.775,1.285
130.956,-3.248,10.754,3.501,-1.087,1.034
130.967,-3.358,10.786,3.485,1.396,-0.548
131.000,-3.372,10.795,3.483,1.378,-0.592
131.097,-3.386,10.805,3.481,1.348,-0.657
131.100,-3.426,10.841,3.477,1.064,-1.057
131.134,-3.464,10.884,3.476,0.999,-1.119
131.167,-3.487,10.915,3.477,0.702,-1.326
131.200,-3.497,10.931,3.478,0.271,-1.475
131.361,-3.507,10.947,3.479,-0.356,-1.316
131.367,-3.557,11.057,3.495,0.360,-1.456
131.400,-3.559,11.067,3.496,0.176,-1.490
131.559,-3.562,11.085,3.499,-0.454,-1.430
131.567,-3.548,11.115,3.502,-1.202,-0.898
131.600,-3.543,11.115,3.501,-1.298,-0.751
131.745,-3.539,11.114,3.500,-1.371,-0.608
131.767,-3.492,11.064,3.497,-1.304,0.741
131.800,-3.487,11.054,3.497,-1.335,0.685
131.939,-3.482,11.042,3.496,-1.373,0.603
131.967,-3.472,10.935,3.501,-0.590,1.379
132.000,-3.475,10.921,3.502,-0.697,1.328
132.131,-3.479,10.908,3.503,-0.843,1.241
132.134,-3.505,10.860,3.505,0.031,1.500
132.167,-3.545,10.826,3.505,0.329,1.464
132.200,-3.556,10.819,3.504,0.085,1.498
132.321,-3.568,10.814,3.504,-0.309,1.468
132.334,-3.648,10.807,3.498,1.330,0.693
132.367,-3.675,10.813,3.496,1.146,0.968
132.400,-3.688,10.818,3.495,0.414,0.889
132.532,-3.712,10.831,3.492,-0.694,0.546
132.534,-3.745,10.858,3.489,1.011,-1.108
132.567,-3.778,10.906,3.484,0.595,-1.377
132.600,-3.784,10.920,3.483,0.131,-1.494
132.710,-3.789,10.934,3.482,-0.497,-1.386
132.734,-3.796,11.026,3.481,-0.423,-1.439
132.767,-3.790,11.056,3.483,-0.952,-1.160
132.800,-3.786,11.071,3.483,-1.147,-0.967
132.954,-3.782,11.084,3.485,-1.310,-0.731
132.967,-3.730,11.165,3.499,-1.144,-0.971
133.000,-3.724,11.170,3.501,-1.210,-0.887
133.120,-3.718,11.175,3.503,-1.279,-0.784
133.134,-3.697,11.181,3.511,-1.375,-0.600
133.167,-3.696,11.175,3.512,-1.446,-0.400
133.200,-3.697,11.171,3.512,-1.471,-0.294
133.330,-3.703,11.160,3.512,-1.495,-0.127
133.334,-3.735,11.121,3.505,0.414,1.442
133.367,-3.755,11.101,3.501,-0.085,1.498
133.400,-3.767,11.091,3.500,-0.449,1.431
133.542,-3.780,11.080,3.498,-0.900,1.200
133.567,-3.910,10.998,3.495,0.878,1.216
133.600,-3.946,10.982,3.496,0.290,1.472
133.747,-3.946,10.982,3.496,0.290,1.472
133.767,-4.080,10.952,3.507,1.439,0.423
133.800,-4.094,10.953,3.509,1.411,0.510
133.949,-4.107,10.954,3.510,1.337,0.679
133.967,-4.181,11.001,3.509,1.059,-1.062
134.000,-4.190,11.021,3.506,0.430,-1.437
134.154,-4.190,11.021,3.506,0.430,-1.437
134.167,-4.180,11.109,3.499,-0.607,-1.372
134.200,-4.167,11.129,3.498,-0.981,-1.135
134.355,-4.167,11.129,3.498,-0.981,-1.135
134.367,-4.089,11.179,3.498,-1.368,-0.615
134.400,-4.067,11.182,3.498,-1.433,-0.445
134.553,-4.067,11.182,3.498,-1.433,-0.445
134.567,-3.997,11.152,3.500,-1.472,0.291
134.600,-3.991,11.144,3.500,-1.473,0.285
134.744,-3.987,11.136,3.499,-1.478,0.257
134.767,-3.990,11.054,3.494,-1.039,1.082
134.800,-3.995,11.044,3.493,-1.132,0.984
134.948,-4.002,11.033,3.492,-1.248,0.833
134.967,-4.089,10.967,3.485,0.630,1.361
135.000,-4.104,10.961,3.484,0.419,1.440
135.143,-4.119,10.957,3.482,0.011,1.500
135.167,-4.256,10.960,3.475,1.453,0.372
135.200,-4.273,10.965,3.474,1.421,0.481
135.332,-4.290,10.971,3.474,0.954,0.597
135.334,-4.322,10.987,3.472,1.455,-0.365
135.367,-4.399,11.053,3.468,0.924,-1.182
135.400,-4.408,11.066,3.467,0.402,-1.406
135.550,-4.417,11.080,3.466,-0.337,-0.950
135.567,-4.444,11.190,3.465,-0.161,-1.491
135.600,-4.443,11.203,3.465,-0.408,-1.444
135.730,-4.441,11.214,3.466,-0.705,-1.324
135.734,-4.417,11.259,3.467,-1.025,-1.095
135.767,-4.396,11.274,3.467,-1.233,-0.855
135.800,-4.389,11.277,3.467,-1.320,-0.713
135.944,-4.381,11.279,3.468,-1.386,-0.574
135.967,-4.328,11.255,3.471,-1.469,0.301
136.000,-4.321,11.240,3.471,-1.474,0.280
136.147,-4.319,11.231,3.472,-1.481,0.241
136.167,-4.331,11.156,3.472,-0.377,1.452
136.200,-4.336,11.145,3.471,-0.565,1.389
136.338,-4.344,11.134,3.471,-0.809,1.263
136.368,-4.435,11.058,3.471,0.925,1.181
136.400,-4.449,11.052,3.471,0.789,1.276
136.555,-4.465,11.046,3.471,0.504,1.413
136.567,-4.588,11.039,3.475,1.500,0.028
136.600,-4.616,11.048,3.476,1.500,0.035
136.717,-4.616,11.048,3.476,1.500,0.035
136.734,-4.680,11.095,3.476,1.063,-1.059
136.767,-4.694,11.117,3.476,0.711,-1.321
136.800,-4.699,11.128,3.475,0.425,-1.429
136.949,-4.703,11.139,3.475,-0.149,-0.992
136.967,-4.697,11.228,3.477,-0.602,-1.374
137.000,-4.686,11.245,3.478,-0.853,-1.234
137.157,-4.680,11.252,3.479,-1.013,-1.106
137.167,-4.622,11.276,3.483,-1.460,-0.342
137.200,-4.613,11.275,3.483,-1.465,-0.324
137.323,-4.596,11.270,3.485,-1.478,-0.258
137.334,-4.564,11.240,3.487,-1.498,0.085
137.367,-4.556,11.222,3.487,-1.489,0.180
137.400,-4.554,11.212,3.487,-1.483,0.225
137.545,-4.552,11.191,3.487,-1.480,0.245
137.567,-4.578,11.110,3.486,0.174,1.490
137.601,-4.595,11.089,3.485,0.031,1.500
137.745,-4.605,11.079,3.485,-0.169,1.490
137.767,-4.699,11.025,3.484,1.239,0.845
137.800,-4.715,11.020,3.484,1.236,0.849
137.957,-4.731,11.017,3.484,1.189,0.915
137.967,-4.848,11.021,3.489,1.498,-0.074
138.000,-4.861,11.026,3.490,1.497,-0.088
138.139,-4.872,11.031,3.491,1.498,-0.084
138.167,-4.928,11.097,3.491,0.916,-1.187
138.200,-4.930,11.107,3.490,0.909,-1.193
138.356,-4.931,11.117,3.490,0.882,-1.214
138.367,-4.901,11.190,3.488,-0.684,-1.335
138.400,-4.893,11.197,3.488,-0.671,-1.341
138.557,-4.884,11.203,3.488,-0.676,-1.339
138.567,-4.794,11.217,3.487,-1.444,-0.405
138.600,-4.782,11.215,3.487,-1.444,-0.408
138.735,-4.770,11.211,3.487,-1.440,-0.419
138.767,-4.698,11.146,3.487,-1.092,1.028
138.800,-4.693,11.134,3.487,-1.064,1.057
138.952,-4.689,11.122,3.486,-1.062,1.059
138.967,-4.694,11.020,3.485,0.054,1.499
139.000,-4.700,11.008,3.485,0.124,1.495
139.151,-4.706,10.997,3.485,0.156,1.492
139.167,-4.786,10.937,3.482,1.233,0.855
139.200,-4.798,10.934,3.482,1.268,0.802
139.325,-4.811,10.932,3.481,1.284,0.775
139.334,-4.881,10.943,3.480,1.497,-0.089
139.367,-4.901,10.954,3.480,1.495,-0.127
139.400,-4.909,10.962,3.480,1.491,-0.160
139.490,-4.917,10.970,3.480,1.492,-0.157
139.500,-4.940,11.008,3.479,1.064,-1.057
139.534,-4.946,11.030,3.478,1.085,-1.036
139.567,-4.947,11.053,3.477,1.122,-0.995
139.600,-4.946,11.064,3.477,1.177,-0.930
139.732,-4.944,11.075,3.477,1.245,-0.837
139.734,-4.940,11.086,3.477,0.577,-1.385
139.767,-4.890,11.147,3.476,-0.460,-1.428
139.800,-4.879,11.153,3.475,-0.247,-1.480
139.935,-4.868,11.158,3.474,0.025,-1.500
139.967,-4.759,11.157,3.468,-1.500,-0.005
140.000,-4.745,11.153,3.468,-1.500,-0.017
140.157,-4.731,11.147,3.467,-1.499,-0.064
140.167,-4.640,11.065,3.463,-0.936,1.172
140.200,-4.632,11.051,3.463,-0.869,1.223
140.341,-4.625,11.038,3.463,-0.792,1.274
140.367,-4.608,10.933,3.466,0.043,1.499
140.400,-4.611,10.921,3.467,0.208,1.486
140.560,-4.614,10.911,3.468,0.375,1.452
140.567,-4.668,10.860,3.469,1.161,0.950
140.600,-4.676,10.858,3.469,1.228,0.861
140.737,-4.685,10.857,3.468,1.278,0.786
140.767,-4.752,10.891,3.469,1.396,-0.549
140.800,-4.759,10.900,3.469,1.409,-0.514
140.949,-4.764,10.909,3.469,1.427,-0.464
140.967,-4.775,11.004,3.469,0.441,-1.434
141.000,-4.772,11.017,3.470,0.588,-1.380
141.143,-4.767,11.029,3.470,0.749,-1.299
141.167,-4.697,11.110,3.471,-0.407,-1.444
141.200,-4.685,11.117,3.470,-0.181,-1.489
141.355,-4.672,11.122,3.470,0.130,-1.494
141.367,-4.563,11.130,3.469,-1.498,-0.085
141.400,-4.550,11.125,3.468,-1.496,-0.114
141.525,-4.538,11.120,3.468,-1.489,-0.183
141.534,-4.476,11.069,3.466,-1.196,0.905
141.567,-4.462,11.046,3.466,-0.974,1.141
141.600,-4.457,11.034,3.465,-0.558,1.392
141.753,-4.452,11.021,3.465,0.168,1.026
141.767,-4.453,10.922,3.468,0.578,1.384
141.800,-4.457,10.911,3.469,0.744,1.303
141.953,-4.463,10.902,3.469,0.933,1.175
141.967,-4.529,10.859,3.473,1.380,0.587
142.000,-4.539,10.858,3.473,1.409,0.514
142.154,-4.549,10.859,3.474,1.434,0.439
142.167,-4.608,10.899,3.477,1.284,-0.776
142.200,-4.613,10.908,3.477,1.312,-0.728
142.309,-4.616,10.918,3.477,1.348,-0.658
142.334,-4.613,10.983,3.478,0.676,-1.339
142.367,-4.603,11.006,3.478,0.945,-1.165
142.400,-4.597,11.016,3.478,1.063,-1.058
142.545,-4.589,11.027,3.478,1.203,-0.896
142.567,-4.497,11.084,3.475,-1.071,-1.051
142.600,-4.483,11.087,3.474,-0.938,-1.171
142.754,-4.467,11.089,3.473,-0.628,-1.362
142.767,-4.337,11.066,3.470,-1.470,0.301
142.800,-4.321,11.059,3.470,-1.464,0.327
142.959,-4.306,11.050,3.470,-1.458,0.352
142.967,-4.210,10.958,3.472,-0.853,1.234
143.000,-4.203,10.945,3.473,-0.738,1.306
143.093,-4.196,10.932,3.473,-0.573,1.386
143.100,-4.180,10.883,3.476,-0.226,1.483
143.134,-4.178,10.861,3.477,0.155,1.492
143.167,-4.181,10.841,3.478,0.765,1.290
143.200,-4.184,10.833,3.478,1.050,1.072
143.349,-4.191,10.819,3.479,1.377,0.594
143.367,-4.235,10.802,3.481,1.487,0.200
143.400,-4.242,10.804,3.482,1.493,0.147
143.556,-4.249,10.807,3.482,1.496,0.105
143.567,-4.281,10.864,3.486,1.008,-1.110
143.600,-4.282,10.874,3.487,1.080,-1.041
143.750,-4.281,10.885,3.487,1.171,-0.938
143.767,-4.240,10.970,3.490,-0.203,-1.486
143.800,-4.230,10.979,3.491,-0.016,-1.500
143.930,-4.219,10.987,3.491,0.273,-1.475
143.934,-4.142,11.021,3.492,-1.203,-0.896
143.967,-4.113,11.024,3.492,-1.049,-1.073
144.000,-4.098,11.024,3.492,-0.831,-1.249
144.153,-4.083,11.023,3.492,-0.195,-1.236
144.167,-3.982,10.977,3.491,-1.220,0.872
144.200,-3.972,10.967,3.490,-1.128,0.989
144.342,-3.964,10.956,3.490,-0.957,1.155
144.367,-3.933,10.852,3.486,-0.132,1.494
144.400,-3.934,10.838,3.486,0.113,1.496
144.540,-3.936,10.825,3.486,0.437,1.435
144.567,-3.986,10.742,3.485,0.937,1.171
144.600,-3.995,10.736,3.485,1.059,1.062
144.733,-4.005,10.730,3.485,1.176,0.931
144.735,-4.024,10.723,3.484,1.332,0.689
144.767,-4.081,10.728,3.484,1.500,-0.004
144.800,-4.089,10.733,3.484,1.500,-0.028
144.943,-4.097,10.738,3.484,1.500,-0.034
144.967,-4.123,10.811,3.479,0.945,-1.165
145.000,-4.122,10.822,3.478,1.042,-1.079
145.134,-4.119,10.834,3.477,1.160,-0.951
145.167,-4.061,10.919,3.472,-0.194,-1.487
145.200,-4.050,10.928,3.471,0.034,-1.500
145.300,-4.038,10.936,3.471,0.387,-1.449
145.334,-3.952,10.963,3.467,-1.036,-1.085
145.367,-3.921,10.964,3.466,-0.560,-1.391
145.400,-3.905,10.962,3.466,0.135,-1.128
145.539,-3.890,10.960,3.465,0.694,-0.875
145.567,-3.784,10.904,3.462,-1.246,0.836
145.600,-3.774,10.892,3.462,-1.136,0.979
145.701,-3.764,10.880,3.461,-0.861,1.201
145.734,-3.728,10.791,3.460,-0.328,1.464
145.767,-3.723,10.759,3.460,0.244,1.480
145.800,-3.723,10.743,3.461,0.693,1.330
145.918,-3.723,10.727,3.462,1.043,1.078
145.934,-3.740,10.643,3.470,0.693,1.330
145.967,-3.750,10.622,3.473,0.926,1.180
146.000,-3.756,10.612,3.474,1.056,1.065
146.101,-3.762,10.604,3.476,1.185,0.920
146.134,-3.795,10.578,3.485,1.350,0.653
146.167,-3.802,10.578,3.488,1.429,0.457
146.200,-3.805,10.579,3.489,1.456,0.359
146.341,-3.809,10.585,3.490,1.486,0.205
146.367,-3.793,10.633,3.490,0.534,-1.402
146.400,-3.787,10.643,3.489,0.790,-1.275
146.540,-3.771,10.662,3.487,1.223,-0.868
146.567,-3.684,10.734,3.485,-0.757,-1.295
146.600,-3.669,10.744,3.486,-0.560,-1.392
146.740,-3.653,10.752,3.486,-0.150,-1.493
146.767,-3.517,10.792,3.494,-1.374,-0.601
146.800,-3.501,10.792,3.495,-1.325,-0.703
146.934,-3.470,10.790,3.498,-0.703,-0.906
146.967,-3.388,10.753,3.500,-1.074,0.688
147.000,-3.380,10.745,3.499,-0.119,0.531
147.142,-3.367,10.726,3.498,0.920,0.298
147.167,-3.358,10.648,3.495,0.564,1.390
147.200,-3.361,10.636,3.495,0.794,1.273
147.340,-3.370,10.615,3.496,1.199,0.901
147.367,-3.423,10.562,3.502,1.277,0.787
147.400,-3.432,10.557,3.503,1.322,0.708
147.541,-3.449,10.552,3.506,1.405,0.526
147.567,-3.495,10.563,3.514,1.492,-0.155
147.600,-3.499,10.568,3.515,1.493,-0.148
147.741,-3.501,10.574,3.515,1.495,-0.122
147.767,-3.486,10.640,3.514,0.714,-1.319
147.800,-3.479,10.650,3.513,0.905,-1.197
147.943,-3.471,10.660,3.512,1.121,-0.997
147.967,-3.371,10.725,3.506,-1.056,-1.066
148.000,-3.355,10.730,3.505,-0.931,-1.176
148.141,-3.322,10.739,3.504,-0.189,-1.422
148.167,-3.198,10.738,3.505,-1.484,-0.217
148.201,-3.165,10.729,3.505,-0.782,-0.215
148.342,-3.165,10.729,3.505,-0.782,-0.215
148.367,-3.062,10.659,3.505,-1.066,1.055
148.400,-3.053,10.648,3.505,-0.876,1.218
148.543,-3.039,10.624,3.504,0.087,1.317
148.567,-3.025,10.543,3.505,0.181,1.489
148.600,-3.027,10.533,3.505,0.389,1.449
148.742,-3.034,10.515,3.505,0.896,1.203
148.768,-3.083,10.481,3.503,1.314,0.724
148.800,-3.091,10.480,3.503,1.364,0.624
148.934,-3.100,10.480,3.503,1.403,0.529
148.967,-3.162,10.520,3.501,1.441,-0.418
149.000,-3.168,10.529,3.501,1.450,-0.384
149.097,-3.172,10.539,3.501,1.465,-0.322
149.100,-3.181,10.583,3.500,0.972,-1.142
149.134,-3.179,10.607,3.500,0.984,-1.132
149.167,-3.173,10.631,3.499,1.174,-0.934
149.200,-3.168,10.643,3.499,1.248,-0.832
149.331,-3.163,10.654,3.499,1.338,-0.678
149.334,-3.120,10.703,3.498,-0.593,-1.378
149.367,-3.083,10.724,3.496,-0.577,-1.384
149.400,-3.070,10.729,3.495,-0.311,-1.468
149.531,-3.055,10.733,3.494,0.199,-1.487
149.534,-3.009,10.738,3.491,-1.463,-0.332
149.567,-2.929,10.725,3.487,-1.500,0.037
149.600,-2.913,10.719,3.486,-1.499,0.051
149.722,-2.898,10.712,3.485,-1.024,0.018
149.734,-2.823,10.652,3.480,-1.031,1.090
149.767,-2.805,10.627,3.479,-0.733,1.309
149.800,-2.798,10.615,3.479,-0.292,1.471
149.899,-2.791,10.602,3.478,0.343,1.404
149.901,-2.786,10.589,3.478,0.150,1.493
149.934,-2.777,10.528,3.479,0.443,1.433
149.967,-2.780,10.508,3.480,0.949,1.161
150.000,-2.783,10.499,3.480,1.148,0.965
150.090,-2.787,10.491,3.480,1.300,0.749
150.100,-2.808,10.468,3.482,1.288,0.769
150.134,-2.821,10.463,3.484,1.382,0.583
150.167,-2.833,10.462,3.486,1.451,0.382
150.200,-2.839,10.463,3.487,1.472,0.290
150.318,-2.845,10.466,3.488,1.483,0.225
150.334,-2.865,10.498,3.492,1.331,-0.693
150.367,-2.865,10.515,3.493,1.404,-0.528
150.400,-2.864,10.524,3.494,1.425,-0.468
150.506,-2.862,10.533,3.494,1.454,-0.369
150.534,-2.824,10.591,3.494,0.010,-1.500
150.567,-2.803,10.609,3.494,0.552,-1.395
150.600,-2.791,10.618,3.493,0.818,-1.257
150.731,-2.778,10.625,3.493,1.116,-1.002
150.734,-2.717,10.649,3.491,-1.294,-0.759
150.767,-2.648,10.660,3.489,-1.384,-0.580
150.800,-2.630,10.661,3.488,-1.325,-0.703
150.943,-2.612,10.660,3.488,-1.149,-0.964
150.967,-2.473,10.619,3.491,-1.394,0.554
151.000,-2.458,10.611,3.491,-1.354,0.645
151.116,-2.443,10.601,3.492,-1.273,0.793
151.134,-2.377,10.536,3.496,-0.923,1.182
151.167,-2.363,10.514,3.497,-0.583,1.382
151.200,-2.358,10.503,3.498,-0.224,1.483
151.323,-2.354,10.492,3.499,0.342,1.460
151.334,-2.350,10.440,3.502,0.527,1.404
151.367,-2.356,10.429,3.502,0.891,1.207
151.400,-2.360,10.425,3.502,1.078,1.043
151.520,-2.365,10.422,3.502,1.231,0.857
151.534,-2.403,10.427,3.502,1.499,-0.067
151.567,-2.417,10.437,3.501,1.497,-0.087
151.600,-2.423,10.444,3.501,1.496,-0.103
151.719,-2.429,10.452,3.501,1.497,-0.088
151.734,-2.452,10.515,3.502,0.990,-1.127
151.767,-2.453,10.540,3.502,1.149,-0.964
151.800,-2.451,10.552,3.503,1.219,-0.874
151.919,-2.449,10.565,3.503,1.308,-0.735
151.934,-2.414,10.635,3.504,-0.403,-1.445
151.967,-2.395,10.654,3.504,-0.067,-1.498
152.000,-2.384,10.662,3.504,0.181,-1.489
152.137,-2.373,10.669,3.504,0.551,-1.395
152.167,-2.260,10.691,3.497,-1.410,-0.513
152.200,-2.246,10.689,3.496,-1.368,-0.616
152.332,-2.231,10.686,3.495,-1.247,-0.834
152.334,-2.216,10.681,3.495,-1.491,-0.162
152.367,-2.128,10.623,3.489,-1.176,0.931
152.400,-2.109,10.600,3.488,-0.535,1.319
152.518,-2.101,10.587,3.488,0.223,0.910
152.534,-2.075,10.522,3.488,-0.182,1.489
152.567,-2.072,10.497,3.489,0.181,1.489
152.600,-2.072,10.484,3.490,0.448,1.432
152.745,-2.075,10.462,3.491,1.026,1.094
152.767,-2.108,10.411,3.494,1.134,0.981
152.800,-2.115,10.407,3.495,1.239,0.845
152.938,-2.122,10.405,3.495,1.326,0.702
152.967,-2.170,10.425,3.498,1.483,-0.225
153.000,-2.174,10.432,3.498,1.484,-0.218
153.144,-2.177,10.440,3.498,1.489,-0.185
153.167,-2.166,10.525,3.496,0.301,-1.469
153.200,-2.160,10.537,3.495,0.467,-1.425
153.339,-2.153,10.549,3.495,0.697,-1.328
153.367,-2.061,10.631,3.491,-0.790,-1.275
153.400,-2.046,10.638,3.491,-0.643,-1.355
153.549,-2.031,10.645,3.491,-0.348,-1.459
153.567,-1.907,10.661,3.492,-1.368,-0.615
153.600,-1.894,10.658,3.493,-1.289,-0.767
153.735,-1.880,10.654,3.493,-0.869,-0.922
153.767,-1.804,10.591,3.488,-0.796,1.271
153.800,-1.799,10.580,3.486,-0.509,1.411
153.927,-1.796,10.568,3.485,-0.053,1.499
153.934,-1.796,10.489,3.480,0.349,1.459
153.967,-1.805,10.463,3.480,0.683,1.335
154.000,-1.810,10.450,3.480,0.878,1.216
154.142,-1.817,10.438,3.480,1.073,1.048
154.168,-1.886,10.367,3.488,1.249,0.830
154.200,-1.895,10.362,3.489,1.302,0.745
154.348,-1.912,10.356,3.492,1.396,0.549
154.367,-1.951,10.365,3.498,1.500,-0.015
154.400,-1.953,10.370,3.498,1.500,-0.036
154.553,-1.955,10.376,3.498,1.500,-0.033
154.567,-1.926,10.446,3.491,-0.017,-1.500
154.600,-1.918,10.456,3.490,0.233,-1.482
154.752,-1.908,10.466,3.489,0.590,-1.379
154.767,-1.797,10.540,3.483,-1.020,-1.100
154.800,-1.781,10.547,3.483,-0.910,-1.192
154.953,-1.764,10.553,3.484,-0.665,-1.345
154.967,-1.635,10.569,3.491,-1.491,-0.166
155.000,-1.621,10.567,3.492,-1.487,-0.200
155.146,-1.608,10.563,3.493,-1.475,-0.273
155.167,-1.538,10.507,3.492,-1.098,1.022
155.200,-1.534,10.497,3.491,-0.811,1.262
155.349,-1.529,10.476,3.489,0.492,0.923
155.367,-1.547,10.402,3.484,0.814,1.260
155.400,-1.554,10.393,3.484,0.962,1.151
155.525,-1.561,10.385,3.484,1.111,1.008
155.534,-1.622,10.352,3.484,1.380,0.587
155.567,-1.645,10.349,3.484,1.427,0.463
155.600,-1.656,10.349,3.485,1.449,0.389
155.744,-1.667,10.350,3.486,1.464,0.324
155.767,-1.734,10.392,3.489,1.364,-0.623
155.800,-1.739,10.400,3.489,1.386,-0.573
155.940,-1.742,10.409,3.489,1.414,-0.500
155.967,-1.730,10.490,3.488,0.661,-1.346
156.000,-1.723,10.500,3.487,0.819,-1.257
156.099,-1.716,10.509,3.487,1.014,-1.105
156.100,-1.697,10.526,3.486,-0.055,-1.499
156.134,-1.650,10.551,3.482,-0.475,-1.423
156.167,-1.622,10.559,3.480,0.275,-1.475
156.200,-1.607,10.561,3.479,0.698,-1.298
156.347,-1.591,10.563,3.479,1.113,-0.977
156.367,-1.466,10.536,3.472,-1.469,0.304
156.400,-1.452,10.527,3.471,-1.454,0.369
156.549,-1.423,10.508,3.470,-0.564,0.386
156.567,-1.340,10.413,3.470,-0.776,1.283
156.600,-1.331,10.398,3.470,-0.528,1.404
156.733,-1.315,10.367,3.472,0.337,1.462
156.735,-1.308,10.352,3.474,0.038,1.500
156.767,-1.286,10.269,3.484,0.097,1.497
156.800,-1.285,10.258,3.486,0.313,1.467
156.954,-1.285,10.247,3.488,0.588,1.380
156.967,-1.309,10.199,3.495,1.124,0.993
157.000,-1.314,10.198,3.495,1.207,0.891
157.133,-1.319,10.198,3.495,1.282,0.778
157.135,-1.324,10.199,3.496,1.407,0.519
157.167,-1.354,10.236,3.497,1.413,-0.502
157.200,-1.357,10.245,3.497,1.433,-0.443
157.325,-1.359,10.255,3.497,1.458,-0.352
157.334,-1.352,10.328,3.498,0.571,-1.387
157.367,-1.342,10.354,3.499,0.845,-1.239
157.400,-1.335,10.367,3.499,0.988,-1.129
157.481,-1.328,10.380,3.499,1.159,-0.952
157.500,-1.288,10.427,3.500,-0.685,-1.335
157.534,-1.263,10.447,3.499,-0.347,-1.459
157.567,-1.235,10.463,3.499,0.281,-1.473
157.600,-1.220,10.470,3.499,0.742,-1.304
157.726,-1.205,10.475,3.499,1.111,-1.008
157.734,-1.111,10.488,3.496,-1.487,-0.193
157.767,-1.080,10.483,3.496,-1.482,-0.229
157.800,-1.065,10.479,3.495,-1.468,-0.310
157.956,-1.050,10.474,3.495,-0.799,-0.345
157.967,-0.955,10.402,3.493,-1.003,1.115
158.000,-0.946,10.390,3.493,-0.911,1.192
158.130,-0.938,10.378,3.493,-0.749,1.300
158.134,-0.914,10.316,3.496,-0.275,1.475
158.167,-0.911,10.282,3.499,0.079,1.498
158.200,-0.912,10.271,3.500,0.414,1.442
158.352,-0.917,10.253,3.502,1.018,1.101
158.367,-0.957,10.215,3.505,1.332,0.690
158.400,-0.964,10.213,3.505,1.373,0.604
158.546,-0.972,10.213,3.505,1.408,0.516
158.567,-1.028,10.249,3.508,1.387,-0.572
158.600,-1.033,10.257,3.508,1.406,-0.523
158.735,-1.037,10.267,3.508,1.430,-0.452
158.767,-1.036,10.356,3.510,0.510,-1.410
158.800,-1.031,10.367,3.510,0.671,-1.342
158.940,-1.025,10.378,3.510,0.877,-1.217
158.967,-0.944,10.446,3.508,-0.760,-1.293
159.000,-0.930,10.451,3.508,-0.587,-1.380
159.134,-0.902,10.458,3.506,0.187,-1.488
159.167,-0.799,10.448,3.502,-1.497,-0.089
159.200,-0.785,10.442,3.502,-1.497,-0.091
159.314,-0.772,10.435,3.501,-0.657,-0.110
159.334,-0.708,10.375,3.497,-0.998,1.120
159.367,-0.694,10.350,3.495,-0.442,1.433
159.400,-0.688,10.336,3.494,0.282,1.370
159.536,-0.684,10.323,3.494,0.810,0.965
159.567,-0.685,10.218,3.496,0.565,1.389
159.600,-0.689,10.207,3.496,0.740,1.305
159.695,-0.694,10.197,3.497,0.931,1.176
159.700,-0.717,10.166,3.501,1.004,1.114
159.734,-0.730,10.157,3.503,1.225,0.866
159.767,-0.743,10.151,3.505,1.377,0.594
159.800,-0.750,10.150,3.506,1.424,0.470
159.875,-0.756,10.150,3.507,1.454,0.369
159.900,-0.774,10.161,3.511,1.488,-0.187
159.934,-0.778,10.171,3.511,1.492,-0.153
159.967,-0.780,10.185,3.512,1.492,-0.156
160.000,-0.779,10.193,3.512,1.490,-0.172
160.132,-0.777,10.202,3.511,1.494,-0.129
160.134,-0.774,10.211,3.511,1.269,-0.800
160.167,-0.725,10.279,3.507,-0.023,-1.500
160.200,-0.714,10.289,3.506,0.275,-1.474
160.335,-0.701,10.298,3.505,0.696,-1.329
160.367,-0.573,10.352,3.500,-1.262,-0.810
160.400,-0.555,10.356,3.499,-1.192,-0.910
160.511,-0.536,10.358,3.499,-1.049,-1.072
160.534,-0.430,10.354,3.501,-1.498,-0.068
160.567,-0.399,10.345,3.502,-1.499,-0.063
160.600,-0.384,10.339,3.502,-1.001,-0.181
160.685,-0.371,10.332,3.502,-0.160,-0.189
160.700,-0.324,10.299,3.503,-1.018,0.778
160.734,-0.307,10.280,3.502,0.237,0.521
160.767,-0.295,10.259,3.502,0.934,0.375
160.800,-0.290,10.249,3.502,1.175,0.175
160.940,-0.287,10.238,3.502,1.378,0.045
160.967,-0.291,10.163,3.516,0.727,1.312
161.000,-0.293,10.156,3.519,0.955,1.157
161.143,-0.299,10.144,3.526,1.314,0.723
161.167,-0.309,10.121,3.549,1.352,0.649
161.200,-0.309,10.121,3.552,1.454,0.367
161.336,-0.307,10.122,3.555,1.490,0.174
161.367,-0.268,10.155,3.568,-0.090,-1.497
161.400,-0.259,10.163,3.568,0.281,-1.473
161.520,-0.240,10.180,3.569,0.863,-1.227
161.534,-0.175,10.229,3.573,-0.954,-1.158
161.567,-0.145,10.250,3.575,-0.696,-1.329
161.600,-0.129,10.259,3.577,-0.461,-1.427
161.714,-0.113,10.269,3.579,-0.127,-1.495
161.734,-0.020,10.311,3.593,-1.231,-0.857
161.767,0.008,10.319,3.597,-1.040,-1.081
161.800,0.021,10.321,3.599,-0.809,-1.263
161.876,0.033,10.323,3.600,-0.465,-1.426
161.900,0.073,10.318,3.603,-1.220,-0.873
161.934,0.087,10.310,3.602,-0.387,-1.277
161.967,0.097,10.298,3.600,0.514,-1.102
162.000,0.101,10.290,3.598,0.812,-1.196
162.113,0.103,10.282,3.596,0.977,-1.139
162.134,0.098,10.214,3.583,1.042,1.079
162.167,0.090,10.186,3.579,1.439,0.425
162.200,0.081,10.155,3.577,1.500,-0.017
162.324,0.076,10.139,3.576,1.474,-0.278
162.334,0.055,10.054,3.578,0.614,1.369
162.367,0.050,10.021,3.581,0.829,1.250
162.400,0.048,10.005,3.582,1.013,1.107
162.509,0.047,9.989,3.583,1.217,0.876
162.534,0.060,9.909,3.590,0.245,1.480
162.567,0.071,9.888,3.590,0.658,1.348
162.600,0.078,9.880,3.590,1.036,1.085
162.721,0.086,9.872,3.589,1.355,0.562
162.734,0.144,9.848,3.581,-1.362,0.628
162.767,0.168,9.849,3.577,-0.725,-0.045
162.800,0.180,9.851,3.575,-0.181,-0.584
162.933,0.205,9.858,3.571,0.567,-1.031
162.934,0.217,9.863,3.570,-1.009,-1.109
162.967,0.291,9.913,3.565,-0.803,-1.267
163.000,0.302,9.923,3.566,-0.594,-1.378
163.141,0.321,9.944,3.567,-0.038,-1.500
163.167,0.365,10.013,3.576,-0.402,-1.445
163.200,0.367,10.020,3.578,-0.246,-1.480
163.343,0.370,10.033,3.580,0.138,-1.494
163.367,0.355,10.049,3.579,0.865,-1.226
163.400,0.350,10.047,3.578,0.920,-1.185
163.502,0.345,10.044,3.577,0.947,-1.163
163.534,0.308,10.002,3.568,1.488,0.186
163.567,0.296,9.980,3.565,1.489,-0.180
163.600,0.291,9.967,3.564,1.465,-0.320
163.702,0.286,9.954,3.562,1.408,-0.517
163.734,0.270,9.860,3.555,0.712,1.320
163.767,0.271,9.827,3.553,1.055,1.066
163.800,0.277,9.793,3.551,1.338,0.677
163.927,0.281,9.776,3.551,1.476,0.268
163.934,0.317,9.699,3.547,-0.440,1.434
163.967,0.337,9.673,3.545,-0.298,1.470
164.000,0.349,9.661,3.544,-0.148,1.493
164.123,0.361,9.649,3.543,0.204,1.486
164.134,0.445,9.603,3.536,-1.289,0.767
164.167,0.474,9.596,3.534,-1.319,0.715
164.200,0.502,9.593,3.532,-1.124,0.546
164.346,0.502,9.593,3.532,-1.124,0.546
164.367,0.593,9.621,3.524,-1.217,-0.877
164.400,0.607,9.636,3.521,-0.961,-1.152
164.517,0.612,9.644,3.520,-0.626,-1.304
164.534,0.624,9.693,3.514,-0.047,-1.499
164.567,0.621,9.713,3.512,0.171,-1.490
164.600,0.617,9.722,3.512,0.325,-1.464
164.729,0.613,9.732,3.511,0.496,-1.416
164.734,0.569,9.775,3.509,0.954,-1.158
164.767,0.550,9.782,3.508,1.078,-1.043
164.800,0.540,9.784,3.508,1.174,-0.933
164.948,0.520,9.786,3.508,1.285,-0.774
164.967,0.461,9.758,3.509,1.454,0.368
165.000,0.450,9.741,3.508,1.454,0.368
165.144,0.445,9.732,3.507,1.470,0.301
165.167,0.445,9.650,3.501,0.532,1.403
165.200,0.449,9.637,3.500,0.593,1.378
165.347,0.454,9.624,3.499,0.742,1.303
165.367,0.534,9.539,3.492,-0.750,1.299
165.400,0.561,9.524,3.490,-0.521,1.407
165.549,0.575,9.519,3.489,-0.267,1.476
165.567,0.679,9.508,3.486,-1.471,0.296
165.600,0.707,9.515,3.485,-1.405,0.526
165.748,0.707,9.515,3.485,-1.405,0.526
165.768,0.785,9.578,3.479,-1.088,-1.033
165.800,0.791,9.589,3.478,-1.095,-1.025
165.943,0.795,9.601,3.477,-1.074,-1.047
165.967,0.790,9.697,3.470,0.197,-1.487
166.000,0.784,9.708,3.470,0.431,-1.437
166.146,0.778,9.718,3.470,0.627,-1.171
166.167,0.700,9.769,3.466,1.351,-0.651
166.200,0.676,9.772,3.465,1.400,-0.537
166.310,0.676,9.772,3.465,1.400,-0.537
166.334,0.609,9.754,3.465,1.483,0.224
166.367,0.591,9.740,3.465,1.474,0.278
166.400,0.583,9.732,3.465,1.483,0.227
166.499,0.576,9.724,3.465,1.485,0.213
166.500,0.569,9.714,3.466,1.210,0.887
166.535,0.553,9.663,3.466,0.986,1.130
166.567,0.554,9.641,3.467,1.075,1.046
166.600,0.556,9.631,3.467,1.173,0.935
166.713,0.559,9.621,3.467,1.267,0.803
166.734,0.600,9.571,3.468,-0.755,1.296
166.767,0.620,9.560,3.468,-0.541,1.399
166.800,0.632,9.557,3.467,-0.344,1.214
166.923,0.644,9.554,3.467,0.031,0.818
166.934,0.727,9.558,3.464,-1.492,-0.158
166.967,0.756,9.569,3.464,-1.466,-0.317
167.000,0.770,9.575,3.463,-1.248,-0.582
167.146,0.796,9.592,3.463,-0.315,-0.540
167.167,0.866,9.672,3.465,-0.759,-1.294
167.201,0.878,9.698,3.466,-0.422,-1.439
167.349,0.878,9.698,3.466,-0.422,-1.439
167.367,0.884,9.786,3.474,0.156,-1.492
167.401,0.877,9.801,3.475,0.371,-1.454
167.526,0.872,9.807,3.476,0.480,-1.421
167.534,0.838,9.822,3.476,1.091,-1.029
167.567,0.821,9.820,3.476,1.161,-0.949
167.600,0.813,9.817,3.476,1.135,-0.980
167.716,0.805,9.814,3.475,1.119,-0.999
167.734,0.759,9.770,3.475,1.349,0.656
167.767,0.748,9.748,3.475,1.436,0.432
167.800,0.744,9.736,3.475,1.486,0.205
167.925,0.741,9.723,3.475,1.499,-0.044
167.934,0.740,9.639,3.475,0.147,1.493
167.967,0.748,9.610,3.475,0.288,1.472
168.000,0.754,9.596,3.475,0.443,1.433
168.146,0.761,9.583,3.475,0.731,1.310
168.168,0.846,9.501,3.475,-1.155,0.957
168.200,0.859,9.494,3.474,-1.208,0.890
168.333,0.873,9.489,3.474,-1.257,0.819
168.335,0.887,9.485,3.474,-1.404,0.528
168.367,0.981,9.485,3.476,-1.476,-0.266
168.400,0.993,9.490,3.477,-1.415,-0.498
168.522,1.015,9.501,3.477,-1.057,-1.064
168.534,1.054,9.541,3.479,-0.738,-1.306
168.567,1.063,9.560,3.479,-0.431,-1.437
168.600,1.066,9.570,3.480,-0.249,-1.479
168.709,1.068,9.580,3.480,-0.062,-1.499
168.734,1.057,9.632,3.485,0.368,-1.454
168.767,1.046,9.645,3.487,0.482,-1.420
168.800,1.040,9.650,3.487,0.545,-1.397
168.932,1.033,9.654,3.488,0.581,-1.383
168.934,1.025,9.658,3.489,0.888,-1.209
168.967,0.967,9.652,3.493,1.345,-0.665
169.000,0.959,9.647,3.494,1.303,-0.743
169.137,0.952,9.640,3.494,1.230,-0.859
169.167,0.914,9.557,3.493,1.245,0.836
169.200,0.912,9.543,3.492,1.369,0.614
169.335,0.912,9.528,3.492,1.472,0.287
169.367,0.949,9.407,3.488,-0.230,1.482
169.400,0.958,9.393,3.488,-0.174,1.490
169.525,0.969,9.379,3.487,0.020,1.436
169.534,1.047,9.312,3.485,-1.181,0.925
169.567,1.077,9.296,3.484,-1.263,0.809
169.600,1.092,9.290,3.484,-1.365,0.622
169.746,1.107,9.286,3.484,-1.464,0.328
169.767,1.218,9.284,3.486,-1.465,-0.323
169.800,1.229,9.288,3.486,-1.393,-0.557
169.948,1.239,9.293,3.486,-1.266,-0.804
169.967,1.281,9.353,3.483,-0.468,-1.425
170.000,1.282,9.362,3.482,-0.331,-1.463
170.135,1.281,9.370,3.482,-0.207,-1.486
170.167,1.239,9.426,3.480,0.839,-1.243
170.200,1.230,9.430,3.480,0.813,-1.260
170.344,1.210,9.435,3.480,0.745,-1.302
170.367,1.134,9.421,3.481,1.484,-0.217
170.400,1.123,9.415,3.482,1.456,-0.360
170.520,1.114,9.408,3.482,1.396,-0.549
170.534,1.070,9.347,3.482,1.140,0.975
170.567,1.063,9.321,3.481,1.346,0.662
170.600,1.061,9.307,3.481,1.448,0.391
170.738,1.060,9.294,3.480,1.499,-0.063
170.767,1.092,9.187,3.478,0.603,1.373
170.800,1.100,9.176,3.477,0.694,0.699
170.946,1.110,9.165,3.477,0.706,-0.062
170.967,1.217,9.113,3.468,-1.457,0.357
171.000,1.233,9.111,3.467,-1.496,0.107
171.144,1.250,9.110,3.465,-1.482,-0.231
171.167,1.385,9.138,3.464,-1.337,-0.681
171.200,1.400,9.145,3.465,-1.266,-0.804
171.325,1.415,9.152,3.466,-1.155,-0.957
171.334,1.489,9.204,3.476,-1.129,-0.988
171.367,1.506,9.221,3.479,-0.934,-1.174
171.400,1.514,9.229,3.481,-0.798,-1.270
171.497,1.520,9.237,3.483,-0.637,-1.358
171.500,1.533,9.262,3.489,-0.460,-1.428
171.534,1.534,9.269,3.492,-0.261,-1.477
171.567,1.531,9.273,3.493,-0.059,-1.499
171.600,1.528,9.274,3.493,0.036,-1.500
171.722,1.524,9.273,3.493,0.100,-1.497
171.734,1.486,9.248,3.488,1.496,0.104
171.768,1.469,9.231,3.485,1.428,-0.460
171.800,1.461,9.221,3.484,1.318,-0.715
171.941,1.452,9.210,3.483,1.120,-0.998
171.967,1.388,9.090,3.479,1.038,1.083
172.000,1.382,9.072,3.480,1.141,0.974
172.100,1.377,9.055,3.480,1.300,0.749
172.134,1.367,8.949,3.487,0.373,1.453
172.167,1.372,8.916,3.489,0.566,1.389
172.200,1.376,8.901,3.490,0.832,1.248
172.339,1.380,8.886,3.491,0.774,0.365
172.367,1.446,8.799,3.494,-1.019,1.101
172.400,1.458,8.792,3.493,-1.156,0.955
172.526,1.469,8.787,3.493,-1.337,0.680
172.534,1.543,8.778,3.492,-1.485,-0.208
172.567,1.567,8.784,3.493,-1.392,-0.558
172.600,1.579,8.788,3.493,-1.275,-0.791
172.736,1.589,8.793,3.493,-1.081,-1.040
172.767,1.649,8.858,3.499,-0.768,-1.289
172.800,1.652,8.868,3.500,-0.665,-1.345
172.931,1.654,8.877,3.501,-0.549,-1.396
172.935,1.654,8.902,3.503,-0.181,-1.489
172.967,1.634,8.933,3.506,0.367,-1.454
173.000,1.628,8.936,3.507,0.372,-1.453
173.129,1.620,8.939,3.507,0.353,-1.458
173.134,1.566,8.933,3.504,1.422,-0.479
173.167,1.545,8.922,3.503,1.285,-0.775
173.200,1.535,8.915,3.502,1.182,-0.923
173.301,1.525,8.907,3.501,1.025,-1.095
173.334,1.475,8.838,3.497,1.258,0.817
173.367,1.463,8.808,3.496,1.457,0.355
173.400,1.455,8.777,3.495,1.451,-0.381
173.535,1.455,8.777,3.495,1.451,-0.381
173.567,1.465,8.647,3.492,-0.100,1.497
173.600,1.471,8.632,3.491,-0.078,1.498
173.732,1.478,8.617,3.491,0.003,1.500
173.734,1.495,8.590,3.490,-0.769,1.288
173.767,1.566,8.528,3.486,-1.213,0.882
173.800,1.580,8.521,3.486,-1.378,0.594
173.919,1.594,8.514,3.485,-1.473,0.072
173.934,1.675,8.499,3.486,-1.498,-0.071
173.967,1.698,8.501,3.486,-1.392,-0.558
174.000,1.709,8.504,3.487,-1.234,-0.853
174.109,1.719,8.508,3.487,-0.984,-1.132
174.134,1.757,8.543,3.488,-0.806,-1.265
174.167,1.762,8.557,3.489,-0.478,-1.422
174.200,1.762,8.564,3.489,-0.325,-1.464
174.352,1.761,8.571,3.489,-0.202,-1.486
174.367,1.722,8.610,3.492,0.973,-1.141
174.400,1.713,8.611,3.492,0.903,-1.198
174.521,1.704,8.611,3.493,0.808,-1.264
174.534,1.645,8.592,3.494,1.462,-0.338
174.567,1.625,8.577,3.494,1.342,-0.671
174.600,1.616,8.568,3.494,1.246,-0.836
174.724,1.608,8.558,3.494,1.083,-1.038
174.734,1.571,8.482,3.493,0.830,1.250
174.767,1.567,8.453,3.493,1.057,1.064
174.800,1.566,8.437,3.492,1.242,0.841
174.913,1.566,8.422,3.492,1.267,0.218
174.934,1.591,8.328,3.491,-0.383,1.450
174.967,1.608,8.299,3.491,-0.458,1.428
175.000,1.617,8.286,3.491,-0.535,1.195
175.121,1.628,8.273,3.492,-0.279,0.274
175.134,1.701,8.215,3.492,-1.333,0.687
175.167,1.728,8.204,3.493,-1.452,0.378
175.200,1.741,8.200,3.493,-1.500,-0.012
175.324,1.754,8.196,3.494,-1.413,-0.504
175.334,1.819,8.199,3.498,-1.412,-0.505
175.367,1.835,8.206,3.499,-1.245,-0.836
175.400,1.842,8.211,3.499,-1.094,-1.026
175.516,1.851,8.221,3.500,-0.694,-1.330
175.534,1.857,8.254,3.502,-0.158,-1.492
175.567,1.852,8.266,3.502,-0.056,-1.499
175.600,1.848,8.271,3.503,0.002,-1.500
175.711,1.843,8.277,3.503,0.037,-1.500
175.734,1.793,8.293,3.505,1.089,-1.032
175.767,1.773,8.291,3.505,0.914,-1.190
175.800,1.762,8.289,3.505,0.833,-1.247
175.946,1.740,8.281,3.505,0.651,-1.351
175.967,1.671,8.222,3.505,1.406,0.524
176.000,1.663,8.210,3.505,1.467,0.311
176.147,1.656,8.197,3.505,1.499,-0.049
176.167,1.638,8.073,3.500,0.428,1.438
176.200,1.641,8.057,3.499,0.522,1.406
176.350,1.644,8.041,3.499,0.712,1.320
176.367,1.708,7.931,3.493,-0.822,1.255
176.400,1.732,7.913,3.491,-1.112,1.006
176.549,1.732,7.913,3.491,-1.112,1.006
176.567,1.833,7.880,3.486,-1.500,0.015
176.600,1.844,7.881,3.486,-1.485,-0.210
176.732,1.856,7.883,3.485,-1.411,-0.508
176.734,1.885,7.895,3.484,-1.272,-0.796
176.767,1.915,7.931,3.480,-0.900,-1.200
176.800,1.918,7.940,3.479,-0.748,-1.300
176.914,1.921,7.959,3.477,-0.442,-1.433
176.934,1.909,8.006,3.475,0.046,-1.499
176.967,1.896,8.022,3.475,0.126,-1.495
177.000,1.889,8.029,3.475,0.168,-1.491
177.108,1.881,8.036,3.475,0.171,-1.490
177.134,1.820,8.055,3.474,1.144,-0.970
177.167,1.797,8.053,3.474,0.967,-1.147
177.200,1.786,8.051,3.474,0.884,-1.212
177.321,1.775,8.047,3.474,0.756,-1.296
177.334,1.717,8.004,3.473,1.425,0.470
177.367,1.702,7.982,3.472,1.500,-0.019
177.400,1.697,7.970,3.472,1.461,-0.342
177.550,1.692,7.956,3.471,1.293,-0.761
177.567,1.688,7.836,3.465,0.183,1.489
177.600,1.693,7.820,3.464,0.225,1.483
177.718,1.698,7.805,3.463,0.358,1.457
177.734,1.753,7.720,3.461,-0.962,1.151
177.767,1.777,7.697,3.461,-1.135,0.980
177.800,1.790,7.686,3.461,-1.334,0.685
177.952,1.803,7.677,3.461,-1.205,0.067
177.967,1.909,7.635,3.470,-1.500,0.027
178.000,1.920,7.634,3.472,-1.483,-0.226
178.124,1.930,7.634,3.473,-1.409,-0.515
178.134,1.974,7.654,3.478,-1.068,-1.053
178.167,1.981,7.665,3.478,-0.777,-1.283
178.200,1.982,7.672,3.478,-0.609,-1.371
178.325,1.983,7.679,3.478,-0.455,-1.429
178.334,1.962,7.720,3.480,0.548,-1.396
178.367,1.948,7.731,3.481,0.490,-1.418
178.400,1.939,7.736,3.482,0.459,-1.428
178.528,1.930,7.740,3.482,0.404,-1.444
178.534,1.865,7.744,3.487,1.432,-0.446
178.567,1.842,7.738,3.488,1.335,-0.684
178.600,1.831,7.733,3.489,1.250,-0.830
178.750,1.821,7.727,3.489,1.112,-1.007
178.767,1.760,7.647,3.491,1.387,0.571
178.800,1.756,7.633,3.491,1.460,0.344
178.927,1.753,7.620,3.491,1.499,-0.066
178.934,1.760,7.531,3.488,0.351,1.458
178.967,1.771,7.502,3.487,0.287,0.752
179.000,1.778,7.488,3.486,0.216,0.110
179.121,1.795,7.462,3.486,0.177,-0.786
179.134,1.854,7.408,3.485,-1.283,0.777
179.167,1.881,7.393,3.485,-1.417,0.492
179.200,1.896,7.387,3.485,-1.495,0.120
179.352,1.910,7.382,3.486,-1.451,-0.380
179.367,2.022,7.376,3.496,-1.447,-0.394
179.400,2.033,7.379,3.498,-1.397,-0.547
179.553,2.054,7.387,3.501,-1.173,-0.934
179.567,2.097,7.427,3.510,-0.798,-1.270
179.600,2.099,7.433,3.511,-0.657,-1.348
179.748,2.100,7.439,3.512,-0.522,-1.406
179.767,2.070,7.471,3.517,0.448,-1.432
179.800,2.053,7.473,3.517,0.396,-1.447
179.929,2.044,7.472,3.517,0.336,-1.462
179.934,1.990,7.454,3.516,1.494,-0.135
179.967,1.967,7.440,3.515,1.419,-0.486
